{"PD_output_accuracy":{"0":0.0856911615,"1":0.0848943293,"2":0.0881828442,"3":0.0929132476,"4":0.0990349501,"5":0.1059281901,"6":0.1140609458,"7":0.1202711836,"8":0.1250015795,"9":0.124280639,"10":0.1270252913,"11":0.1267849803,"12":0.1289225072,"13":0.1301746815,"14":0.1302885115,"15":0.1341967881,"16":0.1360687166,"17":0.1357398629,"18":0.1396228373,"19":0.1422536522,"20":0.1462251693,"21":0.1471231878,"22":0.1505255401,"23":0.1512970775,"24":0.1517397612,"25":0.1550156325,"26":0.1554709524,"27":0.1543073356,"28":0.1558756977,"29":0.1570393294},"PD_output_auc":{"0":0.6454672217,"1":0.6580010653,"2":0.6772867441,"3":0.6988996267,"4":0.7215721607,"5":0.7435234785,"6":0.7636700273,"7":0.7800959349,"8":0.7922771573,"9":0.8010797501,"10":0.8090587854,"11":0.8158971667,"12":0.8223956227,"13":0.8285883069,"14":0.8341283798,"15":0.8399676085,"16":0.844656229,"17":0.8491947055,"18":0.8530315757,"19":0.8566411734,"20":0.8598623276,"21":0.8629714251,"22":0.8662149906,"23":0.8687448502,"24":0.8709225655,"25":0.8732416034,"26":0.875239253,"27":0.8771441579,"28":0.8787643909,"29":0.8805117011},"PD_output_loss":{"0":0.7492979169,"1":0.3709952831,"2":0.2384480983,"3":0.1900428385,"4":0.1698189974,"5":0.1600252539,"6":0.1543765217,"7":0.1505417228,"8":0.1479319036,"9":0.1459438503,"10":0.1442182511,"11":0.1426713169,"12":0.1411677897,"13":0.1397038102,"14":0.1383078694,"15":0.1369098872,"16":0.1356010735,"17":0.1343581825,"18":0.1331402957,"19":0.1319896281,"20":0.1308928579,"21":0.1299129426,"22":0.1288387924,"23":0.127933532,"24":0.1270148158,"25":0.1262564957,"26":0.1254226863,"27":0.1247086748,"28":0.124002479,"29":0.1233567968},"TD_output_accuracy":{"0":0.0112947905,"1":0.018871028,"2":0.0282306522,"3":0.0356424637,"4":0.0397404619,"5":0.0427760147,"6":0.0446479395,"7":0.0445973463,"8":0.0403349251,"9":0.03498476,"10":0.0299002081,"11":0.0257263202,"12":0.022754008,"13":0.0214133039,"14":0.0206291191,"15":0.0202370267,"16":0.0200726017,"17":0.0200346559,"18":0.0199461188,"19":0.0199081749,"20":0.0200093612,"21":0.0200346559,"22":0.0203508604,"23":0.0206417684,"24":0.0211097486,"25":0.0217800997,"26":0.0233105253,"27":0.0286986344,"28":0.0317341872,"29":0.0362495743},"TD_output_auc":{"0":0.4840717018,"1":0.5545988083,"2":0.6534312963,"3":0.7524183989,"4":0.8129338622,"5":0.8464416265,"6":0.8632804155,"7":0.8739088178,"8":0.8789993525,"9":0.8771921396,"10":0.8790458441,"11":0.8776250482,"12":0.8810970783,"13":0.8811083436,"14":0.8838142157,"15":0.8885933161,"16":0.8927886486,"17":0.8951126337,"18":0.8988778591,"19":0.902988553,"20":0.906883955,"21":0.9109841585,"22":0.915404439,"23":0.9192130566,"24":0.9225237966,"25":0.9253821373,"26":0.9282736182,"27":0.9311261773,"28":0.933570683,"29":0.9361589551},"TD_output_loss":{"0":0.47066468,"1":0.1993614435,"2":0.1162377596,"3":0.0825119689,"4":0.0658409968,"5":0.0564146638,"6":0.0504667684,"7":0.0464212671,"8":0.0436321087,"9":0.0416940711,"10":0.0402313173,"11":0.0390784927,"12":0.038139794,"13":0.0373643041,"14":0.0366558544,"15":0.0359889455,"16":0.0353796668,"17":0.0348069742,"18":0.0342521146,"19":0.0337568298,"20":0.0332955681,"21":0.0328000449,"22":0.0323864147,"23":0.0319512375,"24":0.0315545425,"25":0.0311880261,"26":0.0307718236,"27":0.030443253,"28":0.0300834198,"29":0.0298286565},"loss":{"0":0.5262839794,"1":0.2336569577,"2":0.1406694204,"3":0.1040220931,"4":0.0866290405,"5":0.0771286637,"6":0.0712486431,"7":0.0672505349,"8":0.0644951165,"9":0.062548466,"10":0.0610223562,"11":0.0598014481,"12":0.0587386601,"13":0.0578334853,"14":0.0569933988,"15":0.0561696291,"16":0.0554141514,"17":0.05471953,"18":0.0540216081,"19":0.0534007885,"20":0.0528284237,"21":0.0522234403,"22":0.0516769066,"23":0.0511482581,"24":0.0506538115,"25":0.0502099209,"26":0.049698703,"27":0.0492929518,"28":0.04886676,"29":0.048536893},"val_PD_output_accuracy":{"0":0.0757983476,"1":0.0769644752,"2":0.0827054158,"3":0.089702189,"4":0.0966092572,"5":0.1054897755,"6":0.1128453538,"7":0.1242375299,"8":0.1305166781,"9":0.1349120885,"10":0.1381413639,"11":0.1365267336,"12":0.1386795789,"13":0.1424470693,"14":0.1531216353,"15":0.1525834203,"16":0.1488159299,"17":0.1621815562,"18":0.1695371419,"19":0.1769824177,"20":0.1780588478,"21":0.1844276935,"22":0.1872084737,"23":0.1881951988,"24":0.2002152801,"25":0.1835306734,"26":0.190437749,"27":0.2020990252,"28":0.2030857503,"29":0.2017402202},"val_PD_output_auc":{"0":0.6246412992,"1":0.635114491,"2":0.6546319723,"3":0.6802974343,"4":0.7062214017,"5":0.7286332846,"6":0.7485386133,"7":0.7641153932,"8":0.7747378349,"9":0.7826881409,"10":0.7900676727,"11":0.796571672,"12":0.8018884659,"13":0.8089471459,"14":0.8159766197,"15":0.8206532598,"16":0.8253822327,"17":0.8306217194,"18":0.8352621198,"19":0.8397885561,"20":0.8438200951,"21":0.8471673727,"22":0.849748373,"23":0.8530913591,"24":0.8564089537,"25":0.8571354747,"26":0.8601840734,"27":0.8619709015,"28":0.8647542,"29":0.8667061329},"val_PD_output_loss":{"0":0.4985451102,"1":0.2895418108,"2":0.2186997384,"3":0.1910253465,"4":0.1789634079,"5":0.1726541072,"6":0.1684216261,"7":0.1654575616,"8":0.1633780748,"9":0.1617139429,"10":0.1602324396,"11":0.1588650346,"12":0.157539323,"13":0.1559733152,"14":0.1545084119,"15":0.1531683952,"16":0.1519128531,"17":0.1505702436,"18":0.1491329819,"19":0.1479569674,"20":0.1469022036,"21":0.1457761377,"22":0.1448151022,"23":0.1438429207,"24":0.1428524852,"25":0.1421111971,"26":0.1412879676,"27":0.1406766474,"28":0.1398884803,"29":0.1391216367},"val_TD_output_accuracy":{"0":0.0340868309,"1":0.0472730547,"2":0.0744528174,"3":0.0941872969,"4":0.1088984609,"5":0.1165231466,"6":0.12486545,"7":0.1236096174,"8":0.1185862944,"9":0.1137423739,"10":0.1054000705,"11":0.1026193053,"12":0.1000179425,"13":0.0990312174,"14":0.0980444923,"15":0.0980444923,"16":0.0980444923,"17":0.0978650898,"18":0.0979547873,"19":0.0979547873,"20":0.0978650898,"21":0.0979547873,"22":0.0983135998,"23":0.0984033048,"24":0.0984033048,"25":0.1022604927,"26":0.1027987078,"27":0.1041442379,"28":0.1105130985,"29":0.1162540391},"val_TD_output_auc":{"0":0.5117257833,"1":0.6109024882,"2":0.7071759701,"3":0.7769445181,"4":0.8225398064,"5":0.8487905264,"6":0.8620984554,"7":0.8692029715,"8":0.8748883605,"9":0.8764533997,"10":0.8767413497,"11":0.8819795847,"12":0.8836032748,"13":0.8860279918,"14":0.8835318089,"15":0.8896964788,"16":0.8950559497,"17":0.8984246254,"18":0.9005531669,"19":0.9036642313,"20":0.9070242047,"21":0.9111001492,"22":0.9128646255,"23":0.9160097241,"24":0.9177253842,"25":0.9221337438,"26":0.9224695563,"27":0.9235773683,"28":0.9270551205,"29":0.9281972647},"val_TD_output_loss":{"0":0.3370248079,"1":0.2115113437,"2":0.1767979115,"3":0.1639908999,"4":0.1578925252,"5":0.1539984494,"6":0.1520144492,"7":0.1503854096,"8":0.1491549611,"9":0.1488391012,"10":0.1471805573,"11":0.1472612023,"12":0.1467813402,"13":0.1446366906,"14":0.1419147998,"15":0.1412368566,"16":0.139915064,"17":0.1389257312,"18":0.1359591633,"19":0.1343096942,"20":0.1332013905,"21":0.1336614937,"22":0.1291483939,"23":0.1278250813,"24":0.1248260066,"25":0.1281328946,"26":0.1251080334,"27":0.1203870252,"28":0.1216069013,"29":0.119758524},"val_loss":{"0":0.3693642616,"1":0.2272126526,"2":0.1853111535,"3":0.169558093,"4":0.1622863263,"5":0.1579237431,"6":0.1555026323,"7":0.153615877,"8":0.1522224247,"9":0.1516412199,"10":0.1500218213,"11":0.1498165429,"12":0.1491701305,"13":0.1471427679,"14":0.1446749419,"15":0.143866539,"16":0.1425599754,"17":0.1415026039,"18":0.1388458312,"19":0.1372922808,"20":0.1361968964,"21":0.1363384426,"22":0.1325350851,"23":0.1312841475,"24":0.1286869794,"25":0.1311766952,"26":0.1285926402,"27":0.1246930063,"28":0.1255092323,"29":0.1238731965}}