{"PD_output_accuracy":{"0":0.1206000298,"1":0.1678534895,"2":0.1912272573,"3":0.1913537383,"4":0.1865980327,"5":0.1858644485,"6":0.1956161559,"7":0.1957300007,"8":0.1955529153,"9":0.1929094642,"10":0.1859403402,"11":0.1844605058,"12":0.1839798689,"13":0.1796289086,"14":0.1815767288,"15":0.1780605465,"16":0.1813870072,"17":0.1782755554,"18":0.1786170602,"19":0.178958565,"20":0.1783135086,"21":0.1775419712,"22":0.1794771254,"23":0.1782123148,"24":0.1796289086,"25":0.1801727861,"26":0.178465277,"27":0.1800463051,"28":0.179426536,"29":0.1786803007,"30":0.1789712012,"31":0.1791609228,"32":0.1793380082,"33":0.1795783192,"34":0.1797553897,"35":0.1778328717,"36":0.1785791069,"37":0.1798312813,"38":0.1796794981,"39":0.1788447201,"40":0.1788067818,"41":0.1804510355,"42":0.179553017,"43":0.1800589412,"44":0.1797933429,"45":0.1792621166,"46":0.1792874038,"47":0.1817537993,"48":0.1796415597,"49":0.1800589412},"PD_output_auc":{"0":0.670127213,"1":0.7608137131,"2":0.8137362003,"3":0.8375160694,"4":0.8492770195,"5":0.8581572175,"6":0.8651033044,"7":0.8713796139,"8":0.8768472075,"9":0.8815381527,"10":0.8852617741,"11":0.8888798356,"12":0.891838789,"13":0.8949698806,"14":0.8971972466,"15":0.8995898962,"16":0.901570797,"17":0.9033172131,"18":0.9049922228,"19":0.9062550068,"20":0.9081283212,"21":0.9091176987,"22":0.9103940725,"23":0.9115456343,"24":0.9126966,"25":0.9137628078,"26":0.9146257639,"27":0.9156640768,"28":0.9166581631,"29":0.9169368744,"30":0.9183238149,"31":0.9191663265,"32":0.9195179343,"33":0.9201610088,"34":0.9209077954,"35":0.9217561483,"36":0.9221938848,"37":0.9228292704,"38":0.9236952066,"39":0.9242755771,"40":0.924759984,"41":0.9250451326,"42":0.9259357452,"43":0.9262216091,"44":0.9268473387,"45":0.9272233248,"46":0.9281877279,"47":0.928570509,"48":0.9289140701,"49":0.9295130372},"PD_output_loss":{"0":0.3330549598,"1":0.165500775,"2":0.1440375447,"3":0.1374667287,"4":0.1340522766,"5":0.1314200908,"6":0.1291393042,"7":0.1270209402,"8":0.1250249445,"9":0.1232346222,"10":0.1215303019,"11":0.1199841872,"12":0.1185459793,"13":0.1171705946,"14":0.1160395145,"15":0.114904277,"16":0.1138623506,"17":0.1130072847,"18":0.1121045798,"19":0.1113846228,"20":0.1105049253,"21":0.1098817959,"22":0.1092602685,"23":0.1085808277,"24":0.1079546809,"25":0.1073976457,"26":0.1069106013,"27":0.1062935367,"28":0.1057733074,"29":0.105414778,"30":0.1049518734,"31":0.1043561399,"32":0.104039751,"33":0.1035502851,"34":0.1032338664,"35":0.1027646065,"36":0.1024167389,"37":0.1020192057,"38":0.1016546935,"39":0.1012340412,"40":0.1009348482,"41":0.1006915644,"42":0.1001430899,"43":0.0999021977,"44":0.0995499417,"45":0.0992857888,"46":0.0988654494,"47":0.0985066742,"48":0.0981846377,"49":0.0979353935},"TD_output_accuracy":{"0":0.0101691056,"1":0.0165943615,"2":0.0192378238,"3":0.019958768,"4":0.020123193,"5":0.0200726017,"6":0.0200346559,"7":0.0198702309,"8":0.0199208241,"9":0.0201484896,"10":0.0202370267,"11":0.0204773415,"12":0.020957971,"13":0.0219318774,"14":0.0221089516,"15":0.0239049885,"16":0.0271808561,"17":0.0264978576,"18":0.0299255028,"19":0.03498476,"20":0.0320503898,"21":0.0420297757,"22":0.0435854979,"23":0.046633698,"24":0.0494036414,"25":0.0480629392,"26":0.0523633063,"27":0.0634051338,"28":0.0616091006,"29":0.0749908313,"30":0.0658209324,"31":0.0739157423,"32":0.0889796764,"33":0.0854381993,"34":0.0908389539,"35":0.0905986428,"36":0.1005906686,"37":0.1254063249,"38":0.1062443927,"39":0.1066491306,"40":0.1432402134,"41":0.1047139689,"42":0.1197652519,"43":0.1468322724,"44":0.1238126606,"45":0.1224213615,"46":0.165640071,"47":0.1509682238,"48":0.1546741277,"49":0.1643373072},"TD_output_auc":{"0":0.6090267301,"1":0.72002846,"2":0.7850133181,"3":0.8220214248,"4":0.8504644632,"5":0.8743890524,"6":0.8922836185,"7":0.9034866095,"8":0.9137913585,"9":0.9234384894,"10":0.9296301007,"11":0.9367288351,"12":0.9395744801,"13":0.9436337948,"14":0.9469556212,"15":0.9479333162,"16":0.9505068064,"17":0.9508159161,"18":0.9525749087,"19":0.9539275169,"20":0.9546373487,"21":0.9560508728,"22":0.9565645456,"23":0.9575426579,"24":0.9579530954,"25":0.9586173892,"26":0.9598065615,"27":0.9596500993,"28":0.9611912966,"29":0.9618965387,"30":0.9626624584,"31":0.9637988806,"32":0.9635413885,"33":0.9647311568,"34":0.9660174847,"35":0.9652040601,"36":0.9664260149,"37":0.9662231803,"38":0.9679480195,"39":0.9674884081,"40":0.9684984684,"41":0.969381094,"42":0.9697837234,"43":0.97133255,"44":0.9708933234,"45":0.9716864228,"46":0.9725928307,"47":0.9726769328,"48":0.9730871916,"49":0.9731513262},"TD_output_loss":{"0":0.2595948875,"1":0.0838685781,"2":0.0547573268,"3":0.0450327843,"4":0.0406670421,"5":0.0381048024,"6":0.0362013243,"7":0.0347299799,"8":0.0334885642,"9":0.0324723683,"10":0.0315669961,"11":0.0307704955,"12":0.030047711,"13":0.029347565,"14":0.0287104212,"15":0.0282708481,"16":0.0277686473,"17":0.0273737907,"18":0.0270764809,"19":0.0266227424,"20":0.0263609346,"21":0.0259828772,"22":0.0257287845,"23":0.0254155695,"24":0.0252157114,"25":0.024950821,"26":0.0246087201,"27":0.0245144032,"28":0.0242085587,"29":0.0239553656,"30":0.0237939209,"31":0.0235938635,"32":0.0234597456,"33":0.0232430417,"34":0.0230223872,"35":0.0229889434,"36":0.02266532,"37":0.0224676784,"38":0.0223451592,"39":0.0222130194,"40":0.0220110491,"41":0.0218897145,"42":0.0216894038,"43":0.0216105711,"44":0.0215037037,"45":0.0213553328,"46":0.0212141462,"47":0.0211314689,"48":0.0209707171,"49":0.0208016951},"loss":{"0":0.2962476611,"1":0.1246751472,"2":0.0994066074,"3":0.0912399441,"4":0.087350525,"5":0.084777534,"6":0.0826647058,"7":0.0808762982,"8":0.0792620257,"9":0.0778528824,"10":0.0765517056,"11":0.0753686652,"12":0.0742937401,"13":0.0732601508,"14":0.0723709464,"15":0.0715789273,"16":0.0708125755,"17":0.0701966882,"18":0.0695852414,"19":0.0690130517,"20":0.0684412867,"21":0.0679201931,"22":0.0674992204,"23":0.0670013353,"24":0.0665812567,"25":0.0661695898,"26":0.0657648146,"27":0.0654179528,"28":0.0649799705,"29":0.0646793544,"30":0.06437812,"31":0.0639734566,"32":0.0637453869,"33":0.0633940399,"34":0.0631150156,"35":0.0628763363,"36":0.0625437722,"37":0.0622425973,"38":0.0619958565,"39":0.0617212541,"40":0.0614767447,"41":0.0613012239,"42":0.0609140061,"43":0.0607504807,"44":0.0605289377,"45":0.0603137836,"46":0.0600445271,"47":0.0598293543,"48":0.0595806278,"49":0.0593560748},"val_PD_output_accuracy":{"0":0.1252242625,"1":0.2017402202,"2":0.2233584523,"3":0.220129177,"4":0.2161822766,"5":0.2328668833,"6":0.2365446687,"7":0.2345712185,"8":0.2302655131,"9":0.2243451774,"10":0.2281126678,"11":0.2346609235,"12":0.2292788029,"13":0.2317904532,"14":0.2255112976,"15":0.2308037281,"16":0.2248833925,"17":0.2215644121,"18":0.2311625481,"19":0.2181557268,"20":0.2222820222,"21":0.2280229628,"22":0.2262289226,"23":0.2285611778,"24":0.2274847478,"25":0.2135809064,"26":0.2141191214,"27":0.2148367465,"28":0.2143882364,"29":0.2169895917,"30":0.2212952971,"31":0.2168998867,"32":0.2164513767,"33":0.2251524925,"34":0.2154646516,"35":0.2212952971,"36":0.2192321569,"37":0.2183351219,"38":0.2125941813,"39":0.2156440616,"40":0.2168101966,"41":0.2089163959,"42":0.2113383561,"43":0.2173484117,"44":0.2195012569,"45":0.2150161415,"46":0.2244348824,"47":0.2110692561,"48":0.2177969217,"49":0.2095443159},"val_PD_output_auc":{"0":0.7047080398,"1":0.7773721218,"2":0.8110048175,"3":0.8262578249,"4":0.8367578387,"5":0.8452684283,"6":0.8537862301,"7":0.8598403931,"8":0.8648276925,"9":0.8700586557,"10":0.8748297691,"11":0.8785735369,"12":0.8823233843,"13":0.8849024177,"14":0.8878232837,"15":0.8895472288,"16":0.8927881718,"17":0.8935260177,"18":0.8963087201,"19":0.8977212906,"20":0.8987737894,"21":0.9002702236,"22":0.9014031887,"23":0.9034150243,"24":0.9043551087,"25":0.9050855637,"26":0.9060903192,"27":0.9073051214,"28":0.9072719216,"29":0.9082333446,"30":0.9089171886,"31":0.9092552066,"32":0.9100297093,"33":0.9106642008,"34":0.9114644527,"35":0.9111607671,"36":0.9114639759,"37":0.912035346,"38":0.9118842483,"39":0.9125543237,"40":0.9132162929,