{"PD_output_accuracy":{"0":0.0131034749,"1":0.0163034555,"2":0.0326954462,"3":0.0662256703,"4":0.100995414,"5":0.1209541783,"6":0.1281003803,"7":0.1285810024,"8":0.1276197582,"9":0.1344370991,"10":0.1385224462,"11":0.1401034743,"12":0.1424560249,"13":0.1454409808,"14":0.1487800926,"15":0.1510441154,"16":0.1523974538,"17":0.1529539824,"18":0.1544464529,"19":0.1560527682,"20":0.1558756977,"21":0.1568116695,"22":0.1564701647,"23":0.1578488052,"24":0.1574440747,"25":0.1586835831,"26":0.1584812105,"27":0.1599357575,"28":0.1606061012,"29":0.1601887196},"PD_output_auc":{"0":0.3680199385,"1":0.3930939734,"2":0.4560289383,"3":0.5602580309,"4":0.6616512537,"5":0.7291955352,"6":0.7673354745,"7":0.7891205549,"8":0.8022209406,"9":0.8130144477,"10":0.8206590414,"11":0.8272405267,"12":0.8332923651,"13":0.8385445476,"14":0.843511939,"15":0.8480367661,"16":0.8526161313,"17":0.8566760421,"18":0.8606904745,"19":0.8647305369,"20":0.8679375052,"21":0.8717113733,"22":0.8753601313,"23":0.8780567646,"24":0.8807336092,"25":0.8836624026,"26":0.8857519627,"27":0.8880084157,"28":0.8899163604,"29":0.8913573623},"PD_output_loss":{"0":0.8868544102,"1":0.4385879636,"2":0.2749851644,"3":0.2113037854,"4":0.1825014353,"5":0.1672792286,"6":0.1581553817,"7":0.1521323919,"8":0.1477339715,"9":0.1442309022,"10":0.1413771063,"11":0.1389295459,"12":0.1368825436,"13":0.1349872202,"14":0.1332993358,"15":0.1317815483,"16":0.1303320378,"17":0.1289876997,"18":0.1277807802,"19":0.1265098155,"20":0.1254586428,"21":0.1244064048,"22":0.1233705431,"23":0.1224850863,"24":0.1216300502,"25":0.120760493,"26":0.1199482828,"27":0.1192008778,"28":0.1184083223,"29":0.1177911311},"TD_output_accuracy":{"0":0.4871431887,"1":0.4777582586,"2":0.4636176527,"3":0.4391940832,"4":0.4003769159,"5":0.3319884241,"6":0.2378735989,"7":0.1427595764,"8":0.0821623281,"9":0.0537166595,"10":0.0363254622,"11":0.029596651,"12":0.0248535983,"13":0.0226528216,"14":0.0213500634,"15":0.0205658786,"16":0.0202876199,"17":0.020123193,"18":0.0198955275,"19":0.0198575836,"20":0.0198196378,"21":0.0198955275,"22":0.0198702309,"23":0.019832287,"24":0.0198702309,"25":0.0199461188,"26":0.0200599525,"27":0.0202117302,"28":0.0201737862,"29":0.0204899888},"TD_output_auc":{"0":0.314710021,"1":0.3386203051,"2":0.3834880292,"3":0.4482002556,"4":0.5348652005,"5":0.622333765,"6":0.6921997666,"7":0.7410149574,"8":0.7706825733,"9":0.7884452343,"10":0.8070760369,"11":0.8211446404,"12":0.8314067125,"13":0.8421081901,"14":0.8524757624,"15":0.8581268787,"16":0.8639914989,"17":0.8687626123,"18":0.8734284043,"19":0.8773131371,"20":0.8851735592,"21":0.888219893,"22":0.8927513361,"23":0.898095727,"24":0.9048950076,"25":0.9096030593,"26":0.9132580757,"27":0.9163023233,"28":0.9225982428,"29":0.9256193042},"TD_output_loss":{"0":0.3452198803,"1":0.1616004407,"2":0.1023303941,"3":0.0770420805,"4":0.0642622486,"5":0.0569681935,"6":0.0522931255,"7":0.0489291102,"8":0.0464413576,"9":0.0444954857,"10":0.0428697653,"11":0.041568432,"12":0.0404371396,"13":0.0394387506,"14":0.0385978259,"15":0.0378454477,"16":0.0371793471,"17":0.0365957431,"18":0.035981942,"19":0.0354840271,"20":0.034976054,"21":0.0345474146,"22":0.0340651684,"23":0.0336300582,"24":0.0331881121,"25":0.0328237303,"26":0.032508079,"27":0.0321247615,"28":0.0318063498,"29":0.0315421671},"loss":{"0":0.6700770259,"1":0.3277525604,"2":0.2059105933,"3":0.1575953662,"4":0.1352076828,"5":0.1231517866,"6":0.1157992408,"7":0.1108559445,"8":0.1072138697,"9":0.1043340564,"10":0.1019781455,"11":0.0999783278,"12":0.0982976928,"13":0.0967604071,"14":0.0954220369,"15":0.094207406,"16":0.0930651203,"17":0.0920261443,"18":0.0910566747,"19":0.0900925994,"20":0.0892622247,"21":0.0884551331,"22":0.0876335651,"23":0.0869376436,"24":0.0862602443,"25":0.0855882838,"26":0.0849797875,"27":0.0843605548,"28":0.0837676525,"29":0.0832922906},"val_PD_output_accuracy":{"0":0.0198241845,"1":0.0301399361,"2":0.070147112,"3":0.120290637,"4":0.1585934758,"5":0.1627197713,"6":0.1594904959,"7":0.1480983198,"8":0.14971295,"9":0.1556333005,"10":0.1559024006,"11":0.1674739867,"12":0.1692680269,"13":0.1713311821,"14":0.1775206327,"15":0.1739325374,"16":0.1917832792,"17":0.2017402202,"18":0.1867599636,"19":0.1950125545,"20":0.190437749,"21":0.1887333989,"22":0.1983315349,"23":0.1918729842,"24":0.2020990252,"25":0.1953713745,"26":0.2050592005,"27":0.2020093352,"28":0.1987800449,"29":0.2037136704},"val_PD_output_auc":{"0":0.4283711314,"1":0.465387255,"2":0.5427440405,"3":0.6370198727,"4":0.7043743134,"5":0.7424464226,"6":0.763079226,"7":0.7751328945,"8":0.7843796015,"9":0.7909500599,"10":0.7980487347,"11":0.8054918051,"12":0.8099348545,"13":0.8144221306,"14":0.8186801076,"15":0.8250629902,"16":0.8295091391,"17":0.8355097175,"18":0.8398057222,"19":0.8429206014,"20":0.8483871818,"21":0.8532652855,"22":0.8564197421,"23":0.8603752851,"24":0.8642123342,"25":0.8658906221,"26":0.8697770238,"27":0.8715358973,"28":0.8731571436,"29":0.8759903908},"val_PD_output_loss":{"0":0.604397893,"1":0.3372313082,"2":0.2415227294,"3":0.2033328265,"4":0.1848283559,"5":0.1747680008,"6":0.1686277241,"7":0.164532423,"8":0.1614194214,"9":0.158744663,"10":0.1565234512,"11":0.154337734,"12":0.1529346406,"13":0.1513115019,"14":0.1499462575,"15":0.1484018415,"16":0.1471003294,"17":0.1457371861,"18":0.1446388662,"19":0.143491447,"20":0.1424435228,"21":0.1412167549,"22":0.1402016431,"23":0.1392094046,"24":0.1380656213,"25":0.1375369579,"26":0.1363848746,"27":0.1355443448,"28":0.1349289566,"29":0.1340749711},"val_TD_output_accuracy":{"0":0.5068173409,"1":0.4523681402,"2":0.4273412228,"3":0.3989056349,"4":0.3584499359,"5":0.2941334844,"6":0.2351094335,"7":0.179852888,"8":0.1436132044,"9":0.1211876571,"10":0.1123071387,"11":0.1062970906,"12":0.1030678153,"13":0.1004664525,"14":0.0999282375,"15":0.0988518149,"16":0.0986724049,"17":0.0980444923,"18":0.0980444923,"19":0.0979547873,"20":0.0979547873,"21":0.0981341973,"22":0.0981341973,"23":0.0981341973,"24":0.0982238948,"25":0.0983135998,"26":0.0984930024,"27":0.0983135998,"28":0.0988518149,"29":0.0989415124},"val_TD_output_auc":{"0":0.3074727952,"1":0.3569045663,"2":0.401838243,"3":0.4733735919,"4":0.5675017834,"5":0.6500160694,"6":0.7101925611,"7":0.7511184812,"8":0.7767799497,"9":0.7961121798,"10":0.8081310987,"11":0.8250881433,"12":0.8344020844,"13":0.8437133431,"14":0.8515173197,"15":0.8608958721,"16":0.8653382063,"17":0.8720304966,"18":0.8763653636,"19":0.8824188113,"20":0.8870322108,"21":0.8930915594,"22":0.8975827694,"23":0.9011816978,"24":0.9052217007,"25":0.9094243646,"26":0.9122949243,"27":0.9160302877,"28":0.919934392,"29":0.9214526415},"val_TD_output_loss":{"0":0.2817873657,"1":0.2094712704,"2":0.1891340911,"3":0.182499066,"4":0.1794762611,"5":0.177627936,"6":0.1757452339,"7":0.1735905707,"8":0.1704196185,"9":0.1666201949,"10":0.1641270071,"11":0.1613188237,"12":0.1587388963,"13":0.1560902596,"14":0.1540070027,"15":0.1516068876,"16":0.148586601,"17":0.146253556,"18":0.1450954825,"19":0.1414473802,"20":0.1414867491,"21":0.140266791,"22":0.1368137598,"23":0.1359278262,"24":0.1338363141,"25":0.1350698024,"26":0.1313003898,"27":0.1284485459,"28":0.1295745671,"29":0.123507224},"val_loss":{"0":0.4754851758,"1":0.286318779,"2":0.2207878083,"3":0.1952351779,"4":0.1829325408,"5":0.1761597842,"6":0.1717233658,"7":0.1684021205,"8":0.1652700305,"9":0.1621441245,"10":0.1598121375,"11":0.1573833227,"12":0.1555038095,"13":0.1534690261,"14":0.1518157572,"15":0.1499302685,"16":0.1479473114,"17":0.1462005824,"18":0.145068571,"19":0.1429169178,"20":0.1423047632,"21":0.141080305,"22":0.1390898824,"23":0.1381346732,"24":0.136616528,"25":0.136782676,"26":0.1345962137,"27":0.1329410821,"28":0.1330185235,"29":0.130091235}}