{"PD_output_accuracy":{"0":0.0049201273,"1":0.0066276263,"2":0.0273579303,"3":0.0648849681,"4":0.0861970857,"5":0.0984657854,"6":0.1077748165,"7":0.1166917533,"8":0.1239897311,"9":0.1300861388,"10":0.1335137784,"11":0.1395090073,"12":0.1418868601,"13":0.1446188539,"14":0.1465287209,"15":0.1483879983,"16":0.149311319,"17":0.1510314643,"18":0.153029874,"19":0.1539531797,"20":0.1540796608,"21":0.1539278924,"22":0.1570266783,"23":0.1580005884,"24":0.1575452536,"25":0.1579879373,"26":0.15939188,"27":0.1600748897,"28":0.1607958227,"29":0.1613649875},"PD_output_auc":{"0":0.3944023252,"1":0.4184829891,"2":0.4851904511,"3":0.6205774546,"4":0.7237018943,"5":0.7850897312,"6":0.8181933165,"7":0.8376019597,"8":0.8483816981,"9":0.8558350801,"10":0.8604456186,"11":0.8648235798,"12":0.8678471446,"13":0.8717383146,"14":0.8746105433,"15":0.8778181076,"16":0.8801519871,"17":0.8827604055,"18":0.8853884339,"19":0.8874350786,"20":0.8892771006,"21":0.8912918568,"22":0.8928728104,"23":0.8945134282,"24":0.8958516121,"25":0.8970540166,"26":0.8985133767,"27":0.8994491696,"28":0.9005807042,"29":0.9014966488},"PD_output_loss":{"0":0.4635002613,"1":0.2615922689,"2":0.1999316812,"3":0.1741725504,"4":0.1599605083,"5":0.1507894844,"6":0.1443379074,"7":0.1395706087,"8":0.1358900815,"9":0.1330302358,"10":0.1307953447,"11":0.1289141774,"12":0.1273510903,"13":0.1259701997,"14":0.1247340217,"15":0.1235827357,"16":0.1225656047,"17":0.1216165647,"18":0.1207469404,"19":0.1199299246,"20":0.1191187054,"21":0.118403025,"22":0.1176986173,"23":0.11703071,"24":0.1163699701,"25":0.1157190353,"26":0.1152003407,"27":0.1146158576,"28":0.1140929237,"29":0.1136098951},"TD_output_accuracy":{"0":0.499538362,"1":0.5305642486,"2":0.5056980252,"3":0.4821724594,"4":0.4419134259,"5":0.3844529092,"6":0.3060723841,"7":0.2365202457,"8":0.1801348329,"9":0.1332608163,"10":0.077356033,"11":0.0429910347,"12":0.0262069497,"13":0.0217674524,"14":0.0204773415,"15":0.0201864336,"16":0.0200220086,"17":0.0198575836,"18":0.0197943412,"19":0.0197943412,"20":0.0197690465,"21":0.0197690465,"22":0.0197690465,"23":0.0197563972,"24":0.0197437499,"25":0.0197437499,"26":0.0197437499,"27":0.0197437499,"28":0.0197563972,"29":0.0197437499},"TD_output_auc":{"0":0.3844332993,"1":0.3800079226,"2":0.3855161071,"3":0.4016421437,"4":0.4319719076,"5":0.4671626687,"6":0.5104186535,"7":0.5543302298,"8":0.5940397978,"9":0.6325034499,"10":0.6697191,"11":0.6980735064,"12":0.7233400345,"13":0.7429206371,"14":0.7605993748,"15":0.776874423,"16":0.7902991772,"17":0.7999507189,"18":0.8076918721,"19":0.8138110042,"20":0.8213046789,"21":0.827073276,"22":0.831289947,"23":0.837688446,"24":0.8433012962,"25":0.8492488265,"26":0.8558050394,"27":0.8617427349,"28":0.870242238,"29":0.8732293844},"TD_output_loss":{"0":0.6252350211,"1":0.2831735015,"2":0.159473002,"3":0.1086174399,"4":0.0839817598,"5":0.0703892186,"6":0.0622702725,"7":0.0571802929,"8":0.0537772067,"9":0.0513128303,"10":0.0494216122,"11":0.0479250029,"12":0.0466884188,"13":0.0456533916,"14":0.0447362848,"15":0.0438982733,"16":0.043137908,"17":0.042411644,"18":0.0417381339,"19":0.0411499441,"20":0.0405583046,"21":0.0400357619,"22":0.0395201519,"23":0.0390422083,"24":0.0386061482,"25":0.0381942876,"26":0.0377775431,"27":0.0374259613,"28":0.0370327383,"29":0.0367117487},"loss":{"0":0.4957592487,"1":0.2658877075,"2":0.1918248683,"3":0.1610465646,"4":0.1447643191,"5":0.1347064525,"6":0.1279188246,"7":0.1230870783,"8":0.1194705293,"9":0.1166984588,"10":0.1145216078,"11":0.1127207428,"12":0.1112072542,"13":0.1099107265,"14":0.1087378263,"15":0.1076481938,"16":0.1066782996,"17":0.1057761982,"18":0.1049455851,"19":0.1041756347,"20":0.1034019142,"21":0.1027186513,"22":0.102071695,"23":0.1014362797,"24":0.1008121446,"25":0.1002159491,"26":0.0997160226,"27":0.0991836339,"28":0.0986826643,"29":0.0982275754},"val_PD_output_accuracy":{"0":0.0066379621,"1":0.010943667,"2":0.0435055606,"3":0.0710441321,"4":0.0876390412,"5":0.095263727,"6":0.1163437366,"7":0.1263006777,"8":0.1449587345,"9":0.1708826721,"10":0.169178322,"11":0.1706135571,"12":0.1729458272,"13":0.1723179072,"14":0.1758162975,"15":0.1747398674,"16":0.1870290637,"17":0.1864011437,"18":0.1859526336,"19":0.189809829,"20":0.1863114536,"21":0.1870290637,"22":0.1983315349,"23":0.1927700043,"24":0.1947434545,"25":0.1935773194,"26":0.1893613189,"27":0.1927700043,"28":0.1947434545,"29":0.190078944},"val_PD_output_auc":{"0":0.4087205529,"1":0.4324913025,"2":0.5365809202,"3":0.6767348051,"4":0.7557358146,"5":0.7886631489,"6":0.8107134104,"7":0.8225357533,"8":0.8299543262,"9":0.8382726312,"10":0.8413179517,"11":0.8436698914,"12":0.84934479,"13":0.8510850072,"14":0.8553950787,"15":0.8578850031,"16":0.8614304066,"17":0.8651317358,"18":0.8669741154,"19":0.8704451919,"20":0.8713834286,"21":0.8737176657,"22":0.8774484396,"23":0.878842473,"24":0.8802754879,"25":0.8811833858,"26":0.8816375136,"27":0.8837872744,"28":0.8846012354,"29":0.8852629662},"val_PD_output_loss":{"0":0.3466870785,"1":0.2319898158,"2":0.1968265921,"3":0.1792228222,"4":0.168982625,"5":0.1623307914,"6":0.1573145986,"7":0.1533260345,"8":0.1504276246,"9":0.1480870098,"10":0.1461635828,"11":0.144908458,"12":0.1434101313,"13":0.1422735304,"14":0.1410558969,"15":0.140113771,"16":0.1389649808,"17":0.1378574073,"18":0.1372664571,"19":0.1363042295,"20":0.1357356459,"21":0.134888798,"22":0.1339355558,"23":0.1334455907,"24":0.1327038705,"25":0.1321666092,"26":0.1317108721,"27":0.1309713274,"28":0.1305352449,"29":0.13017492},"val_TD_output_accuracy":{"0":0.2873161137,"1":0.4713850021,"2":0.4624147713,"3":0.4443846345,"4":0.4434876144,"5":0.3686760068,"6":0.2748475075,"7":0.2229996473,"8":0.2033548653,"9":0.159669891,"10":0.1231611073,"11":0.1045927554,"12":0.0993003249,"13":0.0982238948,"14":0.0984033048,"15":0.0982238948,"16":0.0982238948,"17":0.0982238948,"18":0.0981341973,"19":0.0982238948,"20":0.0981341973,"21":0.0982238948,"22":0.0983135998,"23":0.0983135998,"24":0.0982238948,"25":0.0982238948,"26":0.0982238948,"27":0.0982238948,"28":0.0982238948,"29":0.0982238948},"val_TD_output_auc":{"0":0.353215456,"1":0.3625075817,"2":0.3769475818,"3":0.399843514,"4":0.4345251024,"5":0.4762454927,"6":0.5214474797,"7":0.5671232939,"8":0.6054241657,"9":0.6480716467,"10":0.6785356998,"11":0.7057034969,"12":0.7294300795,"13":0.7483890653,"14":0.7673434019,"15":0.7847370505,"16":0.7941215038,"17":0.8073635101,"18":0.812272191,"19":0.8183379173,"20":0.8259481192,"21":0.8329050541,"22":0.8353241086,"23":0.8423861265,"24":0.8470358253,"25":0.8539126515,"26":0.8606626987,"27":0.8655147552,"28":0.8683318496,"29":0.8752170205},"val_TD_output_loss":{"0":0.4476009905,"1":0.2715112567,"2":0.2159258872,"3":0.1955112368,"4":0.1874996126,"5":0.1848032176,"6":0.1843719929,"7":0.1847014129,"8":0.1850706339,"9":0.1847527325,"10":0.1840533614,"11":0.1830711067,"12":0.1815021634,"13":0.1798114479,"14":0.1776998639,"15":0.1760173142,"16":0.1735832393,"17":0.1712531894,"18":0.1688618362,"19":0.1666896194,"20":0.1654898524,"21":0.1632352769,"22":0.1608475596,"23":0.1589911729,"24":0.1572528034,"25":0.1558679491,"26":0.1542451531,"27":0.1526849717,"28":0.1506061107,"29":0.1501570642},"val_loss":{"0":0.3670345843,"1":0.2401116341,"2":0.2008779794,"3":0.1827228963,"4":0.1729352921,"5":0.1670781672,"6":0.162982896,"7":0.1598574519,"8":0.1576053649,"9":0.1556827575,"10":0.153985098,"11":0.1527792513,"12":0.1512694508,"13":0.1500092894,"14":0.1486134082,"15":0.1475175172,"16":0.1461112648,"17":0.144761011,"18":0.1438050717,"19":0.1426053345,"20":0.1418985724,"21":0.1407658011,"22":0.1395388097,"23":0.1387712061,"24":0.1378326118,"25":0.1371165067,"26":0.1364209354,"27":0.1355195493,"28":0.1347530633,"29":0.1343641579}}