{"PD_output_accuracy":{"0":0.4600508511,"1":0.4286328852,"2":0.3183916807,"3":0.2345724404,"4":0.2028129548,"5":0.1897474229,"6":0.1846881658,"7":0.1864209622,"8":0.1843087226,"9":0.1830945015,"10":0.1844099015,"11":0.1802107245,"12":0.1806154698,"13":0.1789206117,"14":0.1822344214,"15":0.1788826734,"16":0.1783767492,"17":0.1793253571,"18":0.1785158664,"19":0.1781743765,"20":0.1792621166,"21":0.178351447,"22":0.1791103333,"23":0.1777443439,"24":0.1796162575,"25":0.178465277,"26":0.1785158664,"27":0.1785411686,"28":0.1797806919,"29":0.1784399897,"30":0.1788067818,"31":0.1782502681,"32":0.1791103333,"33":0.1789459139,"34":0.1796162575,"35":0.1784020364,"36":0.1808557808,"37":0.1800589412,"38":0.1785664707,"39":0.1792241633,"40":0.1792115271,"41":0.1794518381,"42":0.1804383844,"43":0.180033654,"44":0.1791356355,"45":0.1799451113,"46":0.1799451113,"47":0.1801095456,"48":0.1806407571,"49":0.1808557808},"PD_output_auc":{"0":0.5932022333,"1":0.7405723333,"2":0.8331586719,"3":0.8524285555,"4":0.8627374172,"5":0.8689838648,"6":0.8738054037,"7":0.8783432245,"8":0.8827424049,"9":0.8865906596,"10":0.8904120326,"11":0.8936930895,"12":0.8961151838,"13":0.8988596797,"14":0.9011616111,"15":0.9027943611,"16":0.9046677351,"17":0.9062634706,"18":0.9079732895,"19":0.9089940786,"20":0.9104415178,"21":0.9117869139,"22":0.9127771854,"23":0.9141223431,"24":0.9150161743,"25":0.9157378078,"26":0.9169814587,"27":0.9179763794,"28":0.9186961651,"29":0.9193850756,"30":0.9205988646,"31":0.9214410782,"32":0.9218791723,"33":0.9229248762,"34":0.9235126376,"35":0.9244201183,"36":0.9249769449,"37":0.9256272912,"38":0.9262737036,"39":0.9268169403,"40":0.9274309874,"41":0.9282981157,"42":0.9289422631,"43":0.9295021892,"44":0.9300493002,"45":0.9305000305,"46":0.9309980869,"47":0.9317708015,"48":0.9321964979,"49":0.9325125813},"PD_output_loss":{"0":0.4961216748,"1":0.1947772056,"2":0.1510825753,"3":0.1382679641,"4":0.1320200711,"5":0.128384918,"6":0.1257375926,"7":0.1236789152,"8":0.1217275783,"9":0.1200887337,"10":0.1184850261,"11":0.1169758588,"12":0.1157231703,"13":0.1145367026,"14":0.1134894639,"15":0.1125810891,"16":0.1116058975,"17":0.1107195616,"18":0.110026136,"19":0.1092706844,"20":0.1085641012,"21":0.1079194173,"22":0.1073324531,"23":0.1067065448,"24":0.1060786322,"25":0.1055870429,"26":0.1049959436,"27":0.1045241952,"28":0.1040729135,"29":0.1036248207,"30":0.1031462327,"31":0.1027216017,"32":0.1022285745,"33":0.1018282026,"34":0.1014151424,"35":0.1009940952,"36":0.1004832387,"37":0.1001417115,"38":0.099824369,"39":0.099390313,"40":0.099038057,"41":0.0986405984,"42":0.0982177779,"43":0.0979182124,"44":0.0975083485,"45":0.0972901583,"46":0.0968676284,"47":0.0964015201,"48":0.0961963907,"49":0.0957682729},"TD_output_accuracy":{"0":0.533878088,"1":0.4762910903,"2":0.3811264634,"3":0.2887444198,"4":0.2052540481,"5":0.130111441,"6":0.0743331313,"7":0.0454068296,"8":0.0366290174,"9":0.028433023,"10":0.0270164311,"11":0.027345283,"12":0.027889153,"13":0.0308741145,"14":0.0308994111,"15":0.0342132226,"16":0.0362116285,"17":0.03552863,"18":0.040208444,"19":0.0456218459,"20":0.0418274067,"21":0.043332532,"22":0.0495427698,"23":0.0459001064,"24":0.0464692712,"25":0.0527174547,"26":0.0554368049,"27":0.0490747914,"28":0.0575363971,"29":0.0560059734,"30":0.0551585481,"31":0.0538684353,"32":0.0573593229,"33":0.0634304285,"34":0.0539190285,"35":0.0688691288,"36":0.062949799,"37":0.0619758964,"38":0.0636075065,"39":0.0663015619,"40":0.0665418729,"41":0.0650999844,"42":0.0717276111,"43":0.0816816986,"44":0.0623047464,"45":0.0764833167,"46":0.0853243619,"47":0.072309427,"48":0.0834777355,"49":0.0748770013},"TD_output_auc":{"0":0.4423706532,"1":0.5019044876,"2":0.6048502922,"3":0.691760242,"4":0.747718811,"5":0.780924201,"6":0.799570322,"7":0.8146454096,"8":0.8292020559,"9":0.8399749994,"10":0.8523523808,"11":0.8653622866,"12":0.8772599101,"13":0.8915347457,"14":0.9016129971,"15":0.9119408727,"16":0.9191627502,"17":0.9230877161,"18":0.9287007451,"19":0.9312534928,"20":0.9335749149,"21":0.9370845556,"22":0.9393104911,"23":0.9399431348,"24":0.9413247108,"25":0.9438507557,"26":0.9457635283,"27":0.9465885162,"28":0.9481787682,"29":0.9480541945,"30":0.9492242932,"31":0.9500643611,"32":0.9503692389,"33":0.9514977932,"34":0.9514607191,"35":0.9529375434,"36":0.9535401464,"37":0.9541749954,"38":0.9535688162,"39":0.9552471042,"40":0.9557084441,"41":0.9552649856,"42":0.9568064213,"43":0.9576817155,"44":0.9563807249,"45":0.9579812288,"46":0.9592949152,"47":0.9597700834,"48":0.9602330327,"49":0.9599988461},"TD_output_loss":{"0":0.2700400352,"1":0.0910611749,"2":0.0607184432,"3":0.051275067,"4":0.0470639244,"5":0.0446833931,"6":0.0429950915,"7":0.0415962972,"8":0.0403728336,"9":0.0392398983,"10":0.038207721,"11":0.0372909009,"12":0.0363957435,"13":0.0356187001,"14":0.0348630659,"15":0.0341724008,"16":0.0336015783,"17":0.033072453,"18":0.0325605907,"19":0.0321410634,"20":0.0317397304,"21":0.0313656181,"22":0.0310580526,"23":0.0306948517,"24":0.0303788949,"25":0.0300687347,"26":0.029849492,"27":0.0296071693,"28":0.0293293018,"29":0.0291342884,"30":0.0289385319,"31":0.028769765,"32":0.0285686292,"33":0.0283680838,"34":0.0281974133,"35":0.0280332081,"36":0.02786473,"37":0.0277786702,"38":0.0276167672,"39":0.0274367128,"40":0.0273485072,"41":0.0271668471,"42":0.0270866565,"43":0.0269942936,"44":0.0269318894,"45":0.0267319288,"46":0.0266548432,"47":0.0265270043,"48":0.0264220554,"49":0.0263019968},"loss":{"0":0.450794518,"1":0.174002558,"2":0.1330084503,"3":0.1208749861,"4":0.1150263995,"5":0.1116403565,"6":0.1091795042,"7":0.107276313,"8":0.1054653451,"9":0.1039213836,"10":0.10244672,"11":0.1010319069,"12":0.0998783335,"13":0.0987517163,"14":0.0977584124,"15":0.096895434,"16":0.096002318,"17":0.0951939747,"18":0.0945186913,"19":0.0938574597,"20":0.0931981057,"21":0.0926087946,"22":0.092082426,"23":0.0915083513,"24":0.0909250751,"25":0.0904765576,"26":0.0899645984,"27":0.0895218328,"28":0.0891314,"29":0.0887267888,"30":0.0883009657,"31":0.0879380554,"32":0.0874803215,"33":0.0871263891,"34":0.0867622048,"35":0.0864013508,"36":0.0859451443,"37":0.0856686682,"38":0.0853886381,"39":0.0850121006,"40":0.0846954361,"41":0.08435072,"42":0.0839869007,"43":0.0837253928,"44":0.0833747238,"45":0.083166562,"46":0.0828129128,"47":0.0824212506,"48":0.0822617859,"49":0.0818713233},"val_PD_output_accuracy":{"0":0.4342482984,"1":0.3778256178,"2":0.2979906797,"3":0.2559203506,"4":0.2419268042,"5":0.2320595682,"6":0.2352888435,"7":0.2245245725,"8":0.2253319025,"9":0.2251524925,"10":0.2186939418,"11":0.2211159021,"12":0.2210261971,"13":0.2250627875,"14":0.2128632963,"15":0.2126838863,"16":0.2151955515,"17":0.2113383561,"18":0.2121456712,"19":0.2232687473,"20":0.2174381018,"21":0.2203085721,"22":0.2073017657,"23":0.2144779414,"24":0.2142985314,"25":0.2094546109,"26":0.2124147862,"27":0.2165410817,"28":0.2063150406,"29":0.2158234715,"30":0.2140294164,"31":0.2107104361,"32":0.210531041,"33":0.2122353762,"34":0.2143882364,"35":0.2135809064,"36":0.2163616866,"37":0.209992826,"38":0.2139397264,"39":0.2115177661,"40":0.2139397264,"41":0.2179763168,"42":0.2067635506,"43":0.2108001411,"44":0.2059562206,"45":0.2148367465,"46":0.2125044912,"47":0.2144779414,"48":0.2124147862,"49":0.210172236},"val_PD_output_auc":{"0":0.6847414374,"1":0.8006690145,"2":0.8275372982,"3":0.8390375972,"4":0.8475900888,"5":0.853682816,"6":0.8592710495,"7":0.8639096618,"8":0.8691496849,"9":0.8730872273,"10":0.8774426579,"11":0.8807415962,"12":0.8845928311,"13":0.8866579533,"14":0.8891093731,"15":0.8911600113,"16":0.8927467465,"17":0.8948847651,"18":0.8964759707,"19":0.8981372118,"20":0.8993799686,"21":0.9008145332,"22":0.9015342593,"23":0.902205646,"24":0.9032815695,"25":0.9043303728,"26":0.9049571157,"27":0.9049428105,"28":0.906409502,"29":0.9073631763,"30":0.9081261754,"31":0.9080367684,"32":0.9092535973,"33":0.9098213911,"34":0.909971118,"35":0.9104499817,"36":0.9110137224,"37":0.9110987782,"38":0.9116437435,"39":0.9120756984,"40":0.9126156569,"41":0.9130915999,