{"PD_output_accuracy":{"0":0.2481059432,"1":0.2859112322,"2":0.314584583,"3":0.2722006738,"4":0.1955655664,"5":0.1480717957,"6":0.1246221438,"7":0.1123660952,"8":0.1085084081,"9":0.1070538759,"10":0.1070538759,"11":0.1102538556,"12":0.1116704419,"13":0.1145542189,"14":0.118285425,"15":0.121940732,"16":0.1250901222,"17":0.1282015592,"18":0.1299343556,"19":0.1318695247,"20":0.1352718771,"21":0.136460796,"22":0.1386489272,"23":0.1419247985,"24":0.1423042417,"25":0.1448338777,"26":0.1455042213,"27":0.1478061825,"28":0.1494757384,"29":0.1496148705},"PD_output_auc":{"0":0.4226902127,"1":0.4845982492,"2":0.6164567471,"3":0.7187637687,"4":0.7621743679,"5":0.7863926291,"6":0.803581357,"7":0.8160305023,"8":0.8257291317,"9":0.8327088952,"10":0.8382863402,"11":0.8433394432,"12":0.8479653597,"13":0.8524763584,"14":0.8570842743,"15":0.8608751297,"16":0.86505723,"17":0.8685598373,"18":0.8716551065,"19":0.8740409613,"20":0.8770940304,"21":0.8792619109,"22":0.8817901611,"23":0.8832421303,"24":0.8850548267,"25":0.8865886331,"26":0.8881950378,"27":0.8895331621,"28":0.8909039497,"29":0.8921037912},"PD_output_loss":{"0":0.479742825,"1":0.2614017129,"2":0.195525676,"3":0.1704208851,"4":0.1585632265,"5":0.1517761797,"6":0.1472405642,"7":0.1438565105,"8":0.1411078423,"9":0.1389179975,"10":0.1371353865,"11":0.1354979277,"12":0.1340706795,"13":0.1326643825,"14":0.1313329935,"15":0.1301170588,"16":0.1289278865,"17":0.1278042197,"18":0.1267117709,"19":0.1257337332,"20":0.1247577667,"21":0.1238312349,"22":0.1229516491,"23":0.1221430525,"24":0.1214066818,"25":0.1206502318,"26":0.1199710816,"27":0.1192967296,"28":0.1186830327,"29":0.1180889308},"TD_output_accuracy":{"0":0.7152018547,"1":0.6601444483,"2":0.6291059256,"3":0.5943235159,"4":0.5661308169,"5":0.5385957956,"6":0.4949597418,"7":0.4509947896,"8":0.3988338411,"9":0.3424863815,"10":0.2927033007,"11":0.2539873421,"12":0.2201914936,"13":0.184473142,"14":0.151701808,"15":0.125545457,"16":0.1046760231,"17":0.0858302936,"18":0.0742066503,"19":0.0630383417,"20":0.0549688227,"21":0.0484676808,"22":0.0435728468,"23":0.0403602198,"24":0.0411570519,"25":0.0372993685,"26":0.0409926288,"27":0.038197387,"28":0.0393230729,"29":0.0486321039},"TD_output_auc":{"0":0.3553270698,"1":0.3806439042,"2":0.453638345,"3":0.5441403389,"4":0.651953578,"5":0.7483270168,"6":0.8226781487,"7":0.8610447645,"8":0.8727198839,"9":0.8830432892,"10":0.8931508064,"11":0.9012420177,"12":0.9067327976,"13":0.9076396227,"14":0.9113380909,"15":0.9142318368,"16":0.9155181646,"17":0.9173594713,"18":0.9185633659,"19":0.9207317829,"20":0.9230291843,"21":0.9262367487,"22":0.9277266264,"23":0.9295616746,"24":0.9316985607,"25":0.9336910844,"26":0.9355963469,"27":0.9381094575,"28":0.9385260344,"29":0.9397525191},"TD_output_loss":{"0":0.6338574886,"1":0.2707619965,"2":0.1511206925,"3":0.1025973409,"4":0.0787890106,"5":0.0653405264,"6":0.0568390265,"7":0.0510529689,"8":0.0469600558,"9":0.0440203026,"10":0.0417329222,"11":0.0399344862,"12":0.0384954736,"13":0.0373378471,"14":0.036454767,"15":0.0356484503,"16":0.034979336,"17":0.034392599,"18":0.0339225158,"19":0.0334352814,"20":0.0329827927,"21":0.0325734951,"22":0.0322205983,"23":0.0318312459,"24":0.0315290503,"25":0.0311943814,"26":0.0308977682,"27":0.030642258,"28":0.0303730331,"29":0.0300960317},"loss":{"0":0.5566931367,"1":0.2660478055,"2":0.1733104736,"3":0.1365041882,"4":0.1186733991,"5":0.1085582748,"6":0.102038838,"7":0.0974514037,"8":0.0940330476,"9":0.091469273,"10":0.0894358531,"11":0.0877162665,"12":0.086278446,"13":0.0849993303,"14":0.0838902742,"15":0.0828811675,"16":0.0819496885,"17":0.0811100751,"18":0.0803145096,"19":0.079583846,"20":0.0788707733,"21":0.0782001764,"22":0.0775854886,"23":0.0769782066,"24":0.0764686242,"25":0.0759209841,"26":0.0754297748,"27":0.0749725327,"28":0.0745244101,"29":0.0740856603},"val_PD_output_accuracy":{"0":0.24982059,"1":0.3283100128,"2":0.3182633817,"3":0.2358270586,"4":0.1578758508,"5":0.1273771077,"6":0.1063867956,"7":0.1062970906,"8":0.1037854329,"9":0.1045927554,"10":0.1085396484,"11":0.1093469709,"12":0.1133835688,"13":0.1221743822,"14":0.1332974583,"15":0.1421779692,"16":0.1411912441,"17":0.1479189098,"18":0.1536598504,"19":0.1524937153,"20":0.159669891,"21":0.1684607118,"22":0.1685504168,"23":0.160477221,"24":0.1738428473,"25":0.1707032621,"26":0.1777000427,"27":0.1776103377,"28":0.1739325374,"29":0.1871187687},"val_PD_output_auc":{"0":0.4654350877,"1":0.5666149855,"2":0.6787689924,"3":0.7298879623,"4":0.7548830509,"5":0.7728267312,"6":0.7849957943,"7":0.7973811626,"8":0.8027075529,"9":0.809301734,"10":0.8165009618,"11":0.8206191063,"12":0.8267104626,"13":0.8314683437,"14":0.8378607035,"15":0.8428205252,"16":0.8459331393,"17":0.8499603271,"18":0.8548038006,"19":0.8563200831,"20":0.8592140675,"21":0.8644772768,"22":0.8652509451,"23":0.868006289,"24":0.8695756197,"25":0.8708981872,"26":0.8722991943,"27":0.8737457395,"28":0.8744521737,"29":0.8783606887},"val_PD_output_loss":{"0":0.3420260251,"1":0.2265867442,"2":0.1915514469,"3":0.177374348,"4":0.1704233885,"5":0.1656619012,"6":0.1624573171,"7":0.1594071239,"8":0.1576014012,"9":0.1557208449,"10":0.1538231969,"11":0.1525461227,"12":0.1510226727,"13":0.1497337967,"14":0.1480748951,"15":0.1468358189,"16":0.1458899677,"17":0.1445668638,"18":0.1433339864,"19":0.1427169442,"20":0.1417376995,"21":0.1403474808,"22":0.1395875812,"23":0.1388721764,"24":0.1379272938,"25":0.1374122649,"26":0.1367308646,"27":0.1359119862,"28":0.1356651634,"29":0.1342170686},"val_TD_output_accuracy":{"0":0.7370828986,"1":0.589791894,"2":0.5393792391,"3":0.4875313938,"4":0.4991029799,"5":0.5021528602,"6":0.4780229628,"7":0.4494079649,"8":0.39953354,"9":0.361051321,"10":0.3237352073,"11":0.2842662334,"12":0.2527807653,"13":0.2251524925,"14":0.1985109448,"15":0.1739325374,"16":0.1607463211,"17":0.149802655,"18":0.1380516738,"19":0.1321313232,"20":0.1245963424,"21":0.1213670596,"22":0.1177789718,"23":0.1183171868,"24":0.1159849316,"25":0.1154467165,"26":0.1135629714,"27":0.1170613542,"28":0.1192142069,"29":0.1229817048},"val_TD_output_auc":{"0":0.3146548271,"1":0.3807747066,"2":0.4605287313,"3":0.561971426,"4":0.6690562963,"5":0.7487118244,"6":0.8172563314,"7":0.8477632999,"8":0.8624341488,"9":0.8745835423,"10":0.8850251436,"11":0.8952993751,"12":0.8998593688,"13":0.9028633237,"14":0.9072316885,"15":0.9084563255,"16":0.909101367,"17":0.9110562801,"18":0.9137884378,"19":0.9174993038,"20":0.9194664955,"21":0.9213990569,"22":0.9218940139,"23":0.9237510562,"24":0.9248987436,"25":0.9260765314,"26":0.92765522,"27":0.9287060499,"28":0.9294678569,"29":0.9312580228},"val_TD_output_loss":{"0":0.4628731608,"1":0.2638618648,"2":0.2041157484,"3":0.1807790548,"4":0.1694269627,"5":0.1628579795,"6":0.1565212607,"7":0.1519798785,"8":0.147536695,"9":0.1458133906,"10":0.1449146271,"11":0.1420511603,"12":0.1419701874,"13":0.1409001201,"14":0.1378633231,"15":0.1381472349,"16":0.135184586,"17":0.1347601116,"18":0.1319527924,"19":0.1328669488,"20":0.1292691827,"21":0.1277198046,"22":0.1275429279,"23":0.1301913112,"24":0.1256029457,"25":0.1248331144,"26":0.1214362532,"27":0.1219181493,"28":0.1222504601,"29":0.1187077165},"val_loss":{"0":0.4025832117,"1":0.245386526,"2":0.1980098635,"3":0.1792625785,"4":0.170115158,"5":0.1644586325,"6":0.1596928388,"7":0.1559081227,"8":0.1527828723,"9":0.1509844363,"10":0.1495909095,"11":0.1475208551,"12":0.146723479,"13":0.1455434263,"14":0.1431976855,"15":0.1427234411,"16":0.1407633871,"17":0.1398940533,"18":0.1378736496,"19":0.1380174756,"20":0.1357262731,"21":0.1342658252,"22":0.1337941438,"23":0.1347607672,"24":0.131988287,"25":0.1313408017,"26":0.1292978078,"27":0.1291306317,"28":0.1291634738,"29":0.1266804039}}