{"PD_output_accuracy":{"0":0.0963156,"1":0.2006880641,"2":0.2290325463,"3":0.2071892172,"4":0.1821711808,"5":0.1688273996,"6":0.1624400914,"7":0.1622883081,"8":0.1577349752,"9":0.1599357575,"10":0.161074087,"11":0.1607452333,"12":0.1610867381,"13":0.1617191434,"14":0.1643246561,"15":0.1640590429,"16":0.1647294015,"17":0.1666266173,"18":0.1670566499,"19":0.1678155512,"20":0.1687894464,"21":0.169472456,"22":0.1710534692,"23":0.1696495265,"24":0.1713190824,"25":0.1731404066,"26":0.1719514877,"27":0.1720147282,"28":0.1743419915,"29":0.1741269678,"30":0.1723941714,"31":0.1759230047,"32":0.1736336946,"33":0.1743166894,"34":0.1749238074,"35":0.1740004867,"36":0.1758850664,"37":0.176074788,"38":0.1748858541,"39":0.1751514673,"40":0.1762392074,"41":0.1758218259,"42":0.1758977026,"43":0.1770992875,"44":0.1764542311,"45":0.1756447405,"46":0.1770866364,"47":0.1759735942,"48":0.1768716127,"49":0.1773522496},"PD_output_auc":{"0":0.4600061774,"1":0.6227334142,"2":0.7493782043,"3":0.7947202921,"4":0.8212790489,"5":0.8372204304,"6":0.8480607271,"7":0.8558732271,"8":0.8617750406,"9":0.8666183949,"10":0.87087363,"11":0.8744380474,"12":0.8777774572,"13":0.8808478713,"14":0.8831366301,"15":0.8855174184,"16":0.8877624869,"17":0.8897838593,"18":0.8914988041,"19":0.8929081559,"20":0.8947298527,"21":0.8960861564,"22":0.8972674012,"23":0.8983051181,"24":0.8998432159,"25":0.9005160928,"26":0.9017874002,"27":0.9027993679,"28":0.9036346078,"29":0.9050975442,"30":0.9056977034,"31":0.9065113664,"32":0.9070683122,"33":0.9078167677,"34":0.9085993767,"35":0.9095100164,"36":0.9102947712,"37":0.9108305573,"38":0.9114022255,"39":0.912183404,"40":0.9127162099,"41":0.9130473733,"42":0.9139367342,"43":0.9141222239,"44":0.914832294,"45":0.9150563478,"46":0.9155205488,"47":0.9161888957,"48":0.9167097807,"49":0.9172036648},"PD_output_loss":{"0":0.4062698483,"1":0.1911642849,"2":0.1570063978,"3":0.1461014003,"4":0.1404709965,"5":0.1366448104,"6":0.1336006522,"7":0.1311858445,"8":0.1292891055,"9":0.1276583076,"10":0.1262055337,"11":0.1248703003,"12":0.1236836463,"13":0.1225239933,"14":0.1215260774,"15":0.1205751449,"16":0.1196295619,"17":0.11884325,"18":0.1180302724,"19":0.1173402816,"20":0.1166304946,"21":0.1159397885,"22":0.1153364778,"23":0.1147795916,"24":0.114212051,"25":0.1137332395,"26":0.1131915227,"27":0.1126888767,"28":0.1122119948,"29":0.1116385758,"30":0.1114211604,"31":0.110875763,"32":0.1105469987,"33":0.1101506427,"34":0.1097554639,"35":0.1094559357,"36":0.109002389,"37":0.1086979583,"38":0.1083872914,"39":0.1080329195,"40":0.1077458262,"41":0.1074336767,"42":0.10712865,"43":0.1068912596,"44":0.1065149531,"45":0.1063378081,"46":0.1060591415,"47":0.1057874262,"48":0.1054445729,"49":0.1052639633},"TD_output_accuracy":{"0":0.7691841125,"1":0.683277905,"2":0.6059724689,"3":0.5339033604,"4":0.4436841607,"5":0.3463440537,"6":0.2477012128,"7":0.1678029001,"8":0.1076609865,"9":0.0712469816,"10":0.0605972484,"11":0.0470257923,"12":0.0524265468,"13":0.0550700091,"14":0.0615079142,"15":0.0698177442,"16":0.0739536881,"17":0.0936468393,"18":0.0999962091,"19":0.1133399978,"20":0.120207943,"21":0.1296308041,"22":0.1153257564,"23":0.153624326,"24":0.1414188743,"25":0.1605808139,"26":0.1464781314,"27":0.1597333848,"28":0.1624780297,"29":0.168637678,"30":0.1811466813,"31":0.1868257076,"32":0.202597931,"33":0.1996509135,"34":0.1970833391,"35":0.1968809813,"36":0.2176998109,"37":0.1963118166,"38":0.2073030472,"39":0.2264902741,"40":0.2216966301,"41":0.2326119691,"42":0.2395305037,"43":0.2385566086,"44":0.2265788168,"45":0.2713911831,"46":0.2461960763,"47":0.2318024933,"48":0.2482324243,"49":0.2542276382},"TD_output_auc":{"0":0.5941772461,"1":0.7865047455,"2":0.8730022907,"3":0.8913418055,"4":0.8991171122,"5":0.9074600935,"6":0.9156420231,"7":0.9275153279,"8":0.9344522953,"9":0.9381520748,"10":0.9420693517,"11":0.9441047907,"12":0.9462395906,"13":0.9487804174,"14":0.9503165483,"15":0.9521623254,"16":0.9529128671,"17":0.9564800858,"18":0.956526041,"19":0.9582100511,"20":0.9587095976,"21":0.9600265622,"22":0.961488843,"23":0.9647945762,"24":0.9641026258,"25":0.9655948877,"26":0.9659877419,"27":0.9678009748,"28":0.9679747224,"29":0.9695547819,"30":0.9703475833,"31":0.9716988802,"32":0.9715021849,"33":0.972640276,"34":0.9731297493,"35":0.9740518928,"36":0.9745857716,"37":0.9751715064,"38":0.9763016105,"39":0.9765097499,"40":0.9771325588,"41":0.9782637954,"42":0.9778667688,"43":0.9788649678,"44":0.9789078832,"45":0.9807152748,"46":0.9800264239,"47":0.9802806973,"48":0.9808196425,"49":0.9818615317},"TD_output_loss":{"0":0.3154864311,"1":0.0948399901,"2":0.0574519187,"3":0.0449666344,"4":0.0391696692,"5":0.0358596146,"6":0.0338102952,"7":0.0324316211,"8":0.0313012861,"9":0.0303247105,"10":0.0296765435,"11":0.0288857874,"12":0.0281981267,"13":0.0275634658,"14":0.0270365551,"15":0.02650759,"16":0.0259086862,"17":0.0254341308,"18":0.0251092743,"19":0.0245719962,"20":0.0242038276,"21":0.0239550378,"22":0.0234806184,"23":0.0232447889,"24":0.0229105018,"25":0.0226115249,"26":0.0222635511,"27":0.0221014693,"28":0.0219037235,"29":0.0215912219,"30":0.0212910324,"31":0.0210931841,"32":0.0208540075,"33":0.020722786,"34":0.0204713065,"35":0.0202733446,"36":0.0200430322,"37":0.0200494993,"38":0.0197374169,"39":0.0194076542,"40":0.0192854702,"41":0.0190278627,"42":0.0190207679,"43":0.0187551118,"44":0.0186134428,"45":0.0184366852,"46":0.0184302777,"47":0.0182867795,"48":0.0180358011,"49":0.0179783572},"loss":{"0":0.3335514367,"1":0.1141132414,"2":0.0773848221,"3":0.0651995391,"4":0.059431348,"5":0.056016054,"6":0.0537696853,"7":0.0522008762,"8":0.0509022623,"9":0.0497856997,"10":0.0489875488,"11":0.0480843373,"12":0.0473017618,"13":0.0465447903,"14":0.0459330305,"15":0.0453113504,"16":0.044647824,"17":0.0441167131,"18":0.0436916687,"19":0.0431290567,"20":0.0426941998,"21":0.0423466079,"22":0.0418455116,"23":0.0415667221,"24":0.041168876,"25":0.0408347733,"26":0.0404536352,"27":0.0402208976,"28":0.0399643853,"29":0.0395964272,"30":0.0393131152,"31":0.0390434638,"32":0.0387898013,"33":0.0386077352,"34":0.0383246616,"35":0.0381056033,"36":0.0378339738,"37":0.0377781652,"38":0.0374729671,"39":0.0371411853,"40":0.0369872786,"41":0.0367282219,"42":0.036642801,"43":0.0363819115,"44":0.0361971892,"45":0.0360111706,"46":0.0359700173,"47":0.0357819982,"48":0.0355314575,"49":0.0354363956},"val_PD_output_accuracy":{"0":0.1606566161,"1":0.2035342604,"2":0.2006637901,"3":0.189809829,"4":0.190437749,"5":0.1836203784,"6":0.2047003955,"7":0.2022784352,"8":0.2081090808,"9":0.2063150406,"10":0.2057768255,"11":0.2111589462,"12":0.2143882364,"13":0.220039472,"14":0.2118765712,"15":0.2225511372,"16":0.219770357,"17":0.2163616866,"18":0.220129177,"19":0.2181557268,"20":0.2169895917,"21":0.2224614322,"22":0.2202188671,"23":0.2245245725,"24":0.2272156477,"25":0.2143882364,"26":0.2163616866,"27":0.2186939418,"28":0.2203085721,"29":0.2170792967,"30":0.2225511372,"31":0.2144779414,"32":0.2171690017,"33":0.2160028666,"34":0.2261392176,"35":0.229458198,"36":0.2182454318,"37":0.2189630419,"38":0.2180660218,"39":0.2234481573,"40":0.220487982,"41":0.2203085721,"42":0.2277538627,"43":0.2235378623,"44":0.2170792967,"45":0.2155543566,"46":0.2158234715,"47":0.2189630419,"48":0.2246142775,"49":0.2159131765},"val_PD_output_auc":{"0":0.5275869966,"1":0.690066576,"2":0.7531077862,"3":0.7872371078,"4":0.809740901,"5":0.8231315613,"6":0.8338055611,"7":0.8412056565,"8":0.8472275734,"9":0.851872921,"10":0.8567631245,"11":0.860922873,"12":0.8648455739,"13":0.8677524924,"14":0.8704671264,"15":0.8726488948,"16":0.875382781,"17":0.8768299818,"18":0.8792162538,"19":0.8804861903,"20":0.8824774027,"21":0.883985281,"22":0.885938406,"23":0.8881135583,"24":0.889139533,"25":0.8902605176,"26":0.8919116259,"27":0.8923848867,"28":0.8944756985,"29":0.8947645426,"30":0.8960932493,"31":0.8969627619,"32":0.897688508,"33":0.8978618979,"34":0.8994801044,"35":0.8998683691,"36":0.900434196,"37":0.900991559,"38":0.901625216,"39":0.9020729661,"40":0.9028611183,"41":0.9038308859,