{"PD_output_accuracy":{"0":0.7505533695,"1":0.6259945035,"2":0.3892465532,"3":0.2595904768,"4":0.199600324,"5":0.1852193922,"6":0.174632892,"7":0.170319885,"8":0.1657918394,"9":0.1680052727,"10":0.1626930535,"11":0.165146783,"12":0.1634392887,"13":0.1653871089,"14":0.167904079,"15":0.1671831459,"16":0.1697507054,"17":0.1694851071,"18":0.1713064313,"19":0.1719767898,"20":0.1720779687,"21":0.1722676903,"22":0.1720779687,"23":0.1726344824,"24":0.1741016656,"25":0.1730392277,"26":0.1756068021,"27":0.173671633,"28":0.1745443642,"29":0.1746834815,"30":0.174632892,"31":0.175480321,"32":0.1754423678,"33":0.17535384,"34":0.1749743968,"35":0.1753285378,"36":0.1750629246,"37":0.1759988964,"38":0.1757712215,"39":0.1760368347,"40":0.1764162779,"41":0.1755814999,"42":0.1761506647,"43":0.1754550189,"44":0.1745823026,"45":0.1769854426,"46":0.1752147079,"47":0.1762392074,"48":0.1743419915,"49":0.1756826937},"PD_output_auc":{"0":0.6194172502,"1":0.7411481142,"2":0.8152648211,"3":0.8361167908,"4":0.8469330072,"5":0.8552646041,"6":0.8626253605,"7":0.868806541,"8":0.8743661642,"9":0.8786093593,"10":0.8828206658,"11":0.8861546516,"12":0.888906002,"13":0.8916543126,"14":0.8940712214,"15":0.8964473605,"16":0.8981853724,"17":0.9002188444,"18":0.9014543891,"19":0.9030942917,"20":0.904073,"21":0.905418396,"22":0.9066502452,"23":0.9078584313,"24":0.9087383747,"25":0.9099436998,"26":0.9106923938,"27":0.9117168188,"28":0.9126557112,"29":0.9134224057,"30":0.9144282341,"31":0.9148290157,"32":0.9156538844,"33":0.916490674,"34":0.9171381593,"35":0.917791307,"36":0.9184170961,"37":0.9189042449,"38":0.9197552204,"39":0.9203233719,"40":0.9209542274,"41":0.9215379953,"42":0.9221242666,"43":0.9228134155,"44":0.9234777689,"45":0.9236061573,"46":0.9243539572,"47":0.9247608781,"48":0.925534606,"49":0.9259977341},"PD_output_loss":{"0":0.4157475829,"1":0.1805409938,"2":0.148297146,"3":0.138886556,"4":0.1343082786,"5":0.1311088204,"6":0.1287729293,"7":0.1266729832,"8":0.1248380765,"9":0.1231927499,"10":0.1215889081,"11":0.1201188117,"12":0.1188280359,"13":0.1177302003,"14":0.1165520251,"15":0.1155393422,"16":0.1146343425,"17":0.1137726307,"18":0.1130361333,"19":0.1121997237,"20":0.1116111651,"21":0.1109730676,"22":0.1103824228,"23":0.1097119078,"24":0.1091497242,"25":0.1086532697,"26":0.108171396,"27":0.1076794863,"28":0.1071542948,"29":0.1067676321,"30":0.106298469,"31":0.1059309542,"32":0.1054277718,"33":0.1050246134,"34":0.104727976,"35":0.1043136939,"36":0.1039762497,"37":0.1035915464,"38":0.1031036749,"39":0.1028056443,"40":0.1025294363,"41":0.1021958888,"42":0.1018270701,"43":0.1014753953,"44":0.1010701805,"45":0.1008258015,"46":0.1003636047,"47":0.1001681164,"48":0.0998102203,"49":0.0994111896},"TD_output_accuracy":{"0":0.0043509607,"1":0.0049833679,"2":0.0098149581,"3":0.016493177,"4":0.019035453,"5":0.0194401946,"6":0.0196678601,"7":0.0197311006,"8":0.0197690465,"9":0.0199334715,"10":0.0201358423,"11":0.020578526,"12":0.0215524342,"13":0.0232599322,"14":0.0264346171,"15":0.0289136525,"16":0.0352883153,"17":0.0400819629,"18":0.0397531092,"19":0.0526289195,"20":0.0546905659,"21":0.0636454523,"22":0.0648217276,"23":0.0722967759,"24":0.0847046077,"25":0.0875251442,"26":0.091395475,"27":0.0981748775,"28":0.0931535661,"29":0.1194364056,"30":0.1077748165,"31":0.1172482744,"32":0.1278727204,"33":0.1319327652,"34":0.1300734878,"35":0.1389145404,"36":0.1368023008,"37":0.1471737772,"38":0.145352453,"39":0.1597586721,"40":0.1682329327,"41":0.160226658,"42":0.171521455,"43":0.1591262668,"44":0.1706234366,"45":0.1748605669,"46":0.1917711198,"47":0.1679926217,"48":0.1799957007,"49":0.1918596625},"TD_output_auc":{"0":0.5855123997,"1":0.70295614,"2":0.7905875444,"3":0.8409616947,"4":0.8638169765,"5":0.8793764114,"6":0.8937100172,"7":0.9054496288,"8":0.9171930552,"9":0.9256052971,"10":0.9307872057,"11":0.9356318712,"12":0.9401622415,"13":0.9438050985,"14":0.9472206235,"15":0.9486606717,"16":0.9512701035,"17":0.9528637528,"18":0.9536513686,"19":0.9556126595,"20":0.956430316,"21":0.9577589631,"22":0.9580909014,"23":0.9597635865,"24":0.9613721967,"25":0.9622187614,"26":0.9634261131,"27":0.9640746713,"28":0.9646553993,"29":0.9665369987,"30":0.9667991996,"31":0.9685311317,"32":0.9680725336,"33":0.9696997404,"34":0.9696668983,"35":0.97077775,"36":0.9712514281,"37":0.9722827077,"38":0.9726737738,"39":0.9733566046,"40":0.9741734266,"41":0.9739391804,"42":0.9746844172,"43":0.9747875929,"44":0.975536406,"45":0.9766626954,"46":0.9773178101,"47":0.9768191576,"48":0.9779974222,"49":0.9782731533},"TD_output_loss":{"0":0.1985178888,"1":0.0714606568,"2":0.0508046821,"3":0.0440121368,"4":0.0406247675,"5":0.0384497233,"6":0.0368490256,"7":0.0355656371,"8":0.0343832113,"9":0.0332463346,"10":0.0322141498,"11":0.0313173681,"12":0.0305304863,"13":0.0298105963,"14":0.029167993,"15":0.0285932273,"16":0.0280515067,"17":0.0275867544,"18":0.0271250047,"19":0.0267634746,"20":0.0262837242,"21":0.0259559788,"22":0.0256911106,"23":0.0252861176,"24":0.0250044558,"25":0.0246100593,"26":0.0244054887,"27":0.0241881851,"28":0.0238618646,"29":0.0236708317,"30":0.0234049447,"31":0.023182882,"32":0.0229360051,"33":0.0227826182,"34":0.0225705616,"35":0.0224097278,"36":0.0221411642,"37":0.0219901353,"38":0.0218304172,"39":0.0215967223,"40":0.0214837026,"41":0.0213216171,"42":0.0212019626,"43":0.0210135058,"44":0.0208871812,"45":0.0206875484,"46":0.020645272,"47":0.0204090681,"48":0.0203110538,"49":0.0201399624},"loss":{"0":0.2853444815,"1":0.1150726676,"2":0.0898237228,"3":0.0819580331,"4":0.0781177655,"5":0.0755108818,"6":0.0736136138,"7":0.0720273033,"8":0.0705524907,"9":0.0692252964,"10":0.067974031,"11":0.0668515861,"12":0.0658414289,"13":0.0649702623,"14":0.064138703,"15":0.0633706748,"16":0.0626912713,"17":0.0620770752,"18":0.0615006872,"19":0.0609607585,"20":0.0604307875,"21":0.0599549189,"22":0.0595677942,"23":0.0590587482,"24":0.0586635023,"25":0.0582254343,"26":0.0579071306,"27":0.0575834699,"28":0.0571734756,"29":0.0569050685,"30":0.0565610193,"31":0.0562710315,"32":0.0559401847,"33":0.0556711331,"34":0.0554241091,"35":0.0551778711,"36":0.0548811071,"37":0.0546334125,"38":0.0543392226,"39":0.054090254,"40":0.0538934655,"41":0.0536654778,"42":0.0534545146,"43":0.0532004237,"44":0.0529647507,"45":0.0527534075,"46":0.0525350869,"47":0.0523143522,"48":0.0521109514,"49":0.0518545583},"val_PD_output_accuracy":{"0":0.7204880118,"1":0.5165948868,"2":0.3130606413,"3":0.2171690017,"4":0.1886437088,"5":0.1850556135,"6":0.1893613189,"7":0.1880157888,"8":0.1973448098,"9":0.180032298,"10":0.19976677,"11":0.1919626892,"12":0.2007534951,"13":0.2064047307,"14":0.2023681402,"15":0.2041621804,"16":0.2089163959,"17":0.2116074711,"18":0.2008432001,"19":0.2058665305,"20":0.2087370008,"21":0.2108898461,"22":0.2131323963,"23":0.2163616866,"24":0.2150161415,"25":0.2191424519,"26":0.2113383561,"27":0.2134912163,"28":0.2153749615,"29":0.2142985314,"30":0.210531041,"31":0.2168998867,"32":0.210620746,"33":0.2117868662,"34":0.2165410817,"35":0.2111589462,"36":0.2237172574,"37":0.2128632963,"38":0.2151058465,"39":0.2153749615,"40":0.2052386105,"41":0.2167204916,"42":0.2085575908,"43":0.2138500214,"44":0.2226408273,"45":0.2120559812,"46":0.2118765712,"47":0.2054180205,"48":0.2135809064,"49":0.210620746},"val_PD_output_auc":{"0":0.6923866868,"1":0.7734450698,"2":0.8039883375,"3":0.8157530427,"4":0.8262273073,"5":0.8354804516,"6":0.8443406224,"7":0.8512052298,"8":0.8582379818,"9":0.863926053,"10":0.8681300282,"11":0.8724890947,"12":0.8767268062,"13":0.8799108863,"14":0.8821994066,"15":0.8843390346,"16":0.8867484927,"17":0.8889963627,"18":0.8897967935,"19":0.8917273283,"20":0.8928922415,"21":0.8946867585,"22":0.8953927159,"23":0.8967823386,"24":0.898639679,"25":0.8992387652,"26":0.9001456499,"27":0.9010668993,"28":0.9015105367,"29":0.902500093,"30":0.9027359486,"31":0.903224647,"32":0.9045702815,"33":0.9055505991,"34":0.9052482843,"35":0.9060406685,"36":0.9064264894,"37":0.907273531,"38":0.9082410336,"39":0.9082947969,"40":0.9083493948,"41":0.9091037512,