{"PD_output_accuracy":{"0":0.0029976096,"1":0.0062228856,"2":0.0290907267,"3":0.0669339672,"4":0.0847551972,"5":0.0889037922,"6":0.0913195834,"7":0.0942033604,"8":0.0968341753,"9":0.0997685418,"10":0.1030191183,"11":0.1066870764,"12":0.1088878512,"13":0.1115692556,"14":0.1141494811,"15":0.1177289039,"16":0.1195249408,"17":0.1228893474,"18":0.1253557354,"19":0.1294537336,"20":0.1301999688,"21":0.1340197176,"22":0.1364734471,"23":0.1392813325,"24":0.1406346858,"25":0.144024387,"26":0.1438093781,"27":0.1478188336,"28":0.1491595358,"29":0.1494883895},"PD_output_auc":{"0":0.4474333525,"1":0.4906541705,"2":0.5688689947,"3":0.6672423482,"4":0.7324518561,"5":0.7730520964,"6":0.7992697954,"7":0.8152618408,"8":0.8263237476,"9":0.8362489939,"10":0.8440257311,"11":0.8502861261,"12":0.8550741673,"13":0.8599213362,"14":0.8639892936,"15":0.8675711751,"16":0.870896101,"17":0.8737448454,"18":0.8766241074,"19":0.8791239262,"20":0.8806881905,"21":0.8828857541,"22":0.8846721649,"23":0.8863666058,"24":0.887812078,"25":0.8890241385,"26":0.890372932,"27":0.8915981054,"28":0.8926227093,"29":0.8936510086},"PD_output_loss":{"0":0.403557539,"1":0.2374101132,"2":0.187939629,"3":0.1680909693,"4":0.1576181799,"5":0.1508801728,"6":0.1460065246,"7":0.1423454434,"8":0.1394720376,"9":0.1369838864,"10":0.1348631233,"11":0.1330794692,"12":0.1315176934,"13":0.1300804317,"14":0.1287230849,"15":0.1274915934,"16":0.1264184266,"17":0.1253833473,"18":0.1244205981,"19":0.1235469505,"20":0.1227275357,"21":0.1219997182,"22":0.1211954728,"23":0.1205101833,"24":0.1198366582,"25":0.1192049235,"26":0.1186628044,"27":0.1180717126,"28":0.1175193191,"29":0.117040433},"TD_output_accuracy":{"0":0.0019225175,"1":0.0019478138,"2":0.0021248879,"3":0.0041991831,"4":0.0088284034,"5":0.0136852898,"6":0.0162275657,"7":0.01803625,"8":0.0188457314,"9":0.0193390083,"10":0.0195160825,"11":0.0196552128,"12":0.0196299162,"13":0.0196425635,"14":0.0196678601,"15":0.0196678601,"16":0.0196425635,"17":0.0196678601,"18":0.0196299162,"19":0.0196805093,"20":0.0196425635,"21":0.0195919722,"22":0.0195919722,"23":0.0195919722,"24":0.0195919722,"25":0.0196172688,"26":0.0196678601,"27":0.0196931567,"28":0.0197563972,"29":0.019958768},"TD_output_auc":{"0":0.4546716213,"1":0.4964842498,"2":0.5498805642,"3":0.6177532673,"4":0.7024308443,"5":0.7745863199,"6":0.8049098253,"7":0.8238061666,"8":0.8333488703,"9":0.8420556784,"10":0.8458101749,"11":0.8493315578,"12":0.8497200012,"13":0.8506294489,"14":0.8549969196,"15":0.858718276,"16":0.8638238907,"17":0.8693372607,"18":0.8720465899,"19":0.8790541887,"20":0.8846721053,"21":0.8908294439,"22":0.8978157043,"23":0.9016742706,"24":0.9078838825,"25":0.9131723642,"26":0.9178580642,"27":0.9214493036,"28":0.927056551,"29":0.9307397604},"TD_output_loss":{"0":0.5553627014,"1":0.2405654341,"2":0.135279879,"3":0.0927015319,"4":0.0722047091,"5":0.0608388223,"6":0.053990867,"7":0.0495280959,"8":0.0464283302,"9":0.0440648347,"10":0.0423186719,"11":0.0410371311,"12":0.0400055833,"13":0.0391727574,"14":0.0384553522,"15":0.0378276519,"16":0.0372231603,"17":0.0367138125,"18":0.036195606,"19":0.0356945954,"20":0.035220582,"21":0.0347031876,"22":0.0342559069,"23":0.0337740108,"24":0.0333277397,"25":0.0329044759,"26":0.0324538015,"27":0.0320421979,"28":0.0316549093,"29":0.0312931575},"loss":{"0":0.4945472479,"1":0.2392731309,"2":0.1563355476,"3":0.1228517741,"4":0.1063742414,"5":0.0968560725,"6":0.090789929,"7":0.0866510272,"8":0.083647877,"9":0.0812337548,"10":0.0793423504,"11":0.0778575316,"12":0.0766098276,"13":0.0755411759,"14":0.0745587945,"15":0.0736936256,"16":0.0729094595,"17":0.0721822754,"18":0.0715086609,"19":0.070833832,"20":0.0702285692,"21":0.0696114004,"22":0.0690372214,"23":0.0684693754,"24":0.0679270104,"25":0.0674202442,"26":0.066937305,"27":0.0664539263,"28":0.0660052672,"29":0.0655891746},"val_PD_output_accuracy":{"0":0.0050233225,"1":0.0089702187,"2":0.0415321141,"3":0.0709544346,"4":0.0783997104,"5":0.0817186907,"6":0.0862935036,"7":0.0887154639,"8":0.0905095115,"9":0.1003767475,"10":0.1063867956,"11":0.1087190509,"12":0.1132041663,"13":0.1163437366,"14":0.1268388927,"15":0.1285432428,"16":0.1352709085,"17":0.1437029094,"18":0.1489056349,"19":0.1419985592,"20":0.1614639461,"21":0.159849301,"22":0.1606566161,"23":0.1637064964,"24":0.1731252223,"25":0.1673842818,"26":0.1839791834,"27":0.1766236126,"28":0.1738428473,"29":0.1890922189},"val_PD_output_auc":{"0":0.424169153,"1":0.4757474661,"2":0.5852184296,"3":0.6787877083,"4":0.7291750908,"5":0.7594771385,"6":0.7790500522,"7":0.7912118435,"8":0.8025043011,"9":0.8142702579,"10":0.8233524561,"11":0.8290883303,"12":0.8347002268,"13":0.8385698199,"14":0.8459384441,"15":0.8495459557,"16":0.8521593809,"17":0.8564391732,"18":0.8592729568,"19":0.8607145548,"20":0.8643711209,"21":0.8668467999,"22":0.867410481,"23":0.8689018488,"24":0.8722178936,"25":0.8737529516,"26":0.8757117391,"27":0.8759634495,"28":0.8778144121,"29":0.8794823885},"val_PD_output_loss":{"0":0.30782938,"1":0.2195864767,"2":0.1909600794,"3":0.17783916,"4":0.1703826785,"5":0.1652395427,"6":0.161265105,"7":0.1585122496,"8":0.155979678,"9":0.1532310694,"10":0.1511319131,"11":0.1494877487,"12":0.1479073316,"13":0.1467299908,"14":0.1450885087,"15":0.1439656764,"16":0.1428984255,"17":0.1418213099,"18":0.1407970637,"19":0.1400188059,"20":0.1390106976,"21":0.1382089704,"22":0.1376929879,"23":0.1370596141,"24":0.1360928863,"25":0.1354707181,"26":0.134606868,"27":0.1343384236,"28":0.1336340606,"29":0.132952705},"val_TD_output_accuracy":{"0":0.0068173665,"1":0.0069967709,"2":0.0087908143,"3":0.0292429142,"4":0.0548977405,"5":0.0723896697,"6":0.0831539258,"7":0.0887154639,"8":0.0927520618,"9":0.094815217,"10":0.0960710421,"11":0.0966092572,"12":0.0968783647,"13":0.0975062773,"14":0.0975959823,"15":0.0975959823,"16":0.0976856872,"17":0.0978650898,"18":0.0977753848,"19":0.0977753848,"20":0.0976856872,"21":0.0976856872,"22":0.0977753848,"23":0.0976856872,"24":0.0975959823,"25":0.0975959823,"26":0.0975959823,"27":0.0974165797,"28":0.0977753848,"29":0.0979547873},"val_TD_output_auc":{"0":0.4617743194,"1":0.5035142899,"2":0.5560045242,"3":0.6487237215,"4":0.7221519351,"5":0.771884799,"6":0.8002544641,"7":0.8137816191,"8":0.8234428763,"9":0.83011204,"10":0.8348451257,"11":0.8390587568,"12":0.8428830504,"13":0.8438717127,"14":0.8482790589,"15":0.8541603088,"16":0.8586703539,"17":0.8583540916,"18":0.8665693998,"19":0.8730686307,"20":0.8782783747,"21":0.8847597837,"22":0.892732501,"23":0.8975877762,"24":0.9013968706,"25":0.9086174369,"26":0.9125076532,"27":0.916739583,"28":0.9212866426,"29":0.9245436788},"val_TD_output_loss":{"0":0.38725245,"1":0.2361797541,"2":0.1903637499,"3":0.1720572859,"4":0.1646262407,"5":0.1607512981,"6":0.1584695876,"7":0.1577178389,"8":0.156568557,"9":0.1550450027,"10":0.1546120942,"11":0.1532589197,"12":0.1533997208,"13":0.1528079808,"14":0.1507877707,"15":0.150825426,"16":0.1497861445,"17":0.1461351663,"18":0.146635294,"19":0.1443035305,"20":0.1436729133,"21":0.1413709968,"22":0.1383751184,"23":0.1369672865,"24":0.1351911277,"25":0.133910954,"26":0.1287385821,"27":0.1297870129,"28":0.1286112517,"29":0.1244290471},"val_loss":{"0":0.3556469083,"1":0.2297473252,"2":0.1908263117,"3":0.1746062934,"4":0.1671749651,"5":0.1628014594,"6":0.159850359,"7":0.1582982987,"8":0.1565954387,"9":0.1545841247,"10":0.1534874439,"11":0.1520156711,"12":0.1514662802,"13":0.1506367475,"14":0.1487724185,"15":0.1483400613,"16":0.1472881138,"17":0.1446655691,"18":0.1445531845,"19":0.142835021,"20":0.1420573145,"21":0.1403508931,"22":0.1383402497,"23":0.1372385472,"24":0.1357899606,"25":0.1347665489,"26":0.1313216537,"27":0.1318342537,"28":0.130846709,"29":0.128066197}}