{"PD_output_accuracy":{"0":0.0586241372,"1":0.1019693166,"2":0.1223960668,"3":0.1390536726,"4":0.1476544142,"5":0.1518915296,"6":0.1549776793,"7":0.1559262872,"8":0.1600116491,"9":0.160947606,"10":0.1612132192,"11":0.1634519398,"12":0.1638819724,"13":0.1660701036,"14":0.1670566499,"15":0.1686882675,"16":0.1673349142,"17":0.1699024886,"18":0.171635285,"19":0.1711672992,"20":0.1718882471,"21":0.1723815203,"22":0.172824204,"23":0.1753791273,"24":0.1738487035,"25":0.174506411,"26":0.1760494858,"27":0.1745823026,"28":0.1759356558,"29":0.1754297316,"30":0.1769475043,"31":0.1765680611,"32":0.1767451316,"33":0.1776811033,"34":0.1775293201,"35":0.1772890091,"36":0.1774154902,"37":0.1773016453,"38":0.1783387959,"39":0.1784905791,"40":0.1783261448,"41":0.1783893853,"42":0.1790470928,"43":0.178477928,"44":0.1792115271,"45":0.177997306,"46":0.179198876,"47":0.1794138849,"48":0.1793759465,"49":0.1796921492},"PD_output_auc":{"0":0.5975720882,"1":0.785032928,"2":0.832952261,"3":0.8485348225,"4":0.8578659892,"5":0.8654880524,"6":0.8713443279,"7":0.8764891624,"8":0.880687356,"9":0.8842000365,"10":0.8875772357,"11":0.8905075192,"12":0.8933499455,"13":0.8958517909,"14":0.8981837034,"15":0.9001005292,"16":0.9019848108,"17":0.9039089084,"18":0.9053405523,"19":0.9067755938,"20":0.908254087,"21":0.9096795321,"22":0.9105628729,"23":0.9119496346,"24":0.91317904,"25":0.9142081738,"26":0.9150015116,"27":0.9162567854,"28":0.9169502854,"29":0.9178516865,"30":0.9188250303,"31":0.9195343852,"32":0.9204493761,"33":0.9212214351,"34":0.9216727614,"35":0.9224355817,"36":0.9233757854,"37":0.9239688516,"38":0.9242675304,"39":0.9252530336,"40":0.9258835316,"41":0.9265630245,"42":0.9271928668,"43":0.9275637865,"44":0.9282820225,"45":0.9287996292,"46":0.9291696548,"47":0.9299746156,"48":0.9304115772,"49":0.9311865568},"PD_output_loss":{"0":0.2585522532,"1":0.1574701369,"2":0.1417236626,"3":0.1349905729,"4":0.1309305876,"5":0.1279914826,"6":0.1256113499,"7":0.1237080172,"8":0.121907115,"9":0.1204459965,"10":0.1190876812,"11":0.1178783476,"12":0.1166462302,"13":0.1154870465,"14":0.1145220101,"15":0.1136061028,"16":0.112680532,"17":0.1119241938,"18":0.1110726744,"19":0.1102773324,"20":0.1096277907,"21":0.1088799015,"22":0.1083637476,"23":0.1077581644,"24":0.1070653573,"25":0.1066035405,"26":0.1059983596,"27":0.1053792387,"28":0.1049644127,"29":0.1045235172,"30":0.1039892063,"31":0.1035880074,"32":0.1030310765,"33":0.1025788411,"34":0.1022709683,"35":0.1018697992,"36":0.1013952643,"37":0.1009243503,"38":0.1006247848,"39":0.1001710147,"40":0.0997320637,"41":0.0994063392,"42":0.0989209041,"43":0.0986593366,"44":0.0982322469,"45":0.0979173928,"46":0.0975205675,"47":0.0971960574,"48":0.0967856944,"49":0.0964477658},"TD_output_accuracy":{"0":0.970605731,"1":0.9391245246,"2":0.8853825927,"3":0.8120233417,"4":0.7075750232,"5":0.5714809895,"6":0.4289237857,"7":0.276640147,"8":0.1740510762,"9":0.125899598,"10":0.0808089748,"11":0.0610146374,"12":0.0552217886,"13":0.055360917,"14":0.0539316759,"15":0.0545261391,"16":0.0608249158,"17":0.0587506182,"18":0.0780516863,"19":0.0690967962,"20":0.0720944107,"21":0.0821749792,"22":0.085994713,"23":0.082997106,"24":0.0771283656,"25":0.0898524001,"26":0.0968721211,"27":0.0839330703,"28":0.0881196037,"29":0.0912310481,"30":0.1024373025,"31":0.0880437121,"32":0.0910539702,"33":0.0998950228,"34":0.0996547118,"35":0.1067503169,"36":0.0979725048,"37":0.1053590178,"38":0.1061052606,"39":0.1072435975,"40":0.1024878919,"41":0.1143265516,"42":0.1062064469,"43":0.1142253652,"44":0.127708286,"45":0.1129226089,"46":0.1364355087,"47":0.1196008325,"48":0.1331722885,"49":0.1181209981},"TD_output_auc":{"0":0.5203694105,"1":0.611952126,"2":0.6987531781,"3":0.7711956501,"4":0.8275549412,"5":0.8660633564,"6":0.8893820643,"7":0.9059222937,"8":0.916985333,"9":0.9239048958,"10":0.929771781,"11":0.932638526,"12":0.9349310398,"13":0.9370817542,"14":0.9391676188,"15":0.941019237,"16":0.9434424639,"17":0.944416225,"18":0.9459933043,"19":0.9485639334,"20":0.9493770599,"21":0.9509434104,"22":0.952385962,"23":0.9539431334,"24":0.9538548589,"25":0.9573271871,"26":0.9588019252,"27":0.9586527348,"28":0.9590517282,"29":0.9607492685,"30":0.9615421891,"31":0.9619242549,"32":0.9621619582,"33":0.9628532529,"34":0.9638704658,"35":0.9645621181,"36":0.9640353322,"37":0.9643291831,"38":0.9660711288,"39":0.9666352868,"40":0.9657788277,"41":0.966037631,"42":0.9665282965,"43":0.9666678905,"44":0.9671698809,"45":0.9687765837,"46":0.9689661264,"47":0.9678277373,"48":0.9693931937,"49":0.9687307477},"TD_output_loss":{"0":0.3593891561,"1":0.1053737849,"2":0.0633020401,"3":0.049963966,"4":0.0436900407,"5":0.0400590301,"6":0.0376467258,"7":0.0358411931,"8":0.0343476608,"9":0.0332562551,"10":0.0322930217,"11":0.0314110294,"12":0.0307450853,"13":0.0300955996,"14":0.0295371171,"15":0.0291330833,"16":0.0286962874,"17":0.0283533614,"18":0.0279720444,"19":0.0276427325,"20":0.0273767952,"21":0.0270415675,"22":0.0267276913,"23":0.026529301,"24":0.0262587089,"25":0.026013609,"26":0.0257836245,"27":0.0256159119,"28":0.0253613573,"29":0.0251853708,"30":0.0250405557,"31":0.0248358082,"32":0.0246382672,"33":0.0244924482,"34":0.0243682284,"35":0.0241479147,"36":0.0240035709,"37":0.0239197258,"38":0.0237321015,"39":0.0236430299,"40":0.0234771445,"41":0.0233263094,"42":0.023292141,"43":0.0230148714,"44":0.0229084957,"45":0.0227948967,"46":0.0226743463,"47":0.0225846916,"48":0.02243069,"49":0.0224682838},"loss":{"0":0.298815757,"1":0.1366188228,"2":0.110364072,"3":0.1009884179,"4":0.0960353166,"5":0.0928292572,"6":0.0904363766,"7":0.0885633901,"8":0.0868802667,"9":0.085577026,"10":0.0843895152,"11":0.083296001,"12":0.0822909549,"13":0.0813299716,"14":0.0805157423,"15":0.0798087195,"16":0.0790783539,"17":0.078497231,"18":0.0778270513,"19":0.0772222504,"20":0.0767326206,"21":0.0761423111,"22":0.0757100806,"23":0.0752610937,"24":0.0747521371,"25":0.0743665248,"26":0.0739135519,"27":0.0734655932,"28":0.0731102899,"29":0.0727703348,"30":0.0724084154,"31":0.0720802471,"32":0.0716703087,"33":0.0713284761,"34":0.0710961521,"35":0.07076554,"36":0.0704372227,"37":0.0701211914,"38":0.0698663518,"39":0.069565922,"40":0.0692254305,"41":0.0689730048,"42":0.0686594993,"43":0.0684064403,"44":0.0680990815,"45":0.0678691491,"46":0.0675837174,"47":0.0673566312,"48":0.0670362934,"49":0.0668610707},"val_PD_output_accuracy":{"0":0.0753498375,"1":0.1094366685,"2":0.1457660645,"3":0.1690886319,"4":0.1851453185,"5":0.1918729842,"6":0.19994618,"7":0.2086472958,"8":0.2049694955,"9":0.1980624348,"10":0.2119662762,"11":0.2020093352,"12":0.2064047307,"13":0.2081090808,"14":0.2115177661,"15":0.209723711,"16":0.2133118063,"17":0.2169895917,"18":0.2116971612,"19":0.2114280611,"20":0.2110692561,"21":0.2186042368,"22":0.2158234715,"23":0.2073017657,"24":0.2118765712,"25":0.2145676315,"26":0.210082531,"27":0.2159131765,"28":0.2168998867,"29":0.2113383561,"30":0.2113383561,"31":0.2121456712,"32":0.2169895917,"33":0.2165410817,"34":0.2153749615,"35":0.2095443159,"36":0.2139397264,"37":0.2070326507,"38":0.2113383561,"39":0.2083781809,"40":0.2096340209,"41":0.2171690017,"42":0.2058665305,"43":0.2065841407,"44":0.2044312954,"45":0.2153749615,"46":0.2085575908,"47":0.2139397264,"48":0.2090061009,"49":0.2063150406},"val_PD_output_auc":{"0":0.7063952684,"1":0.8012773991,"2":0.8234471083,"3":0.8365709782,"4":0.8450169563,"5":0.8514043689,"6":0.8587671518,"7":0.8643158078,"8":0.8684660792,"9":0.872084558,"10":0.8767659068,"11":0.8783658743,"12":0.881647408,"13":0.8846364021,"14":0.8871033192,"15":0.8891060352,"16":0.891182065,"17":0.892906189,"18":0.8942270279,"19":0.8957505226,"20":0.8970149755,"21":0.8983561993,"22":0.8994743824,"23":0.900531888,"24":0.9018934965,"25":0.9024566412,"26":0.9037487507,"27":0.9043593407,"28":0.9054864645,"29":0.9061806798,"30":0.9070074558,"31":0.9079679251,"32":0.9081203341,"33":0.9087915421,"34":0.9091701508,"35":0.9098052979,"36":0.9101837873,"37":0.911000371,"38":0.9112019539,"39":0.9114089012,"40":0.9121286869,"41":0.9119768143,