{"PD_output_accuracy":{"0":0.3737146556,"1":0.2976613641,"2":0.2180160135,"3":0.15698874,"4":0.1415580064,"5":0.1434931755,"6":0.1549903303,"7":0.1623768508,"8":0.1652732641,"9":0.1693712622,"10":0.167436108,"11":0.1690677106,"12":0.1675752252,"13":0.1677270085,"14":0.1684479564,"15":0.1689285785,"16":0.1692447811,"17":0.1685617864,"18":0.1719641387,"19":0.1693965644,"20":0.1704084128,"21":0.1733301282,"22":0.171028167,"23":0.1722297519,"24":0.1723688841,"25":0.1728621572,"26":0.1726724356,"27":0.1735704541,"28":0.1732542515,"29":0.1741016656,"30":0.1743672788,"31":0.1751261652,"32":0.1764668673,"33":0.1756700426,"34":0.1750629246,"35":0.1750123352,"36":0.1767071933,"37":0.175707981,"38":0.1762771457,"39":0.1762518585,"40":0.1761000752,"41":0.1779846549,"42":0.1763909906,"43":0.1759103537,"44":0.1775925606,"45":0.1772510558,"46":0.1765048206,"47":0.1782755554,"48":0.1770486832,"49":0.1777949333},"PD_output_auc":{"0":0.626386404,"1":0.7125673294,"2":0.7575752735,"3":0.7756798267,"4":0.7884243727,"5":0.7998610139,"6":0.8094086647,"7":0.8190324903,"8":0.8274217844,"9":0.8356668949,"10":0.8426699042,"11":0.8496082425,"12":0.8556011319,"13":0.8601709008,"14":0.8642275333,"15":0.8682689071,"16":0.8709256649,"17":0.8740444779,"18":0.8768745065,"19":0.8787085414,"20":0.8808294535,"21":0.8827656507,"22":0.8846259117,"23":0.8862764239,"24":0.8878052235,"25":0.8893090487,"26":0.8904385567,"27":0.8919552565,"28":0.8929628134,"29":0.8940289021,"30":0.8952931166,"31":0.8963106871,"32":0.897472024,"33":0.8983391523,"34":0.8992056251,"35":0.9000400305,"36":0.9007563591,"37":0.9015362859,"38":0.9024263024,"39":0.9031299353,"40":0.9038609862,"41":0.9046548605,"42":0.9053885937,"43":0.9056865573,"44":0.9067477584,"45":0.907284081,"46":0.9079511762,"47":0.9083441496,"48":0.9089859724,"49":0.9094561934},"PD_output_loss":{"0":0.4859562814,"1":0.1997488588,"2":0.159896642,"3":0.1503823996,"4":0.1463761926,"5":0.1435820162,"6":0.1412116438,"7":0.1391585916,"8":0.1371954829,"9":0.1353987753,"10":0.1337343305,"11":0.132068038,"12":0.1305270344,"13":0.1292228848,"14":0.1279712319,"15":0.1268131286,"16":0.1257824302,"17":0.1247404963,"18":0.1238069162,"19":0.1230064631,"20":0.1222258508,"21":0.1215071008,"22":0.1207670793,"23":0.1201200336,"24":0.1195286438,"25":0.1188551411,"26":0.1183460802,"27":0.1177584156,"28":0.1172831431,"29":0.1167878658,"30":0.1162524298,"31":0.1158564761,"32":0.115308091,"33":0.1149454638,"34":0.1145385727,"35":0.1141504794,"36":0.1137452349,"37":0.1133813262,"38":0.1129628643,"39":0.112636447,"40":0.1123406738,"41":0.1119120717,"42":0.1115695685,"43":0.1113843173,"44":0.1109539568,"45":0.1106572226,"46":0.1103080511,"47":0.1100413129,"48":0.1097662598,"49":0.1094715074},"TD_output_accuracy":{"0":0.649089992,"1":0.6110317111,"2":0.6018618345,"3":0.5835220218,"4":0.5386337638,"5":0.4732302129,"6":0.3884370923,"7":0.3044281304,"8":0.2248713076,"9":0.1495263278,"10":0.1168814749,"11":0.1040562615,"12":0.0692612231,"13":0.0803030506,"14":0.0662762597,"15":0.0899535865,"16":0.1064341143,"17":0.1268355697,"18":0.1406093985,"19":0.1508796811,"20":0.1905316114,"21":0.181475535,"22":0.1901521683,"23":0.2065062076,"24":0.2334341109,"25":0.2471446842,"26":0.2451842278,"27":0.2372664958,"28":0.2442229688,"29":0.2626260221,"30":0.2521027625,"31":0.296459794,"32":0.2837484181,"33":0.2882511616,"34":0.2758939266,"35":0.2764883935,"36":0.3007854521,"37":0.3093229532,"38":0.3013166785,"39":0.3198082745,"40":0.3259552717,"41":0.3239315748,"42":0.3337970972,"43":0.3092470765,"44":0.341929853,"45":0.3297497034,"46":0.3370350301,"47":0.3701478839,"48":0.3294335008,"49":0.3631281555},"TD_output_auc":{"0":0.38209939,"1":0.5096200705,"2":0.7420921922,"3":0.8622517586,"4":0.9047595859,"5":0.9235134721,"6":0.9295679331,"7":0.9317305684,"8":0.9330605268,"9":0.9341089129,"10":0.9389556646,"11":0.9405505657,"12":0.9416893721,"13":0.9440450072,"14":0.9449682236,"15":0.9472269416,"16":0.9501532316,"17":0.9513711333,"18":0.9532013535,"19":0.9546974897,"20":0.9565112591,"21":0.9593786001,"22":0.9594715834,"23":0.9618681073,"24":0.9634543657,"25":0.9636772275,"26":0.9652952552,"27":0.96496737,"28":0.9660742879,"29":0.9673650265,"30":0.9683392048,"31":0.9702702165,"32":0.9700838327,"33":0.9708086848,"34":0.9713996649,"35":0.9711900353,"36":0.9724231958,"37":0.9737575054,"38":0.9743438959,"39":0.9754374623,"40":0.9751501083,"41":0.9761337638,"42":0.9770711064,"43":0.9772731662,"44":0.9784659147,"45":0.9787027836,"46":0.9791257977,"47":0.9807289839,"48":0.9803781509,"49":0.9803186655},"TD_output_loss":{"0":0.5228388309,"1":0.1408496648,"2":0.074648343,"3":0.0533799678,"4":0.0438839495,"5":0.0388116241,"6":0.0357816443,"7":0.0337919183,"8":0.032298319,"9":0.0312003698,"10":0.030193992,"11":0.0294997655,"12":0.0288793296,"13":0.0281675383,"14":0.0275639873,"15":0.0269312914,"16":0.0264364257,"17":0.025959529,"18":0.0255107302,"19":0.0250079948,"20":0.0247091874,"21":0.0242818277,"22":0.0238428768,"23":0.0235372819,"24":0.0232791137,"25":0.0229014475,"26":0.022629289,"27":0.0223546084,"28":0.0220551156,"29":0.0217395071,"30":0.0215657111,"31":0.0212809555,"32":0.0210606046,"33":0.020868808,"34":0.020647388,"35":0.0204271022,"36":0.0201360546,"37":0.019974554,"38":0.0198406875,"39":0.0195674878,"40":0.0193994381,"41":0.0192752779,"42":0.0190379154,"43":0.0189048033,"44":0.01878489,"45":0.0185679011,"46":0.0183298308,"47":0.0181854516,"48":0.0180100873,"49":0.0178663936},"loss":{"0":0.5153236985,"1":0.1526006311,"2":0.0916822031,"3":0.0727742612,"4":0.0643697381,"5":0.059769474,"6":0.0568712801,"7":0.0548610464,"8":0.053279534,"9":0.0520408489,"10":0.0509030782,"11":0.0500083305,"12":0.0492020361,"13":0.0483900607,"14":0.0476474762,"15":0.0469178967,"16":0.0463129692,"17":0.0457173921,"18":0.0451694541,"19":0.0446056426,"20":0.0442281179,"21":0.0437259115,"22":0.043224223,"23":0.0428585298,"24":0.0425282866,"25":0.0420858972,"26":0.0417907648,"27":0.0414252169,"28":0.0411147848,"29":0.0407465622,"30":0.0404981039,"31":0.0401933864,"32":0.0399094746,"33":0.0396800153,"34":0.0394192152,"35":0.0391800702,"36":0.0388573408,"37":0.0386549309,"38":0.0384724438,"39":0.0381813571,"40":0.0379841849,"41":0.0378046483,"42":0.0375489518,"43":0.0374119021,"44":0.0372206643,"45":0.0369929858,"46":0.036719881,"47":0.0365573242,"48":0.0363745391,"49":0.036196243},"val_PD_output_accuracy":{"0":0.3379081488,"1":0.2596878409,"2":0.1845173985,"3":0.1581449658,"4":0.1607463211,"5":0.1867599636,"6":0.2047003955,"7":0.2129530013,"8":0.2229996473,"9":0.2182454318,"10":0.2229996473,"11":0.220577687,"12":0.2212952971,"13":0.2215644121,"14":0.2231790423,"15":0.2247039825,"16":0.2245245725,"17":0.2290096879,"18":0.2230893373,"19":0.2284714729,"20":0.229458198,"21":0.2173484117,"22":0.2279332578,"23":0.2308037281,"24":0.2280229628,"25":0.230175823,"26":0.2241657674,"27":0.2292788029,"28":0.230444923,"29":0.2238966674,"30":0.2338536084,"31":0.2318801582,"32":0.2245245725,"33":0.2248833925,"34":0.2282023728,"35":0.2312522382,"36":0.2264083326,"37":0.2267671376,"38":0.2275744528,"39":0.2284714729,"40":0.229996413,"41":0.2260495126,"42":0.2283817679,"43":0.2351094335,"44":0.230624333,"45":0.2273053527,"46":0.2323286682,"47":0.2247936875,"48":0.2267671376,"49":0.2246142775},"val_PD_output_auc":{"0":0.700699687,"1":0.7298871279,"2":0.7474643588,"3":0.7597796917,"4":0.7717959285,"5":0.7844333649,"6":0.7960379124,"7":0.8058770299,"8":0.8150750399,"9":0.8226774931,"10":0.8312792778,"11":0.8371349573,"12":0.8423424959,"13":0.8464224935,"14":0.8511465788,"15":0.8544439673,"16":0.8584491014,"17":0.8609006405,"18":0.8633370399,"19":0.865858078,"20":0.8685130477,"21":0.8702285886,"22":0.8728337288,"23":0.8751208186,"24":0.8762902021,"25":0.8772358298,"26":0.8788642883,"27":0.8810901642,"28":0.8820954561,"29":0.8836264014,"30":0.8845714331,"31":0.8854819536,"32":0.8868125677,"33":0.8873775005,"34":0.8888183236,"35":0.8893048167,"36":0.8903530836,"37":0.8913564086,"38":0.8919754028,"39":0.8930417299,"40":0.8934078217,