{"PD_output_accuracy":{"0":0.3619392216,"1":0.3320390284,"2":0.2314230502,"3":0.1677649468,"4":0.1564954519,"5":0.15830414,"6":0.1596827954,"7":0.1610614359,"8":0.1629713029,"9":0.1618709117,"10":0.1616179496,"11":0.1641349345,"12":0.1622503698,"13":0.1648052931,"14":0.1646408588,"15":0.1644637883,"16":0.1659436226,"17":0.1673855036,"18":0.1673475653,"19":0.1687135696,"20":0.1686503291,"21":0.1701048613,"22":0.1702313423,"23":0.1721032709,"24":0.172596544,"25":0.1718123555,"26":0.1727736145,"27":0.1733301282,"28":0.1730392277,"29":0.1735198647,"30":0.174278751,"31":0.1730139256,"32":0.1751894057,"33":0.1737095863,"34":0.1760494858,"35":0.1744305193,"36":0.1750376374,"37":0.1746961325,"38":0.1756068021,"39":0.1743293405,"40":0.1744937599,"41":0.1741143167,"42":0.1750882268,"43":0.1742028594,"44":0.176074788,"45":0.1742407978,"46":0.1754929721,"47":0.1744811237,"48":0.174392581,"49":0.1753285378},"PD_output_auc":{"0":0.549975872,"1":0.6767883301,"2":0.7714312077,"3":0.8081194162,"4":0.8227254152,"5":0.8337644339,"6":0.8418643475,"7":0.8495032787,"8":0.855954349,"9":0.8616355658,"10":0.8663352728,"11":0.8711442947,"12":0.8748214245,"13":0.8784526587,"14":0.8814727068,"15":0.8843306303,"16":0.8872676492,"17":0.8896400332,"18":0.8917130828,"19":0.8937511444,"20":0.8956426978,"21":0.8975889087,"22":0.8991361856,"23":0.9006524086,"24":0.9021652937,"25":0.9036492109,"26":0.9048384428,"27":0.9058305025,"28":0.9071118236,"29":0.9081128836,"30":0.9092630744,"31":0.9102435112,"32":0.9112294912,"33":0.9121851921,"34":0.9131783843,"35":0.9141575694,"36":0.9149689078,"37":0.9157616496,"38":0.916536808,"39":0.9171882868,"40":0.9181061983,"41":0.9186612368,"42":0.919470489,"43":0.9201122522,"44":0.9206196666,"45":0.921546638,"46":0.9218847156,"47":0.9225171208,"48":0.9231445789,"49":0.9238340855},"PD_output_loss":{"0":0.4983152449,"1":0.2016932219,"2":0.1595626175,"3":0.1477891803,"4":0.1422645003,"5":0.1386069655,"6":0.1357982308,"7":0.1334436387,"8":0.1314599365,"9":0.1297675967,"10":0.1281618625,"11":0.126667574,"12":0.1252971739,"13":0.123986952,"14":0.1228140518,"15":0.121610105,"16":0.120575577,"17":0.1195933297,"18":0.1186262518,"19":0.1177195758,"20":0.1168708056,"21":0.1160879284,"22":0.1152937263,"23":0.1145235002,"24":0.1138712615,"25":0.1132128015,"26":0.112532258,"27":0.1120186597,"28":0.1113556027,"29":0.1107654944,"30":0.1102567911,"31":0.1098128855,"32":0.1092024297,"33":0.108719632,"34":0.1082488745,"35":0.1077909321,"36":0.1073448136,"37":0.1069393978,"38":0.1064417586,"39":0.1060484946,"40":0.1056001857,"41":0.1052472293,"42":0.1048540846,"43":0.1044820845,"44":0.1040478051,"45":0.103720136,"46":0.1033551693,"47":0.1030030698,"48":0.1026786789,"49":0.1023147255},"TD_output_accuracy":{"0":0.0076394775,"1":0.0147856781,"2":0.0198702309,"3":0.0258780979,"4":0.031354744,"5":0.0334290378,"6":0.033188723,"7":0.0317215398,"8":0.0304693729,"9":0.0296978373,"10":0.0296598934,"11":0.0333657973,"12":0.035730999,"13":0.0422321446,"14":0.0464060307,"15":0.0579031929,"16":0.0599774867,"17":0.0699189305,"18":0.0878160521,"19":0.085880883,"20":0.0951140299,"21":0.1154395938,"22":0.1127328873,"23":0.120321773,"24":0.1424180716,"25":0.1252545416,"26":0.1485018283,"27":0.1444164813,"28":0.1706107855,"29":0.1788826734,"30":0.1599357575,"31":0.1761633158,"32":0.1791862249,"33":0.189873904,"34":0.187723726,"35":0.2123243511,"36":0.2042042464,"37":0.2185345888,"38":0.217952773,"39":0.2280586511,"40":0.204039827,"41":0.2258578688,"42":0.2535446584,"43":0.2577438354,"44":0.2219369411,"45":0.2461454868,"46":0.2736299038,"47":0.2511794567,"48":0.265737474,"49":0.2741611302},"TD_output_auc":{"0":0.4896781743,"1":0.6277054548,"2":0.8020962477,"3":0.8753392696,"4":0.8935663104,"5":0.9057896137,"6":0.9105322361,"7":0.9122444987,"8":0.9167299271,"9":0.9192633629,"10":0.9239937067,"11":0.9295949936,"12":0.9338196516,"13":0.9381012917,"14":0.9407228231,"15":0.9444790483,"16":0.9458995461,"17":0.9482095242,"18":0.9500294328,"19":0.9519050717,"20":0.9531404376,"21":0.9547817111,"22":0.9554361701,"23":0.9563531876,"24":0.9581323862,"25":0.9582842588,"26":0.9594513178,"27":0.9605805874,"28":0.961574316,"29":0.9620022774,"30":0.9626133442,"31":0.9629855156,"32":0.9641904235,"33":0.9658288956,"34":0.9663049579,"35":0.9665509462,"36":0.9668866992,"37":0.9681692123,"38":0.9679232836,"39":0.9688506126,"40":0.9682725072,"41":0.969514966,"42":0.9706087708,"43":0.9701948166,"44":0.9713332653,"45":0.9716522098,"46":0.9723049402,"47":0.9727889299,"48":0.973152101,"49":0.9735136628},"TD_output_loss":{"0":0.4976027608,"1":0.1348930299,"2":0.073146075,"3":0.0533557795,"4":0.0445529819,"5":0.0399812385,"6":0.0372111797,"7":0.0352986529,"8":0.0337260962,"9":0.0326218419,"10":0.0316953734,"11":0.0308485329,"12":0.0300415009,"13":0.0293842126,"14":0.0287882369,"15":0.0282616857,"16":0.0277003869,"17":0.0271950178,"18":0.0267512333,"19":0.0264229812,"20":0.0260004457,"21":0.0256243143,"22":0.0254416764,"23":0.0249993894,"24":0.0247975402,"25":0.0245190803,"26":0.0241646003,"27":0.0239181835,"28":0.0237679034,"29":0.0234335661,"30":0.0233224258,"31":0.0230580047,"32":0.0228085369,"33":0.0225408953,"34":0.0224563126,"35":0.0222462974,"36":0.0219852719,"37":0.0218469631,"38":0.0217200443,"39":0.0215481743,"40":0.0213466752,"41":0.0211916585,"42":0.0209709723,"43":0.0209447481,"44":0.0206899941,"45":0.0205953997,"46":0.0204696935,"47":0.020177247,"48":0.0200790837,"49":0.0199182685},"loss":{"0":0.4977418184,"1":0.16159603,"2":0.1077072769,"3":0.0911461487,"4":0.0836276636,"5":0.0794276968,"6":0.0766429529,"7":0.0745465383,"8":0.0728232488,"9":0.0714803711,"10":0.0702832714,"11":0.0691827834,"12":0.0681401566,"13":0.0672203153,"14":0.0663913786,"15":0.0655994937,"16":0.0648571104,"17":0.0641608313,"18":0.0635054633,"19":0.0629416332,"20":0.0623375326,"21":0.0618127808,"22":0.0613819323,"23":0.0608060919,"24":0.060427133,"25":0.0599973463,"26":0.0595054664,"27":0.0591521487,"28":0.0588013567,"29":0.058355514,"30":0.0580935888,"31":0.0577528402,"32":0.0573641248,"33":0.0570177697,"34":0.0567756481,"35":0.0564671382,"36":0.0561218224,"37":0.0558905266,"38":0.0556067377,"39":0.0553403907,"40":0.055049058,"41":0.0548063815,"42":0.0545261353,"43":0.0543539487,"44":0.054058671,"45":0.0538426824,"46":0.0536303855,"47":0.0533154942,"48":0.0531222112,"49":0.0528721698},"val_PD_output_accuracy":{"0":0.3641011715,"1":0.3128812313,"2":0.2248833925,"3":0.2020990252,"4":0.2062253356,"5":0.2135809064,"6":0.2187836319,"7":0.2248833925,"8":0.2207570821,"9":0.2212055922,"10":0.2288302779,"11":0.2208467871,"12":0.2247039825,"13":0.2237172574,"14":0.2211159021,"15":0.2275744528,"16":0.2256907076,"17":0.2191424519,"18":0.2253319025,"19":0.2188733369,"20":0.2242554724,"21":0.2230893373,"22":0.2296376079,"23":0.2290096879,"24":0.2226408273,"25":0.2273053527,"26":0.2256907076,"27":0.2238966674,"28":0.2239863724,"29":0.2242554724,"30":0.2257804126,"31":0.230444923,"32":0.230086118,"33":0.2290993929,"34":0.2282023728,"35":0.2275744528,"36":0.2226408273,"37":0.2229996473,"38":0.2178866118,"39":0.2255112976,"40":0.220129177,"41":0.2267671376,"42":0.2237172574,"43":0.2247936875,"44":0.2182454318,"45":0.2231790423,"46":0.219321847,"47":0.2190527469,"48":0.2190527469,"49":0.220129177},"val_PD_output_auc":{"0":0.6496493816,"1":0.7455297709,"2":0.7853105068,"3":0.8013513684,"4":0.811604619,"5":0.820105195,"6":0.8289892673,"7":0.8371451497,"8":0.8431366682,"9":0.8483197093,"10":0.8549150825,"11":0.857896924,"12":0.8623084426,"13":0.8656191826,"14":0.8680874109,"15":0.8718533516,"16":0.8743743896,"17":0.8762771487,"18":0.8787914515,"19":0.8815822601,"20":0.8828477263,"21":0.8843002915,"22":0.8866000175,"23":0.888186574,"24":0.8895996809,"25":0.89064008,"26":0.8917376399,"27":0.8930493593,"28":0.8942181468,"29":0.8957708478,"30":0.8966419697,"31":0.8976536393,"32":0.8984705806,"33":0.8994727731,"34":0.9001669884,"35":0.900472641,"36":0.9015468359,"37":0.9024146199,"38":0.9026933908,"39":0.9035412073,"40":0.9037792683,"41":0.9044222832,