{"PD_output_accuracy":{"0":0.0962397084,"1":0.1321857274,"2":0.1827277094,"3":0.216637373,"4":0.2023829222,"5":0.1751261652,"6":0.1514867991,"7":0.1412165016,"8":0.1332987696,"9":0.1372323334,"10":0.1412038505,"11":0.1486789137,"12":0.1510947049,"13":0.1585191637,"14":0.1631863266,"15":0.1629207134,"16":0.1647040993,"17":0.1663104147,"18":0.1701048613,"19":0.1684479564,"20":0.1682708859,"21":0.16671516,"22":0.1664116085,"23":0.165753901,"24":0.166588679,"25":0.1642361283,"26":0.1645776182,"27":0.1638693213,"28":0.1657665521,"29":0.164906472},"PD_output_auc":{"0":0.4210987687,"1":0.4710393846,"2":0.5554898977,"3":0.6483978033,"4":0.7048416138,"5":0.7315872908,"6":0.7464549541,"7":0.7578504682,"8":0.7667808533,"9":0.7750583887,"10":0.7828568816,"11":0.7909101248,"12":0.7984919548,"13":0.8048284054,"14":0.8110215664,"15":0.8163093328,"16":0.8213837743,"17":0.8265004158,"18":0.8306071758,"19":0.8340896964,"20":0.8378930092,"21":0.8403942585,"22":0.8439358473,"23":0.846521616,"24":0.8491318226,"25":0.8512183428,"26":0.8533953428,"27":0.8556848764,"28":0.8573236465,"29":0.8591601253},"PD_output_loss":{"0":0.4390592873,"1":0.2527913451,"2":0.1952088475,"3":0.1731260121,"4":0.1630335301,"5":0.1576995701,"6":0.1544401795,"7":0.1521010101,"8":0.150320217,"9":0.1487732828,"10":0.1472881138,"11":0.1458118111,"12":0.144408226,"13":0.1430642009,"14":0.1417731941,"15":0.1405806243,"16":0.1394494325,"17":0.1383427978,"18":0.1374298483,"19":0.1365586221,"20":0.1357717067,"21":0.1350060105,"22":0.1342799366,"23":0.1335872412,"24":0.1329212934,"25":0.1322440505,"26":0.1316502243,"27":0.1310705543,"28":0.1305134743,"29":0.1299432218},"TD_output_accuracy":{"0":0.0089295879,"1":0.0073738666,"2":0.0093975691,"3":0.0107762171,"4":0.0142418081,"5":0.0184789356,"6":0.0216915626,"7":0.0237785075,"8":0.024006173,"9":0.0230955072,"10":0.0228298958,"11":0.0230196174,"12":0.0227287114,"13":0.0226022303,"14":0.0221595448,"15":0.0224757474,"16":0.0229563769,"17":0.023841748,"18":0.0237026177,"19":0.0242085438,"20":0.0254480615,"21":0.0266875792,"22":0.0285215601,"23":0.0313420966,"24":0.0339476131,"25":0.038703315,"26":0.0419412367,"27":0.050137233,"28":0.0568913408,"29":0.0589656383},"TD_output_auc":{"0":0.4673855007,"1":0.5432011485,"2":0.6060812473,"3":0.6662482023,"4":0.7377912998,"5":0.7940634489,"6":0.8307608366,"7":0.8557415009,"8":0.8742979765,"9":0.8866792917,"10":0.8963776827,"11":0.9018435478,"12":0.9060163498,"13":0.909255147,"14":0.9104517698,"15":0.911847949,"16":0.9142388105,"17":0.9154945612,"18":0.9178987741,"19":0.91941607,"20":0.9226945639,"21":0.9249134064,"22":0.926218152,"23":0.9279505014,"24":0.9293650389,"25":0.9327894449,"26":0.9339668751,"27":0.9369174242,"28":0.9397017956,"29":0.9393690825},"TD_output_loss":{"0":0.4486455917,"1":0.1974842101,"2":0.1174660623,"3":0.0841972008,"4":0.0674624369,"5":0.0578715168,"6":0.0518050231,"7":0.0476802252,"8":0.0446663797,"9":0.0423577987,"10":0.0405160114,"11":0.0390897878,"12":0.0379786044,"13":0.0370384715,"14":0.0362350047,"15":0.0355351046,"16":0.0348930657,"17":0.0342739895,"18":0.0337497853,"19":0.0331956632,"20":0.032733079,"21":0.0323278084,"22":0.0319321565,"23":0.031521868,"24":0.0311655868,"25":0.0308215264,"26":0.0304196645,"27":0.0300906114,"28":0.0298925061,"29":0.0294907168},"loss":{"0":0.4466390908,"1":0.2085235566,"2":0.1330107003,"3":0.1019717753,"4":0.0865723193,"5":0.0778368264,"6":0.0723402873,"7":0.0685591027,"8":0.0657950565,"9":0.063635923,"10":0.0618714467,"11":0.0604343489,"12":0.0592613854,"13":0.0582417063,"14":0.0573380142,"15":0.0565518327,"16":0.0558121838,"17":0.0550824217,"18":0.0544893853,"19":0.0538637377,"20":0.0533334389,"21":0.0528603718,"22":0.0524009801,"23":0.0519424304,"24":0.0515159555,"25":0.0510981269,"26":0.0506629385,"27":0.0502898991,"28":0.0500054471,"29":0.0495758019},"val_PD_output_accuracy":{"0":0.0973268747,"1":0.1646035165,"2":0.2122353762,"3":0.2087370008,"4":0.1896304339,"5":0.149982065,"6":0.1447793394,"7":0.1312343031,"8":0.1465733796,"9":0.1524040252,"10":0.1655005366,"11":0.1768030077,"12":0.1806602031,"13":0.1962683946,"14":0.1935773194,"15":0.2067635506,"16":0.2069429457,"17":0.2069429457,"18":0.2284714729,"19":0.2283817679,"20":0.2211159021,"21":0.2349300385,"22":0.2274847478,"23":0.2289199829,"24":0.2139397264,"25":0.2222820222,"26":0.2217438072,"27":0.2229099423,"28":0.2151955515,"29":0.2175278068},"val_PD_output_auc":{"0":0.4490292668,"1":0.5089401007,"2":0.5918633938,"3":0.6574268937,"4":0.6911985874,"5":0.710401535,"6":0.7221213579,"7":0.7314357758,"8":0.7397916913,"9":0.747440815,"10":0.756886363,"11":0.7658973932,"12":0.7748531103,"13":0.7814737558,"14":0.7881596088,"15":0.7930787206,"16":0.7998512983,"17":0.8062024713,"18":0.8108386397,"19":0.8167016506,"20":0.8181533813,"21":0.8230670691,"22":0.8270130157,"23":0.8296644092,"24":0.8306646943,"25":0.8344501257,"26":0.8376156092,"27":0.8392394781,"28":0.8415973783,"29":0.8423048258},"val_PD_output_loss":{"0":0.3224861622,"1":0.2264648527,"2":0.1950832456,"3":0.1824482977,"4":0.1762762815,"5":0.1728501469,"6":0.1705891341,"7":0.1689053178,"8":0.1675187945,"9":0.1661275178,"10":0.1645414829,"11":0.1629049331,"12":0.1612870544,"13":0.1598346531,"14":0.1585547477,"15":0.1573898941,"16":0.156095475,"17":0.1550299227,"18":0.1538176686,"19":0.1528143734,"20":0.1522344202,"21":0.1513272673,"22":0.1505130082,"23":0.1497885585,"24":0.149274677,"25":0.1484443545,"26":0.1477779895,"27":0.1470978856,"28":0.1465925872,"29":0.1462599635},"val_TD_output_accuracy":{"0":0.0119303912,"1":0.0150699681,"2":0.0196447801,"3":0.0281664878,"4":0.055166848,"5":0.0755292401,"6":0.0885360613,"7":0.0986724049,"8":0.099748835,"9":0.1015428752,"10":0.1012737751,"11":0.1008252576,"12":0.1017222852,"13":0.1004664525,"14":0.10028705,"15":0.0985827073,"16":0.1000179425,"17":0.1042339429,"18":0.1014531776,"19":0.1026193053,"20":0.1035163254,"21":0.1012737751,"22":0.1072838157,"23":0.1098851785,"24":0.1175098643,"25":0.1177789718,"26":0.1341047734,"27":0.1356297135,"28":0.1537495553,"29":0.1585934758},"val_TD_output_auc":{"0":0.4862888753,"1":0.5592215657,"2":0.6101759672,"3":0.6706057787,"4":0.7395467162,"5":0.7909219265,"6":0.8247300386,"7":0.845887959,"8":0.8612157106,"9":0.8751190305,"10":0.8847955465,"11":0.8893408775,"12":0.894382596,"13":0.8952163458,"14":0.8997122645,"15":0.8986144066,"16":0.9038264751,"17":0.9088519216,"18":0.9091330767,"19":0.9117692709,"20":0.91342026,"21":0.9128448963,"22":0.9163455963,"23":0.9184502959,"24":0.9213132858,"25":0.9220997095,"26":0.9249300361,"27":0.9268853664,"28":0.9280024767,"29":0.9310204983},"val_TD_output_loss":{"0":0.3248669505,"1":0.2156589925,"2":0.1823109984,"3":0.1699467599,"4":0.1635394245,"5":0.1602652967,"6":0.1571653187,"7":0.1556225717,"8":0.1525507122,"9":0.1499544829,"10":0.1463623345,"11":0.1442402303,"12":0.144294709,"13":0.1411684006,"14":0.1403509229,"15":0.1365842074,"16":0.1363026649,"17":0.1384096295,"18":0.1319812834,"19":0.1312457621,"20":0.1296119243,"21":0.1242144629,"22":0.1271445304,"23":0.125178203,"24":0.1260160655,"25":0.1225218028,"26":0.1251113266,"27":0.1216530651,"28":0.1217965931,"29":0.1189581752},"val_loss":{"0":0.3245605528,"1":0.218002364,"2":0.1850589514,"3":0.1726497114,"4":0.1662996113,"5":0.16299963,"6":0.1600726545,"7":0.1585008949,"8":0.1557700485,"9":0.1534151584,"10":0.1502322257,"11":0.1482120901,"12":0.1479349732,"13":0.1451497078,"14":0.1442427933,"15":0.1410033405,"16":0.1405197829,"17":0.1419903785,"18":0.1366146505,"19":0.1358233541,"20":0.1344005466,"21":0.129911989,"22":0.1320857555,"23":0.1303670704,"24":0.1309258193,"25":0.1279702932,"26":0.1299006939,"27":0.1270025223,"28":0.1270185262,"29":0.1246704012}}