{"PD_output_accuracy":{"0":0.6345193386,"1":0.3592072129,"2":0.1842454821,"3":0.1542946845,"4":0.1511579454,"5":0.1605681628,"6":0.1628321707,"7":0.1675119847,"8":0.1684479564,"9":0.1742913872,"10":0.1722803414,"11":0.1752020568,"12":0.1732795388,"13":0.1759103537,"14":0.177036047,"15":0.1748226136,"16":0.1756447405,"17":0.1774154902,"18":0.1774913669,"19":0.1778708249,"20":0.1782755554,"21":0.1765174717,"22":0.1783640981,"23":0.178477928,"24":0.178591758,"25":0.178111136,"26":0.1770992875,"27":0.1781743765,"28":0.1805901676,"29":0.1756700426,"30":0.1789206117,"31":0.1780858338,"32":0.1778834611,"33":0.1782249659,"34":0.1784020364,"35":0.1780731827,"36":0.1777063906,"37":0.1782249659,"38":0.1798312813,"39":0.1767451316,"40":0.1783893853,"41":0.1788067818,"42":0.1781743765,"43":0.1784399897,"44":0.178477928,"45":0.1783387959,"46":0.1779087633,"47":0.1782882065,"48":0.179072395,"49":0.1787056029},"PD_output_auc":{"0":0.650303781,"1":0.7669221759,"2":0.8095948696,"3":0.8305721283,"4":0.8449813128,"5":0.8551768661,"6":0.8631355166,"7":0.8695011139,"8":0.8742842674,"9":0.8784219623,"10":0.8822032213,"11":0.8852409124,"12":0.8886340857,"13":0.890746057,"14":0.8932187557,"15":0.8952702284,"16":0.8974847794,"17":0.8995223045,"18":0.9009771347,"19":0.9025230408,"20":0.9041239023,"21":0.905657053,"22":0.9066823125,"23":0.9084857106,"24":0.9093426466,"25":0.9107736349,"26":0.9114104509,"27":0.9125472307,"28":0.913723588,"29":0.9144473076,"30":0.9151479006,"31":0.9162771106,"32":0.9172451496,"33":0.9181439281,"34":0.9188026786,"35":0.9196795821,"36":0.9203777313,"37":0.9211211205,"38":0.9217330217,"39":0.9224411249,"40":0.9232034683,"41":0.9240953922,"42":0.9250190854,"43":0.9254015684,"44":0.9259000421,"45":0.9264113903,"46":0.9270617962,"47":0.9279357791,"48":0.9282999039,"49":0.9287497401},"PD_output_loss":{"0":0.2420798689,"1":0.1556602418,"2":0.1438496411,"3":0.1386922747,"4":0.1351662576,"5":0.132411018,"6":0.1300426126,"7":0.1279619932,"8":0.1262363344,"9":0.1246055514,"10":0.1231164932,"11":0.1217780039,"12":0.1205066293,"13":0.1193487048,"14":0.1181862354,"15":0.117203176,"16":0.1162292808,"17":0.115304552,"18":0.1145041957,"19":0.1137027666,"20":0.112890929,"21":0.1121313944,"22":0.1115129441,"23":0.1107883379,"24":0.1102283671,"25":0.109553501,"26":0.1089790314,"27":0.1084564552,"28":0.1079198644,"29":0.1073885188,"30":0.1068742052,"31":0.1063904017,"32":0.1058431566,"33":0.1054277867,"34":0.1050439328,"35":0.1045556441,"36":0.1041302606,"37":0.1036850438,"38":0.1032915786,"39":0.1028929949,"40":0.1024902686,"41":0.1020354182,"42":0.1016099006,"43":0.1012560427,"44":0.1009561718,"45":0.100565657,"46":0.100219883,"47":0.0997940004,"48":0.0994312018,"49":0.099137038},"TD_output_accuracy":{"0":0.0044015534,"1":0.0185295269,"2":0.0341752805,"3":0.0383744612,"4":0.0371602401,"5":0.0324045382,"6":0.0282812454,"7":0.0256124865,"8":0.0236520246,"9":0.0233358219,"10":0.0224251561,"11":0.0232472848,"12":0.0239682291,"13":0.0257895608,"14":0.0296851881,"15":0.0340993889,"16":0.0407396629,"17":0.0449894406,"18":0.0571063608,"19":0.0624312274,"20":0.0675537288,"21":0.0758635551,"22":0.0809228122,"23":0.1011724845,"24":0.1017163545,"25":0.1125684604,"26":0.1111518666,"27":0.1233699769,"28":0.1243565306,"29":0.122130461,"30":0.1450868398,"31":0.1304149926,"32":0.1342853159,"33":0.1571658105,"34":0.151474148,"35":0.1400402188,"36":0.1714708656,"37":0.1531689912,"38":0.1581144184,"39":0.1378394514,"40":0.1673222631,"41":0.1710914075,"42":0.1695103943,"43":0.1715973467,"44":0.1601001769,"45":0.1773395985,"46":0.1759483069,"47":0.1751767695,"48":0.1902659982,"49":0.1841063499},"TD_output_auc":{"0":0.5538183451,"1":0.679702282,"2":0.7665388584,"3":0.8208280206,"4":0.8571921587,"5":0.8842368126,"6":0.9012743235,"7":0.9113901854,"8":0.9149110317,"9":0.9183305502,"10":0.9192943573,"11":0.9233250618,"12":0.9264474511,"13":0.9309363961,"14":0.9361510873,"15":0.9393148422,"16":0.9433722496,"17":0.9453605413,"18":0.9492525458,"19":0.9503442049,"20":0.9523062706,"21":0.9535113573,"22":0.9541361928,"23":0.9556158781,"24":0.9570950866,"25":0.9584674835,"26":0.9588363171,"27":0.9603505135,"28":0.9608802795,"29":0.9613642097,"30":0.9618164897,"31":0.9627936482,"32":0.9637496471,"33":0.9645656943,"34":0.9650337696,"35":0.9646003246,"36":0.9663793445,"37":0.9656379223,"38":0.9666878581,"39":0.9662698507,"40":0.9677909613,"41":0.968429327,"42":0.9684807658,"43":0.9691039324,"44":0.9690986276,"45":0.9698492289,"46":0.9697083831,"47":0.9702390432,"48":0.9707379937,"49":0.9714506865},"TD_output_loss":{"0":0.4430234432,"1":0.1227837875,"2":0.0686371848,"3":0.0517588928,"4":0.0443398245,"5":0.0404181704,"6":0.0378649235,"7":0.0360593274,"8":0.0346971191,"9":0.0336070172,"10":0.0326682031,"11":0.0318394639,"12":0.0311515275,"13":0.0304843802,"14":0.0298725422,"15":0.0292827729,"16":0.0287525542,"17":0.0282536726,"18":0.0278856792,"19":0.0274200235,"20":0.0271052923,"21":0.0267910957,"22":0.0264575016,"23":0.0261505526,"24":0.0258001685,"25":0.0255765337,"26":0.0252846535,"27":0.0250195879,"28":0.0248625763,"29":0.024585342,"30":0.0244511832,"31":0.024177799,"32":0.0240500942,"33":0.0238092989,"34":0.023610862,"35":0.0234118085,"36":0.023264993,"37":0.0231290776,"38":0.023033727,"39":0.0228227451,"40":0.0226265583,"41":0.0224706475,"42":0.0222907681,"43":0.02218863,"44":0.0220849868,"45":0.0219020247,"46":0.021816276,"47":0.0216229875,"48":0.0214792322,"49":0.0214064959},"loss":{"0":0.3424643874,"1":0.1392081976,"2":0.1062390283,"3":0.0952310562,"4":0.089749746,"5":0.0864057317,"6":0.0839466229,"7":0.08200185,"8":0.0804752856,"9":0.0790988356,"10":0.0778801739,"11":0.0768002644,"12":0.0758318752,"13":0.0749164224,"14":0.0740268677,"15":0.0732445866,"16":0.072482124,"17":0.0717933476,"18":0.0711977854,"19":0.0705574676,"20":0.0699985474,"21":0.0694728792,"22":0.0689947307,"23":0.0684642419,"24":0.0680155754,"25":0.0675566122,"26":0.0671464652,"27":0.0667487979,"28":0.0663885996,"29":0.0659777671,"30":0.065660134,"31":0.0652740747,"32":0.0649318397,"33":0.0646128282,"34":0.0643246472,"35":0.0639863759,"36":0.0636971965,"37":0.0634039044,"38":0.0631475374,"39":0.0628624484,"40":0.0625459626,"41":0.0622588433,"42":0.0619423166,"43":0.0617270805,"44":0.0615175553,"45":0.0612354986,"46":0.0610103458,"47":0.0607221425,"48":0.0604569092,"49":0.0602692738},"val_PD_output_accuracy":{"0":0.5339971185,"1":0.2320595682,"2":0.1654108316,"3":0.1653211415,"4":0.1845173985,"5":0.190617159,"6":0.20039469,"7":0.2108898461,"8":0.2145676315,"9":0.2142088264,"10":0.2219232172,"11":0.2148367465,"12":0.2282920778,"13":0.219770357,"14":0.2107104361,"15":0.2188733369,"16":0.2312522382,"17":0.2154646516,"18":0.2190527469,"19":0.2187836319,"20":0.2164513767,"21":0.2191424519,"22":0.2146573365,"23":0.2209364921,"24":0.2169895917,"25":0.2207570821,"26":0.2236275524,"27":0.2257804126,"28":0.2133118063,"29":0.2207570821,"30":0.2122353762,"31":0.2211159021,"32":0.2181557268,"33":0.2142088264,"34":0.2180660218,"35":0.2123250812,"36":0.2191424519,"37":0.2163616866,"38":0.2175278068,"39":0.2160925716,"40":0.2251524925,"41":0.2108898461,"42":0.2159131765,"43":0.2108898461,"44":0.2148367465,"45":0.2115177661,"46":0.2182454318,"47":0.2207570821,"48":0.2150161415,"49":0.2178866118},"val_PD_output_auc":{"0":0.7265173197,"1":0.7745617628,"2":0.8008138537,"3":0.8188696504,"4":0.8326212168,"5":0.8417615891,"6":0.8496562243,"7":0.8558009863,"8":0.8608314991,"9":0.8655651808,"10":0.8688858747,"11":0.8741788864,"12":0.8763229847,"13":0.8789906502,"14":0.8819394708,"15":0.884098351,"16":0.8858428001,"17":0.8875460625,"18":0.8889758587,"19":0.8907142878,"20":0.8920652866,"21":0.8935528994,"22":0.8943699598,"23":0.8953539133,"24":0.8965764642,"25":0.896946311,"26":0.8985562921,"27":0.8996655941,"28":0.9001606703,"29":0.901050508,"30":0.9019073248,"31":0.9027330279,"32":0.9034258127,"33":0.9034659266,"34":0.9045145512,"35":0.9055376649,"36":0.905888617,"37":0.9068087339,"38":0.9073698521,"39":0.9076559544,"40":0.9076820016,