{"PD_output_accuracy":{"0":0.0366669632,"1":0.0370464064,"2":0.0424724594,"3":0.0547791012,"4":0.0774698704,"5":0.0951140299,"6":0.1045874879,"7":0.1092546508,"8":0.1133273542,"9":0.1172103286,"10":0.1193858087,"11":0.1205747351,"12":0.1242932901,"13":0.1275691539,"14":0.1329572648,"15":0.1353351176,"16":0.1391928047,"17":0.1418236196,"18":0.1410394311,"19":0.1458963156,"20":0.1491468847,"21":0.1483626962,"22":0.1493492573,"23":0.151347667,"24":0.1494883895,"25":0.1532069445,"26":0.1520812511,"27":0.1541808546,"28":0.1530804634,"29":0.1557745188},"PD_output_auc":{"0":0.468830049,"1":0.5135867596,"2":0.5906250477,"3":0.6662166715,"4":0.7255465984,"5":0.7654487491,"6":0.7881675959,"7":0.8020792603,"8":0.8128174543,"9":0.8208844066,"10":0.8265465498,"11":0.8313734531,"12":0.8361493945,"13":0.8393316269,"14":0.8429291844,"15":0.8461139202,"16":0.8496930003,"17":0.8530424833,"18":0.8563975692,"19":0.8590972424,"20":0.8621189594,"21":0.8649380207,"22":0.8674851656,"23":0.8697804213,"24":0.8721728325,"25":0.8738026023,"26":0.8760762215,"27":0.8780066371,"28":0.8796160221,"29":0.8807163239},"PD_output_loss":{"0":0.6148802042,"1":0.3192268312,"2":0.220349431,"3":0.1829900742,"4":0.1660068333,"5":0.1566736549,"6":0.1508659571,"7":0.1469694227,"8":0.1438308954,"9":0.1413165331,"10":0.1393537372,"11":0.1375784725,"12":0.1361065358,"13":0.1349022239,"14":0.13372159,"15":0.1326721609,"16":0.1316553056,"17":0.1306540072,"18":0.129725799,"19":0.1288442016,"20":0.1280763,"21":0.1272142828,"22":0.1264699996,"23":0.1257811189,"24":0.1250536442,"25":0.1243922785,"26":0.1237351671,"27":0.123127833,"28":0.1225460917,"29":0.1219810769},"TD_output_accuracy":{"0":0.001960462,"1":0.0019478138,"2":0.0019857583,"3":0.0022007767,"4":0.0028078875,"5":0.0041865348,"6":0.0063873115,"7":0.0103588281,"8":0.0155192697,"9":0.0204899888,"10":0.0223113224,"11":0.0220963042,"12":0.0219951179,"13":0.0215650816,"14":0.0212615263,"15":0.0210971013,"16":0.0210085642,"17":0.0208567865,"18":0.0208694339,"19":0.0208567865,"20":0.020793546,"21":0.0209706184,"22":0.0208314899,"23":0.0211603418,"24":0.0211350452,"25":0.0210971013,"26":0.0211982857,"27":0.0211982857,"28":0.0211603418,"29":0.0215271376},"TD_output_auc":{"0":0.4110819101,"1":0.4354071021,"2":0.4671795368,"3":0.5148259401,"4":0.5810490847,"5":0.652782321,"6":0.7247921228,"7":0.7882396579,"8":0.832711339,"9":0.8587864637,"10":0.872202754,"11":0.8780574203,"12":0.8798567057,"13":0.8793754578,"14":0.878625989,"15":0.8784714937,"16":0.8787302375,"17":0.8807239532,"18":0.8807623386,"19":0.882717669,"20":0.8850549459,"21":0.8864784837,"22":0.8890662789,"23":0.8912927508,"24":0.8942542076,"25":0.898347497,"26":0.9009017944,"27":0.9046353102,"28":0.9082058072,"29":0.9109245539},"TD_output_loss":{"0":0.691639483,"1":0.3173811138,"2":0.1755979061,"3":0.1161078885,"4":0.0869168639,"5":0.0708624125,"6":0.0611846447,"7":0.0549229309,"8":0.0506471768,"9":0.0476375446,"10":0.0454091951,"11":0.0437212512,"12":0.0423281603,"13":0.041168645,"14":0.0402407907,"15":0.039449852,"16":0.0387939438,"17":0.0382492021,"18":0.0377540253,"19":0.0372911096,"20":0.0368460119,"21":0.036465466,"22":0.036092028,"23":0.0357468687,"24":0.0353927724,"25":0.0350620002,"26":0.0347278379,"27":0.0343996063,"28":0.03410054,"29":0.0337827913},"loss":{"0":0.6454716921,"1":0.3184506893,"2":0.2024277151,"3":0.1562383026,"4":0.1343649328,"5":0.1223464683,"6":0.1149885729,"7":0.1101577058,"8":0.1065548807,"9":0.1038459018,"10":0.1017948687,"11":0.1000347733,"12":0.0985956565,"13":0.0974091962,"14":0.0963294581,"15":0.0953752771,"16":0.0945171118,"17":0.09368366,"18":0.0929394737,"19":0.0922190323,"20":0.0915845707,"21":0.0909196883,"22":0.0903283432,"23":0.0897695348,"24":0.0891815349,"25":0.0886684805,"26":0.0881478116,"27":0.0876347572,"28":0.0871672481,"29":0.0867061019},"val_PD_output_accuracy":{"0":0.0336383209,"1":0.0379440263,"2":0.0482597761,"3":0.0603695735,"4":0.0720308572,"5":0.0899712965,"6":0.0966989622,"7":0.1030678153,"8":0.1082705408,"9":0.1106027961,"10":0.1138320789,"11":0.1126659513,"12":0.1369752437,"13":0.1470218897,"14":0.1380516738,"15":0.1442411244,"16":0.169895947,"17":0.1506099701,"18":0.1741119474,"19":0.169178322,"20":0.1740222424,"21":0.1854144186,"22":0.1845173985,"23":0.1881951988,"24":0.1915141791,"25":0.1889128089,"26":0.1911553591,"27":0.1811984181,"28":0.2008432001,"29":0.1955507696},"val_PD_output_auc":{"0":0.478761375,"1":0.5484412909,"2":0.6158009768,"3":0.6694342494,"4":0.7077444196,"5":0.7385470867,"6":0.7594667673,"7":0.7720495462,"8":0.7850604653,"9":0.7929217219,"10":0.8002561927,"11":0.8021268845,"12":0.8107277751,"13":0.8152866364,"14":0.8165786266,"15":0.82231462,"16":0.8276085854,"17":0.829081893,"18":0.8333059549,"19":0.8386638165,"20":0.840976119,"21":0.8437949419,"22":0.8485882878,"23":0.8514633775,"24":0.8538076282,"25":0.8562071323,"26":0.8578568697,"27":0.8561255336,"28":0.8610309958,"29":0.8641924858},"val_PD_output_loss":{"0":0.4322457612,"1":0.2649804056,"2":0.2089869827,"3":0.1874239892,"4":0.1767757535,"5":0.1704603583,"6":0.166268751,"7":0.163305968,"8":0.1603810936,"9":0.1584479511,"10":0.1566112041,"11":0.1553712487,"12":0.1533788294,"13":0.1522935182,"14":0.1512758434,"15":0.1501249075,"16":0.1488212794,"17":0.1482363492,"18":0.1469354182,"19":0.1459127218,"20":0.1451961696,"21":0.1443381906,"22":0.1433437169,"23":0.1426490992,"24":0.1418791264,"25":0.1412003785,"26":0.14048931,"27":0.1408904791,"28":0.1392831653,"29":0.1386923343},"val_TD_output_accuracy":{"0":0.0068173665,"1":0.0067276643,"2":0.0070864731,"3":0.0080731967,"4":0.0095981341,"5":0.0147111593,"6":0.0261033364,"7":0.0524757802,"8":0.0754395425,"9":0.0920344442,"10":0.0963401496,"11":0.0978650898,"12":0.0985827073,"13":0.0982238948,"14":0.0980444923,"15":0.0984930024,"16":0.0987621099,"17":0.0985827073,"18":0.0985827073,"19":0.0985827073,"20":0.0985827073,"21":0.0986724049,"22":0.0988518149,"23":0.0989415124,"24":0.0989415124,"25":0.0988518149,"26":0.0989415124,"27":0.0993003249,"28":0.0992106199,"29":0.0992106199},"val_TD_output_auc":{"0":0.4117411375,"1":0.4400455952,"2":0.4785357714,"3":0.5313104391,"4":0.5975346565,"5":0.6713805199,"6":0.7423900962,"7":0.797165215,"8":0.8298664093,"9":0.8521653414,"10":0.8631088138,"11":0.8689083457,"12":0.8708907366,"13":0.8692402244,"14":0.8701633811,"15":0.873295188,"16":0.8716531396,"17":0.8751416206,"18":0.8768174648,"19":0.8810396194,"20":0.8822514415,"21":0.8819694519,"22":0.8876518607,"23":0.8892274499,"24":0.8913879991,"25":0.8933162689,"26":0.8974071741,"27":0.8998639584,"28":0.9017267227,"29":0.9051548243},"val_TD_output_loss":{"0":0.4901326001,"1":0.2871291339,"2":0.2183568031,"3":0.189044863,"4":0.1750619113,"5":0.1683219373,"6":0.1642556638,"7":0.1621298194,"8":0.1615502536,"9":0.1601632088,"10":0.1590958536,"11":0.1582849026,"12":0.1574625969,"13":0.1560944021,"14":0.1550052613,"15":0.1547380984,"16":0.1538568139,"17":0.1522227526,"18":0.1508675665,"19":0.1503001899,"20":0.1485044509,"21":0.1460048258,"22":0.1476435065,"23":0.1443753839,"24":0.1433585584,"25":0.142168209,"26":0.1399139911,"27":0.1395145804,"28":0.1368299872,"29":0.1356178373},"val_loss":{"0":0.4555878639,"1":0.2740586698,"2":0.2129688561,"3":0.1883152425,"4":0.176338166,"5":0.1698532403,"6":0.1657073051,"7":0.1630812436,"8":0.1610912383,"9":0.1593702883,"10":0.15784733,"11":0.1567604095,"12":0.1552500576,"13":0.1540510803,"14":0.1529890299,"15":0.1521958113,"16":0.1510651857,"17":0.1500443816,"18":0.148722291,"19":0.1478842199,"20":0.1467344463,"21":0.14521496,"22":0.1452775747,"23":0.1435643882,"24":0.1426872313,"25":0.1418016851,"26":0.140468955,"27":0.140531674,"28":0.1385143995,"29":0.1376787722}}