{"PD_output_accuracy":{"0":0.0410179235,"1":0.0482906066,"2":0.0649355575,"3":0.0873860121,"4":0.1168814749,"5":0.1215612888,"6":0.1215612888,"7":0.1185510308,"8":0.1180451065,"9":0.1228766963,"10":0.1253936738,"11":0.1324639916,"12":0.1356513202,"13":0.1392307431,"14":0.1435690522,"15":0.1444417834,"16":0.1459089667,"17":0.1484133005,"18":0.1501207948,"19":0.1516006291,"20":0.1546488255,"21":0.1543579251,"22":0.1561792493,"23":0.1578741074,"24":0.15830414,"25":0.1595689505,"26":0.1608464122,"27":0.1599231064,"28":0.1607705355,"29":0.1628448218},"PD_output_auc":{"0":0.465733707,"1":0.5102995634,"2":0.5882308483,"3":0.6781555414,"4":0.7423772812,"5":0.773214519,"6":0.7890127897,"7":0.7994692326,"8":0.8083348274,"9":0.8161282539,"10":0.8225177526,"11":0.8287275434,"12":0.8327893019,"13":0.8368135095,"14":0.8409854174,"15":0.8445745707,"16":0.8482195735,"17":0.8513514996,"18":0.8540617228,"19":0.8571401238,"20":0.8604674339,"21":0.8625512123,"22":0.865016818,"23":0.8675837517,"24":0.8693566322,"25":0.8715803623,"26":0.873149693,"27":0.8750146031,"28":0.876742065,"29":0.8782166243},"PD_output_loss":{"0":0.5325549245,"1":0.2844086289,"2":0.2071707994,"3":0.1776177287,"4":0.163311854,"5":0.1555458903,"6":0.1507900059,"7":0.1473156214,"8":0.1445637643,"9":0.1422673315,"10":0.1403159201,"11":0.1386947483,"12":0.1372589618,"13":0.1359333098,"14":0.1347520649,"15":0.133722499,"16":0.1327170581,"17":0.1317494363,"18":0.1307767779,"19":0.1299194247,"20":0.1290673018,"21":0.1282937229,"22":0.1275662035,"23":0.1268367469,"24":0.126189515,"25":0.1255010813,"26":0.124905169,"27":0.12427558,"28":0.123717308,"29":0.1231710017},"TD_output_accuracy":{"0":0.0036300167,"1":0.0061217006,"2":0.0071335519,"3":0.0069058854,"4":0.0083477739,"5":0.0101311617,"6":0.0129769938,"7":0.014444178,"8":0.0156836957,"9":0.0176568069,"10":0.019161934,"11":0.0199208241,"12":0.0199461188,"13":0.0200599525,"14":0.0200726017,"15":0.0200093612,"16":0.0201990828,"17":0.0203382112,"18":0.0206670631,"19":0.021084452,"20":0.0218053963,"21":0.0238038022,"22":0.0235128962,"23":0.0269784871,"24":0.0289895404,"25":0.034023501,"26":0.0352883153,"27":0.041700922,"28":0.0468234196,"29":0.0541466959},"TD_output_auc":{"0":0.5071842074,"1":0.5459335446,"2":0.5854634047,"3":0.6366126537,"4":0.6938852072,"5":0.7498928905,"6":0.7984158993,"7":0.8338106275,"8":0.8528485894,"9":0.862242341,"10":0.8707193732,"11":0.8768165112,"12":0.8822680712,"13":0.8871535659,"14":0.893746376,"15":0.8978116512,"16":0.9021071792,"17":0.9063296914,"18":0.9095847607,"19":0.9127949476,"20":0.915376544,"21":0.9199339747,"22":0.9201709032,"23":0.9237772226,"24":0.9251587391,"25":0.9284000397,"26":0.9288653135,"27":0.9310945272,"28":0.9328392744,"29":0.9357162714},"TD_output_loss":{"0":0.4748573899,"1":0.2151805162,"2":0.1252400875,"3":0.0877626315,"4":0.0692974478,"5":0.0590337068,"6":0.052692771,"7":0.0483329333,"8":0.0450500362,"9":0.042673558,"10":0.0408523753,"11":0.0393879041,"12":0.0382994898,"13":0.0374067686,"14":0.0366210751,"15":0.035977561,"16":0.0353979915,"17":0.0348992869,"18":0.0343970172,"19":0.033941105,"20":0.0335166976,"21":0.0331157148,"22":0.0327307992,"23":0.032371182,"24":0.031978678,"25":0.0316793919,"26":0.0313633829,"27":0.0311257765,"28":0.030850457,"29":0.0305140894},"loss":{"0":0.5036117435,"1":0.2497626096,"2":0.1661953032,"3":0.1326851249,"4":0.1163019165,"5":0.1072873026,"6":0.1017374694,"7":0.097819753,"8":0.094826214,"9":0.0924744532,"10":0.0905846879,"11":0.0890394896,"12":0.0877753124,"13":0.0866806805,"14":0.0856855363,"15":0.0848544985,"16":0.0840565637,"17":0.0833227038,"18":0.0825783312,"19":0.0819287449,"20":0.0812905133,"21":0.080706358,"22":0.0801428929,"23":0.0796048865,"24":0.0790792704,"25":0.0785959437,"26":0.0781261101,"27":0.0776979327,"28":0.0772808343,"29":0.0768406466},"val_PD_output_accuracy":{"0":0.0441334769,"1":0.0556153581,"2":0.0712235346,"3":0.1070147082,"4":0.1373340487,"5":0.1550053805,"6":0.1515069902,"7":0.1458557546,"8":0.1427161843,"9":0.1570685357,"10":0.1680122018,"11":0.1334768534,"12":0.1845173985,"13":0.1659490466,"14":0.169806242,"15":0.1934876293,"16":0.1856835335,"17":0.1923214942,"18":0.1966271996,"19":0.2027269453,"20":0.1922317892,"21":0.1996770799,"22":0.2027269453,"23":0.2091855109,"24":0.2013814151,"25":0.2047901005,"26":0.2006637901,"27":0.1995873749,"28":0.2039827853,"29":0.199228555},"val_PD_output_auc":{"0":0.5071327686,"1":0.5620090961,"2":0.6357254386,"3":0.7014285922,"4":0.739725709,"5":0.7601238489,"6":0.7710273266,"7":0.7797549963,"8":0.7862114906,"9":0.7938333154,"10":0.8033146262,"11":0.8025668859,"12":0.8139621019,"13":0.8146393299,"14":0.8194288015,"15":0.8267125487,"16":0.8278775811,"17":0.8317840695,"18":0.836663723,"19":0.8401548266,"20":0.8418577909,"21":0.8456884623,"22":0.8471543193,"23":0.8501102924,"24":0.8525922298,"25":0.8549237847,"26":0.8566706181,"27":0.8570019007,"28":0.8574030399,"29":0.8602643013},"val_PD_output_loss":{"0":0.3676398098,"1":0.2433691621,"2":0.2005675435,"3":0.1825222075,"4":0.1730679274,"5":0.1677278131,"6":0.1643680185,"7":0.1619082391,"8":0.1599663049,"9":0.1579453796,"10":0.1562445164,"11":0.1552967578,"12":0.1533009112,"13":0.1525227875,"14":0.1513734907,"15":0.1501193941,"16":0.1492112875,"17":0.1482621431,"18":0.1471704692,"19":0.1462563723,"20":0.145522356,"21":0.1446490288,"22":0.1439312547,"23":0.1432144344,"24":0.1424853206,"25":0.1417975724,"26":0.1412339211,"27":0.1407920718,"28":0.1404928118,"29":0.1397849917},"val_TD_output_accuracy":{"0":0.0153390747,"1":0.0185683537,"2":0.0179404374,"3":0.018658055,"4":0.022784356,"5":0.0284355935,"6":0.0415321141,"7":0.0604592748,"8":0.07526014,"9":0.0836921409,"10":0.0926623642,"11":0.0956225321,"12":0.0968783647,"13":0.0976856872,"14":0.0982238948,"15":0.0984033048,"16":0.0984033048,"17":0.0981341973,"18":0.0994797274,"19":0.0989415124,"20":0.10010764,"21":0.10010764,"22":0.1015428752,"23":0.1024399027,"24":0.1095263734,"25":0.1095263734,"26":0.1159849316,"27":0.1186759993,"28":0.1214567646,"29":0.1306063831},"val_TD_output_auc":{"0":0.5235111713,"1":0.5683411956,"2":0.6103935838,"3":0.6641677618,"4":0.7173812985,"5":0.7738181949,"6":0.8121106625,"7":0.837665081,"8":0.8535218835,"9":0.8639274836,"10":0.8711993694,"11":0.8744484186,"12":0.8805023432,"13":0.8861685991,"14":0.8906757832,"15":0.8953517079,"16":0.8984675407,"17":0.8996734619,"18":0.904330492,"19":0.906602025,"20":0.9100474119,"21":0.9116549492,"22":0.9131190777,"23":0.9144083261,"24":0.9181451797,"25":0.9194822907,"26":0.9237043858,"27":0.9244653583,"28":0.9258072376,"29":0.9268839359},"val_TD_output_loss":{"0":0.355448693,"1":0.226609692,"2":0.1862929463,"3":0.1705241501,"4":0.1639193892,"5":0.1595857888,"6":0.1569280624,"7":0.1539571434,"8":0.1509472728,"9":0.1475891173,"10":0.1467961371,"11":0.1490022093,"12":0.1417299211,"13":0.1437660009,"14":0.1422926933,"15":0.1407869011,"16":0.1399404705,"17":0.13551265,"18":0.1366238296,"19":0.1322602183,"20":0.1334689707,"21":0.1295457035,"22":0.1300226003,"23":0.1249157041,"24":0.130265981,"25":0.1246489957,"26":0.1263638139,"27":0.1240113825,"28":0.1227213293,"29":0.1252304316},"val_loss":{"0":0.3616835773,"1":0.2351731062,"2":0.1936362684,"3":0.1767352521,"4":0.168706432,"5":0.1638715863,"6":0.1608609706,"7":0.1581450254,"8":0.1556638479,"9":0.1529749632,"10":0.1517321467,"11":0.1523498744,"12":0.1477333754,"13":0.1483545005,"14":0.1470484883,"15":0.1456797272,"16":0.1448001862,"17":0.1421151906,"18":0.1421283036,"19":0.1394934207,"20":0.1397271007,"21":0.1373337805,"22":0.1372115314,"23":0.1343032271,"24":0.1366105229,"25":0.1334626526,"26":0.1340296268,"27":0.132626459,"28":0.1318292171,"29":0.1327302456}}