{"PD_output_accuracy":{"0":0.0805939585,"1":0.0852990672,"2":0.1060293764,"3":0.1331722885,"4":0.1516765207,"5":0.159025088,"6":0.1608211249,"7":0.1663610041,"8":0.1639705151,"9":0.1649697125,"10":0.1670060605,"11":0.1677775979,"12":0.1680052727,"13":0.1702819318,"14":0.1696874648,"15":0.1702186912,"16":0.1705981344,"17":0.1714455634,"18":0.1723182797,"19":0.1739372462,"20":0.1730012894,"21":0.1734819114,"22":0.1747846752,"23":0.1741649061,"24":0.1741775572,"25":0.1745696515,"26":0.1753791273,"27":0.1767957211,"28":0.1744684726,"29":0.1767451316,"30":0.1771878153,"31":0.1755688637,"32":0.1780099422,"33":0.175834462,"34":0.1758471131,"35":0.1769475043,"36":0.1764795184,"37":0.1769095659,"38":0.1775925606,"39":0.177149877,"40":0.1777696311,"41":0.1775799096,"42":0.1768589616,"43":0.1764415801,"44":0.178477928,"45":0.1769348532,"46":0.1778834611,"47":0.1774281263,"48":0.1763403863,"49":0.1777063906},"PD_output_auc":{"0":0.5876646042,"1":0.6954143047,"2":0.7808827162,"3":0.8185669184,"4":0.8388959169,"5":0.8512438536,"6":0.8598270416,"7":0.8668032885,"8":0.8722110987,"9":0.8766292334,"10":0.8811860681,"11":0.8847455978,"12":0.8877856135,"13":0.8906942606,"14":0.8929805756,"15":0.8954178095,"16":0.8976747394,"17":0.8993369341,"18":0.9011001587,"19":0.9029235244,"20":0.9042845964,"21":0.9058797956,"22":0.906973958,"23":0.9084921479,"24":0.9097108841,"25":0.910821259,"26":0.9119899869,"27":0.912991643,"28":0.9139818549,"29":0.9148361683,"30":0.916043222,"31":0.9166949987,"32":0.9181560874,"33":0.9187321663,"34":0.919641912,"35":0.9202831984,"36":0.9212166667,"37":0.9217334986,"38":0.9223003387,"39":0.9233204126,"40":0.9239578843,"41":0.9247546196,"42":0.9253013134,"43":0.9260863066,"44":0.9266517758,"45":0.9274131656,"46":0.9280502796,"47":0.9286466837,"48":0.9292235374,"49":0.9297724962},"PD_output_loss":{"0":0.3751112819,"1":0.1782388538,"2":0.1511769295,"3":0.1419596374,"4":0.1367055178,"5":0.1331152022,"6":0.1303411275,"7":0.1280440986,"8":0.12610735,"9":0.1243775636,"10":0.1227522939,"11":0.1212913543,"12":0.1199809015,"13":0.1187308356,"14":0.1176631078,"15":0.1165211275,"16":0.1155821532,"17":0.114733927,"18":0.1138152182,"19":0.1129482985,"20":0.1122387946,"21":0.1114569455,"22":0.1107814312,"23":0.1100243852,"24":0.1094387993,"25":0.1088225022,"26":0.108220689,"27":0.107591182,"28":0.107132636,"29":0.1066026613,"30":0.1060423926,"31":0.1055578962,"32":0.1049940661,"33":0.1045524031,"34":0.1040780619,"35":0.1036328822,"36":0.1031742543,"37":0.1027709991,"38":0.1023487672,"39":0.1019017845,"40":0.1014640033,"41":0.1009648517,"42":0.1008100882,"43":0.1002773717,"44":0.0999004617,"45":0.0994360223,"46":0.0990713015,"47":0.0987715721,"48":0.0982876867,"49":0.0980060175},"TD_output_accuracy":{"0":0.9333949089,"1":0.8600230217,"2":0.7813768983,"3":0.6796099544,"4":0.5168789625,"5":0.3476847708,"6":0.2020793557,"7":0.1048657447,"8":0.0663142055,"9":0.0433198847,"10":0.0354653895,"11":0.0319365598,"12":0.0316456519,"13":0.0322654098,"14":0.0356930569,"15":0.0445594043,"16":0.0488724187,"17":0.0547158606,"18":0.0703236684,"19":0.0772801489,"20":0.0880690143,"21":0.1047772095,"22":0.1019819677,"23":0.1144530326,"24":0.1250015795,"25":0.1388259977,"26":0.1309335679,"27":0.1485144794,"28":0.1524606943,"29":0.1509049833,"30":0.1629586518,"31":0.1741902083,"32":0.1606566906,"33":0.1617317945,"34":0.1782755554,"35":0.15830414,"36":0.1817537993,"37":0.1751261652,"38":0.1684606075,"39":0.1744811237,"40":0.1812984645,"41":0.1659309715,"42":0.1836763173,"43":0.1750755757,"44":0.1804636866,"45":0.178111136,"46":0.1673728675,"47":0.1880652159,"48":0.1869268864,"49":0.1758597642},"TD_output_auc":{"0":0.4310043156,"1":0.5473288894,"2":0.6698461771,"3":0.7634745836,"4":0.819121182,"5":0.8439596891,"6":0.8609361649,"7":0.8719394207,"8":0.8846793771,"9":0.8929440975,"10":0.9005003572,"11":0.9067149162,"12":0.9139358997,"13":0.919080615,"14":0.9244515896,"15":0.9261769056,"16":0.9285268784,"17":0.9321289062,"18":0.9335150123,"19":0.9359767437,"20":0.9386022091,"21":0.940077424,"22":0.9420398474,"23":0.944496572,"24":0.946629107,"25":0.9490898252,"26":0.9504618645,"27":0.9517780542,"28":0.9525692463,"29":0.9536039829,"30":0.9557307363,"31":0.9576939344,"32":0.9577386379,"33":0.9587116838,"34":0.9605003595,"35":0.9592134356,"36":0.962037921,"37":0.9620377421,"38":0.9622936845,"39":0.9629238844,"40":0.9643324614,"41":0.9646459222,"42":0.9643943906,"43":0.9648655057,"44":0.9656555057,"45":0.9665328264,"46":0.9665991664,"47":0.9675142765,"48":0.968069315,"49":0.967350781},"TD_output_loss":{"0":0.4199885726,"1":0.1220609918,"2":0.0701809451,"3":0.0540452152,"4":0.0469525829,"5":0.0430684537,"6":0.0405958369,"7":0.0387688875,"8":0.0373399965,"9":0.0361295268,"10":0.0351018943,"11":0.0342069678,"12":0.0333451331,"13":0.0325302891,"14":0.0318826288,"15":0.0313232429,"16":0.0306925718,"17":0.0301597174,"18":0.0297146756,"19":0.0292535685,"20":0.0288098548,"21":0.0284642875,"22":0.0280600376,"23":0.0277618598,"24":0.0274601988,"25":0.0272111371,"26":0.0268685687,"27":0.0267011449,"28":0.0263704527,"29":0.0262455679,"30":0.0259854309,"31":0.0257685408,"32":0.0255798437,"33":0.0253588576,"34":0.0252057649,"35":0.0249879938,"36":0.0248364117,"37":0.0247840174,"38":0.0245430097,"39":0.0243772939,"40":0.0241676308,"41":0.0240486488,"42":0.0240244512,"43":0.0237896573,"44":0.0236190371,"45":0.0235338248,"46":0.0233361237,"47":0.0233099405,"48":0.0231903903,"49":0.0230760835},"loss":{"0":0.392966032,"1":0.1557471901,"2":0.1187795922,"3":0.1067914143,"4":0.1007912457,"5":0.0970953852,"6":0.0944311842,"7":0.0923471302,"8":0.0905933902,"9":0.0890760571,"10":0.0876999646,"11":0.0864700526,"12":0.0853179321,"13":0.0842422247,"14":0.0833672807,"15":0.0824390277,"16":0.0816291049,"17":0.0809038803,"18":0.0801739395,"19":0.0794660226,"20":0.0788795948,"21":0.0782619938,"22":0.0776835755,"23":0.0771148205,"24":0.0766505226,"25":0.0761778802,"26":0.0756801069,"27":0.0752316564,"28":0.0748340636,"29":0.0744479671,"30":0.0740172863,"31":0.0736607909,"32":0.0732250512,"33":0.0728723034,"34":0.0725214705,"35":0.0721781775,"36":0.071833916,"37":0.0715867132,"38":0.0712193325,"39":0.0708917305,"40":0.0705467761,"41":0.0702008232,"42":0.0700952485,"43":0.0696821958,"44":0.0693966448,"45":0.0690729022,"46":0.0687660798,"47":0.068580851,"48":0.0682426989,"49":0.0680395067},"val_PD_output_accuracy":{"0":0.0734660923,"1":0.0964298546,"2":0.1645138115,"3":0.1933082193,"4":0.2059562206,"5":0.2140294164,"6":0.2218335122,"7":0.2026372403,"8":0.2145676315,"9":0.2188733369,"10":0.2183351219,"11":0.2180660218,"12":0.2171690017,"13":0.209275201,"14":0.2136706114,"15":0.2147470415,"16":0.2216541022,"17":0.2188733369,"18":0.219770357,"19":0.2159131765,"20":0.2151955515,"21":0.2179763168,"22":0.2156440616,"23":0.2244348824,"24":0.2195909619,"25":0.2202188671,"26":0.2133118063,"27":0.210172236,"28":0.2163616866,"29":0.2189630419,"30":0.2055077106,"31":0.2090061009,"32":0.2118765712,"33":0.2142985314,"34":0.2145676315,"35":0.2148367465,"36":0.2176175117,"37":0.2078399658,"38":0.2160925716,"39":0.2122353762,"40":0.2170792967,"41":0.2141191214,"42":0.2079296708,"43":0.220577687,"44":0.210082531,"45":0.2071223557,"46":0.2153749615,"47":0.2039827853,"48":0.2164513767,"49":0.2214747071},"val_PD_output_auc":{"0":0.608758986,"1":0.7413259149,"2":0.7929469347,"3":0.8154786229,"4":0.8306713104,"5":0.8412148952,"6":0.850467205,"7":0.8568929434,"8":0.8624200821,"9":0.8663870096,"10":0.8717070818,"11":0.8740590811,"12":0.8779982328,"13":0.8804755807,"14":0.8825298548,"15":0.8856125474,"16":0.8872562647,"17":0.8891100883,"18":0.8907930851,"19":0.8919953108,"20":0.8934560418,"21":0.8949618936,"22":0.8954672217,"23":0.8967572451,"24":0.8979223967,"25":0.8988474011,"26":0.8995119929,"27":0.9004055262,"28":0.9007591605,"29":0.9023213387,"30":0.9025737047,"31":0.9034873843,"32":0.903614521,"33":0.9043362141,"34":0.9046366215,"35":0.9057434797,"36":0.9057159424,"37":0.9060335159,"38":0.9073662758,"39":0.9073249102,"40":0.9075682163,