{"PD_output_accuracy":{"0":0.0541360974,"1":0.0528712347,"2":0.0536301509,"3":0.0528712347,"4":0.0500885397},"PD_output_auc":{"0":0.5768463612,"1":0.5769713521,"2":0.5765970945,"3":0.5791631937,"4":0.5827946663},"PD_output_loss":{"0":0.6303607821,"1":0.6014117002,"2":0.5738320351,"3":0.5479533672,"4":0.5236817002},"TD_output_accuracy":{"0":0.4626865387,"1":0.4669870734,"2":0.4743232727,"3":0.4905135036,"4":0.50493294},"TD_output_auc":{"0":0.6288910508,"1":0.6230316162,"2":0.618665576,"3":0.6155745387,"4":0.6114509106},"TD_output_loss":{"0":1.0074821711,"1":0.9547946453,"2":0.9046134353,"3":0.857162714,"4":0.8123517632},"loss":{"0":0.9310393333,"1":0.8833767772,"2":0.8377379775,"3":0.7945203185,"4":0.7539700866},"val_PD_output_accuracy":{"0":0.1543985605,"1":0.1113105938,"2":0.0843806118,"3":0.0771992803,"4":0.0718132854},"val_PD_output_auc":{"0":0.601821661,"1":0.5930025578,"2":0.5890491009,"3":0.5869125128,"4":0.5861517787},"val_PD_output_loss":{"0":1.1254518032,"1":0.9187451005,"2":0.8004618883,"3":0.7163969874,"4":0.6519933343},"val_TD_output_accuracy":{"0":0.1382405758,"1":0.1777378917,"2":0.2333931774,"3":0.2962298095,"4":0.3231597841},"val_TD_output_auc":{"0":0.5161160827,"1":0.5013968349,"2":0.5040557384,"3":0.50968647,"4":0.5176859498},"val_TD_output_loss":{"0":1.281265974,"1":1.0958509445,"2":0.9908813238,"3":0.917881906,"4":0.8606944084},"val_loss":{"0":1.2259901762,"1":1.0433167219,"2":0.9390244484,"3":0.8657697439,"4":0.808468461}}