{"PD_output_accuracy":{"0":0.2684062123,"1":0.3088549674,"2":0.3901825249,"3":0.4253823161,"4":0.3684530258,"5":0.2841151953,"6":0.2274135947,"7":0.1927070916,"8":0.1812099218,"9":0.1733427793,"10":0.1753285378,"11":0.1749743968,"12":0.1776431501,"13":0.179426536,"14":0.1797048002,"15":0.1763403863,"16":0.1783767492,"17":0.1755814999,"18":0.1749617457,"19":0.1724321246,"20":0.1729000956,"21":0.167549938,"22":0.1692827344,"23":0.1671198905,"24":0.1680811495,"25":0.1649697125,"26":0.1665001363,"27":0.1636163592,"28":0.1652479768,"29":0.1653618068},"PD_output_auc":{"0":0.4432495534,"1":0.4859012663,"2":0.5475538969,"3":0.6503518224,"4":0.7271344066,"5":0.7662777901,"6":0.788834691,"7":0.805136621,"8":0.8173931837,"9":0.8281689286,"10":0.8353112936,"11":0.8414808512,"12":0.8472648859,"13":0.8520171642,"14":0.856916368,"15":0.8605760932,"16":0.8637347221,"17":0.8664909601,"18":0.8698373437,"19":0.8720712066,"20":0.874625206,"21":0.876648128,"22":0.8787418604,"23":0.8804303408,"24":0.881713748,"25":0.8835241795,"26":0.8849896789,"27":0.8864525557,"28":0.8875690699,"29":0.8891776204},"PD_output_loss":{"0":0.5691012144,"1":0.2967779934,"2":0.2112708986,"3":0.1787548363,"4":0.163525492,"5":0.1551636308,"6":0.1498516947,"7":0.1459087133,"8":0.1427753568,"9":0.1401798427,"10":0.1380653679,"11":0.1361799836,"12":0.1345399916,"13":0.1330035627,"14":0.1316025406,"15":0.1303422749,"16":0.1292725056,"17":0.1282211691,"18":0.1272678077,"19":0.1263340414,"20":0.1254953444,"21":0.1246751174,"22":0.1238921657,"23":0.1231793016,"24":0.1225023568,"25":0.1218480393,"26":0.1212024093,"27":0.1206477731,"28":0.1200664788,"29":0.1195321307},"TD_output_accuracy":{"0":0.2852914929,"1":0.260564357,"2":0.2600078583,"3":0.2473344207,"4":0.2258705199,"5":0.1972098202,"6":0.1720906198,"7":0.1512844265,"8":0.1238885522,"9":0.0978839695,"10":0.0749908313,"11":0.0575616919,"12":0.0444961637,"13":0.0349215195,"14":0.0282306522,"15":0.0237785075,"16":0.0213627107,"17":0.0202876199,"18":0.0198069904,"19":0.0197563972,"20":0.0197058041,"21":0.0196552128,"22":0.0196805093,"23":0.0196805093,"24":0.0196678601,"25":0.0196805093,"26":0.0196805093,"27":0.0196805093,"28":0.0196805093,"29":0.0196805093},"TD_output_auc":{"0":0.5819888115,"1":0.6088393927,"2":0.6296077371,"3":0.6479246616,"4":0.6628931761,"5":0.6802040339,"6":0.6975000501,"7":0.713441968,"8":0.7258147001,"9":0.7339891791,"10":0.7437868714,"11":0.7563766241,"12":0.7692826986,"13":0.7829065323,"14":0.7940661907,"15":0.8056486845,"16":0.8145577312,"17":0.8225374222,"18":0.8314722776,"19":0.8373430967,"20":0.8467908502,"21":0.8530142307,"22":0.8590995073,"23":0.8661680222,"24":0.873128891,"25":0.880920887,"26":0.8852726221,"27":0.8915930986,"28":0.8949451447,"29":0.9013837576},"TD_output_loss":{"0":0.4831998646,"1":0.2222556174,"2":0.130858019,"3":0.0921989828,"4":0.0731481165,"5":0.0626520738,"6":0.0563779324,"7":0.0523757078,"8":0.0497333109,"9":0.0479569212,"10":0.0466660783,"11":0.0457075648,"12":0.0449219234,"13":0.0442567542,"14":0.0436427183,"15":0.043099504,"16":0.0426081195,"17":0.0421120822,"18":0.0416432768,"19":0.0411509313,"20":0.0406468101,"21":0.0401439555,"22":0.0396818183,"23":0.0391992182,"24":0.0387040712,"25":0.0382535309,"26":0.0378232338,"27":0.0373761393,"28":0.0370116942,"29":0.036634244},"loss":{"0":0.551822722,"1":0.2818408906,"2":0.1951723546,"3":0.1614484936,"4":0.1454470754,"5":0.1366551071,"6":0.1311471164,"7":0.127203986,"8":0.1241640821,"9":0.1217172295,"10":0.1197723746,"11":0.1180902943,"12":0.1166176572,"13":0.1152498201,"14":0.11400754,"15":0.112883687,"16":0.1119475812,"17":0.1110036075,"18":0.1101315841,"19":0.1092921197,"20":0.1085198075,"21":0.107773006,"22":0.1070525348,"23":0.1063675433,"24":0.1057398692,"25":0.1051274315,"26":0.1045239195,"27":0.1039988473,"28":0.103462331,"29":0.1029520035},"val_PD_output_accuracy":{"0":0.3290276229,"1":0.4055435956,"2":0.4383746088,"3":0.3960351646,"4":0.3271438777,"5":0.2573555708,"6":0.2227305323,"7":0.2135809064,"8":0.2081987858,"9":0.210172236,"10":0.2010226101,"11":0.209813416,"12":0.2163616866,"13":0.2208467871,"14":0.2153749615,"15":0.2219232172,"16":0.2041621804,"17":0.2156440616,"18":0.2058665305,"19":0.2226408273,"20":0.2132221013,"21":0.210082531,"22":0.2052386105,"23":0.2108898461,"24":0.210531041,"25":0.2108898461,"26":0.20039469,"27":0.2165410817,"28":0.2059562206,"29":0.2020990252},"val_PD_output_auc":{"0":0.4830887318,"1":0.5294907093,"2":0.6049373746,"3":0.6900376081,"4":0.734280467,"5":0.7604506016,"6":0.7781143188,"7":0.7942985892,"8":0.8066744208,"9":0.8142905831,"10":0.819903791,"11":0.8272151351,"12":0.833383441,"13":0.8378735781,"14":0.8428143263,"15":0.8458600044,"16":0.8470647335,"17":0.852139473,"18":0.8535519242,"19":0.8578595519,"20":0.8597153425,"21":0.8594132662,"22":0.8625144958,"23":0.8643503189,"24":0.867513299,"25":0.8685801625,"26":0.8696075678,"27":0.8695735931,"28":0.8728814721,"29":0.8736637831},"val_PD_output_loss":{"0":0.3981584609,"1":0.2470169663,"2":0.2011216879,"3":0.1818022728,"4":0.1725510955,"5":0.1668692231,"6":0.1631427705,"7":0.1597046256,"8":0.1569617391,"9":0.154738456,"10":0.1530832499,"11":0.1512349993,"12":0.149495244,"13":0.1481532007,"14":0.1466339678,"15":0.1456918716,"16":0.1449845135,"17":0.1437218785,"18":0.1430228651,"19":0.1418497264,"20":0.1412536949,"21":0.1406875104,"22":0.1399259269,"23":0.1391105652,"24":0.1383980662,"25":0.1377120167,"26":0.1373840719,"27":0.1371854842,"28":0.1361690164,"29":0.1359026581},"val_TD_output_accuracy":{"0":0.3780050278,"1":0.2942231894,"2":0.2756548226,"3":0.2556512356,"4":0.2270362377,"5":0.1995873749,"6":0.1878363788,"7":0.1836203784,"8":0.1708826721,"9":0.1555435956,"10":0.1356297135,"11":0.1256727725,"12":0.1164334416,"13":0.109705776,"14":0.1034266204,"15":0.1008252576,"16":0.0993003249,"17":0.0983135998,"18":0.0982238948,"19":0.0979547873,"20":0.0979547873,"21":0.0980444923,"22":0.0979547873,"23":0.0979547873,"24":0.0981341973,"25":0.0981341973,"26":0.0980444923,"27":0.0981341973,"28":0.0981341973,"29":0.0981341973},"val_TD_output_auc":{"0":0.596228838,"1":0.6268537045,"2":0.6401956677,"3":0.6546298265,"4":0.6733072996,"5":0.6920361519,"6":0.7078564167,"7":0.7194273472,"8":0.7278090715,"9":0.7354159951,"10":0.7454057932,"11":0.7580907345,"12":0.7714033127,"13":0.7819197178,"14":0.7975495458,"15":0.8075290918,"16":0.8143490553,"17":0.8245825768,"18":0.8340035677,"19":0.839715302,"20":0.8471328616,"21":0.8556092978,"22":0.8625575304,"23":0.8691045642,"24":0.8735339046,"25":0.8789383173,"26":0.8852219582,"27":0.8883424401,"28":0.8941995502,"29":0.8966535926},"val_TD_output_loss":{"0":0.3426060379,"1":0.2235920131,"2":0.1848242879,"3":0.1716914177,"4":0.1674461216,"5":0.1670139879,"6":0.1679267734,"7":0.1697289199,"8":0.1722025871,"9":0.1742346436,"10":0.1757793278,"11":0.1767662764,"12":0.1770058721,"13":0.1769547611,"14":0.1758898199,"15":0.1755663306,"16":0.1740787178,"17":0.1725622863,"18":0.1708915681,"19":0.1688949466,"20":0.1667507142,"21":0.1644404978,"22":0.1628567874,"23":0.1613017619,"24":0.1587636322,"25":0.1564002484,"26":0.1554749459,"27":0.1518991441,"28":0.1512079686,"29":0.1503293961},"val_loss":{"0":0.3872391582,"1":0.2425636947,"2":0.1981085539,"3":0.1800328642,"4":0.1717846394,"5":0.1671582311,"6":0.1643617153,"7":0.1619734615,"8":0.1602735966,"9":0.1588909775,"10":0.1578675956,"11":0.1565846801,"12":0.1552413851,"13":0.1541568339,"14":0.152731061,"15":0.1519049704,"16":0.1510315984,"17":0.1497239172,"18":0.148820281,"19":0.1474920511,"20":0.1465846747,"21":0.1456553042,"22":0.1447382271,"23":0.1437619478,"24":0.1427002996,"25":0.1416730434,"26":0.141226247,"27":0.1403342187,"28":0.1393998116,"29":0.1390021592}}