{"PD_output_accuracy":{"0":0.0772169083,"1":0.0935962498,"2":0.1293778419,"3":0.1611373276,"4":0.1732289493,"5":0.1593159884,"6":0.1382821351,"7":0.128783375,"8":0.1261778623,"9":0.125305146,"10":0.1291248798,"11":0.1328813732,"12":0.1341588348,"13":0.1356513202,"14":0.1402931958,"15":0.1451374292,"16":0.1455674618,"17":0.1477555931,"18":0.1504496485,"19":0.1523342133,"20":0.1516891718,"21":0.1527516097,"22":0.1548385471,"23":0.1544970572,"24":0.1565586925,"25":0.1564322114,"26":0.1572543532,"27":0.157229051,"28":0.1585950553,"29":0.15819031},"PD_output_auc":{"0":0.4209330678,"1":0.4645543694,"2":0.5467150211,"3":0.6410833597,"4":0.7120412588,"5":0.7509974241,"6":0.7711533308,"7":0.7852572203,"8":0.7971727848,"9":0.8066368103,"10":0.8149975538,"11":0.8224056959,"12":0.8284221888,"13":0.8347764015,"14":0.8400080204,"15":0.8447884917,"16":0.8485828042,"17":0.8520083427,"18":0.8551670313,"19":0.8580816984,"20":0.8603950739,"21":0.8632597923,"22":0.8652074337,"23":0.8674417138,"24":0.8691439629,"25":0.8710974455,"26":0.8727067709,"27":0.8741804957,"28":0.8757038713,"29":0.8770305514},"PD_output_loss":{"0":0.6066759229,"1":0.3154877424,"2":0.2220460624,"3":0.1857392043,"4":0.168644473,"5":0.1593340486,"6":0.1535831541,"7":0.1495549679,"8":0.1464316249,"9":0.1438207775,"10":0.1416097134,"11":0.1397095025,"12":0.1380660236,"13":0.1365510523,"14":0.1352100968,"15":0.1339558959,"16":0.1328870505,"17":0.1318747252,"18":0.1309735328,"19":0.1301074624,"20":0.1293041259,"21":0.1285452694,"22":0.1278190762,"23":0.127120167,"24":0.1264969558,"25":0.1258541197,"26":0.1253124177,"27":0.1247007474,"28":0.1241894513,"29":0.1236882284},"TD_output_accuracy":{"0":0.0246765241,"1":0.0218686368,"2":0.0212235823,"3":0.0206923597,"4":0.0207050089,"5":0.02137536,"6":0.0228425432,"7":0.0259919316,"8":0.0279523935,"9":0.0306843929,"10":0.0312788561,"11":0.0308488179,"12":0.0302543547,"13":0.0287365783,"14":0.0267255232,"15":0.0256377831,"16":0.0253595244,"17":0.0253468771,"18":0.0246259328,"19":0.024385618,"20":0.0250939131,"21":0.0253595244,"22":0.0263840239,"23":0.0279903375,"24":0.0310891327,"25":0.0336567052,"26":0.0366669632,"27":0.0425230525,"28":0.0431934036,"29":0.0491127335},"TD_output_auc":{"0":0.690030694,"1":0.7417525053,"2":0.7793647647,"3":0.8032157421,"4":0.8268005252,"5":0.846109271,"6":0.8611387014,"7":0.8737009168,"8":0.8851008415,"9":0.8915464878,"10":0.8943876028,"11":0.8977445364,"12":0.9012953043,"13":0.9026929736,"14":0.9045674801,"15":0.9052883983,"16":0.9079182148,"17":0.909932971,"18":0.9126099348,"19":0.9144462347,"20":0.9163452983,"21":0.9182777405,"22":0.9217902422,"23":0.9235255122,"24":0.9263014793,"25":0.9284133315,"26":0.931555748,"27":0.9336345792,"28":0.9367672801,"29":0.9392956495},"TD_output_loss":{"0":0.4279209375,"1":0.1883731633,"2":0.1120452806,"3":0.0803465322,"4":0.0645479783,"5":0.0555815808,"6":0.049916029,"7":0.0460459031,"8":0.0432922095,"9":0.0412651449,"10":0.0398252271,"11":0.0388087109,"12":0.0379592925,"13":0.03727578,"14":0.0366164483,"15":0.0360663496,"16":0.0355194695,"17":0.0350889266,"18":0.0346304253,"19":0.0342017934,"20":0.0338503793,"21":0.03344227,"22":0.033080902,"23":0.0327014849,"24":0.0323858075,"25":0.0320580713,"26":0.031720601,"27":0.0314723253,"28":0.0311176218,"29":0.030863516},"loss":{"0":0.4993290305,"1":0.2391934842,"2":0.1560295373,"3":0.122495912,"4":0.1061934829,"5":0.0970754996,"6":0.0913783908,"7":0.0874510407,"8":0.0845542625,"9":0.0822833553,"10":0.0805380568,"11":0.079163827,"12":0.0780005828,"13":0.0769982412,"14":0.0760519579,"15":0.0752295628,"16":0.0744669065,"17":0.0738027245,"18":0.0731693134,"19":0.0725708455,"20":0.0720262825,"21":0.071484156,"22":0.0709788054,"23":0.0704654902,"24":0.070021309,"25":0.0695733428,"26":0.0691535622,"27":0.0687624812,"28":0.0683449209,"29":0.0679884851},"val_PD_output_accuracy":{"0":0.0983135998,"1":0.1105130985,"2":0.1376928538,"3":0.1583243608,"4":0.1534804404,"5":0.1444205195,"6":0.1370649487,"7":0.1327592432,"8":0.1322210282,"9":0.139935419,"10":0.139576599,"11":0.1473806947,"12":0.1524040252,"13":0.1625403613,"14":0.1669357717,"15":0.1673842818,"16":0.1755471826,"17":0.1790455729,"18":0.1836203784,"19":0.179224968,"20":0.1890922189,"21":0.1916038692,"22":0.190437749,"23":0.19994618,"24":0.2006637901,"25":0.1937567294,"26":0.1936670244,"27":0.1986903548,"28":0.2031754553,"29":0.2046106905},"val_PD_output_auc":{"0":0.4548580647,"1":0.5095278025,"2":0.5859384537,"3":0.6571941972,"4":0.7048709393,"5":0.7338997126,"6":0.7526009083,"7":0.7658640146,"8":0.7778223753,"9":0.7890688777,"10":0.7968258262,"11":0.8033504486,"12":0.8101558089,"13":0.8175107837,"14":0.8221758604,"15":0.8273028135,"16":0.8304399252,"17":0.8343948126,"18":0.8392525911,"19":0.8408288956,"20":0.8457553387,"21":0.8465586901,"22":0.8485996723,"23":0.8504952192,"24":0.8536135554,"25":0.8540357947,"26":0.8572258949,"27":0.8585681915,"28":0.8595169783,"29":0.8613839746},"val_PD_output_loss":{"0":0.4140832722,"1":0.2641494572,"2":0.2114940733,"3":0.189123109,"4":0.1779158413,"5":0.1716168076,"6":0.1672854125,"7":0.1643411815,"8":0.1617282331,"9":0.1593202055,"10":0.157344237,"11":0.1557544768,"12":0.1541552842,"13":0.1526672542,"14":0.1514494419,"15":0.1503091305,"16":0.14937374,"17":0.1483883858,"18":0.147143364,"19":0.1464913338,"20":0.145611167,"21":0.1449091285,"22":0.1441308707,"23":0.1435012668,"24":0.1426856667,"25":0.1422655582,"26":0.141570583,"27":0.1409233361,"28":0.1405631602,"29":0.1398469657},"val_TD_output_accuracy":{"0":0.0732866898,"1":0.0719411522,"2":0.0730175823,"3":0.0758880526,"4":0.0818981007,"5":0.0892536789,"6":0.0958019346,"7":0.1005561575,"8":0.1021707952,"9":0.1029781103,"10":0.1063867956,"11":0.1050412655,"12":0.1037854329,"13":0.1035163254,"14":0.1021707952,"15":0.1018119827,"16":0.100197345,"17":0.1010046676,"18":0.1019016877,"19":0.10028705,"20":0.100197345,"21":0.1024399027,"22":0.105130963,"23":0.1044133455,"24":0.1078220308,"25":0.1146394014,"26":0.1167922467,"27":0.1217258722,"28":0.1251345575,"29":0.1228022948},"val_TD_output_auc":{"0":0.7391343117,"1":0.7690484524,"2":0.7880829573,"3":0.8078175783,"4":0.8271839619,"5":0.8439249992,"6":0.857591629,"7":0.8685902357,"8":0.8770025373,"9":0.8819462657,"10":0.8867573738,"11":0.8886618614,"12":0.8915631771,"13":0.8946022987,"14":0.8963333964,"15":0.8985211849,"16":0.9005798101,"17":0.9034326077,"18":0.905262053,"19":0.9075533748,"20":0.9080256224,"21":0.9121363759,"22":0.9154551029,"23":0.9171363115,"24":0.9195648432,"25":0.9218249321,"26":0.9232531786,"27":0.9253653288,"28":0.9266917109,"29":0.9277556539},"val_TD_output_loss":{"0":0.3059674799,"1":0.198681742,"2":0.1681820899,"3":0.1580445468,"4":0.1541836113,"5":0.1523547918,"6":0.1504989117,"7":0.1490698606,"8":0.1475672573,"9":0.1458866447,"10":0.1471460015,"11":0.1460353732,"12":0.1459032595,"13":0.1457158625,"14":0.1438980252,"15":0.1430070549,"16":0.1402096301,"17":0.140673995,"18":0.1390567273,"19":0.1365978867,"20":0.1347723752,"21":0.1363492161,"22":0.132573843,"23":0.1313984245,"24":0.128006652,"25":0.1313914061,"26":0.1290602684,"27":0.1275287569,"28":0.1268057972,"29":0.1239822879},"val_loss":{"0":0.3493535519,"1":0.2250487655,"2":0.1857098341,"3":0.1706945449,"4":0.1639066637,"5":0.1602971107,"6":0.1574558765,"7":0.1554192454,"8":0.1534719169,"9":0.1515009105,"10":0.1514617801,"11":0.1501568556,"12":0.149437502,"13":0.1487319469,"14":0.1471505463,"15":0.1461615413,"16":0.1441075206,"17":0.1439967453,"18":0.1425283104,"19":0.1407902837,"20":0.1393519491,"21":0.1400072426,"22":0.1374306679,"23":0.1364714652,"24":0.1341126263,"25":0.1359662563,"26":0.1343014538,"27":0.133116588,"28":0.1325356513,"29":0.1305584162}}