{"PD_output_accuracy":{"0":0.0802524611,"1":0.1096593887,"2":0.1404449642,"3":0.1551421136,"4":0.1594171822,"5":0.161301747,"6":0.161428228,"7":0.1618709117,"8":0.163110435,"9":0.162629813,"10":0.1643878967,"11":0.1641475856,"12":0.1654376984,"13":0.1655768305,"14":0.1657791883,"15":0.1679926217,"16":0.1670313627,"17":0.1684606075,"18":0.1688906401,"19":0.169105649,"20":0.1700542718,"21":0.1694977432,"22":0.170319885,"23":0.172596544,"24":0.1722803414,"25":0.1730898172,"26":0.1728495061,"27":0.1737095863,"28":0.1729886383,"29":0.174278751,"30":0.1751008779,"31":0.1747593731,"32":0.1749743968,"33":0.1762392074,"34":0.1753664911,"35":0.1766566038,"36":0.1767324805,"37":0.1777822822,"38":0.1767451316,"39":0.1780352443,"40":0.1776178628,"41":0.1770992875,"42":0.1781870276,"43":0.1779214144,"44":0.1784905791,"45":0.1789459139,"46":0.1783387959,"47":0.178958565,"48":0.1795277297,"49":0.1795656681},"PD_output_auc":{"0":0.6718722582,"1":0.7763777375,"2":0.81846416,"3":0.8357582092,"4":0.847884059,"5":0.857658565,"6":0.8651161194,"7":0.8721139431,"8":0.8772442341,"9":0.8816978931,"10":0.8854357004,"11":0.8885833025,"12":0.8917329311,"13":0.8945726156,"14":0.8967869282,"15":0.8991266489,"16":0.900847733,"17":0.9024499059,"18":0.9043831229,"19":0.9061114192,"20":0.9075363278,"21":0.9087401628,"22":0.9101017714,"23":0.9111842513,"24":0.9125611782,"25":0.9137194157,"26":0.9146085382,"27":0.915789485,"28":0.9167419672,"29":0.9179532528,"30":0.9186995029,"31":0.9193223119,"32":0.920494318,"33":0.9212298989,"34":0.9221577048,"35":0.922901988,"36":0.9237012267,"37":0.9244800806,"38":0.9252374172,"39":0.9257307053,"40":0.9264995456,"41":0.9272631407,"42":0.9280164242,"43":0.9284076095,"44":0.9292444587,"45":0.9298257232,"46":0.930313766,"47":0.931347847,"48":0.9318463802,"49":0.9325175881},"PD_output_loss":{"0":0.3099331558,"1":0.1623755097,"2":0.14412494,"3":0.1382182837,"4":0.1346740723,"5":0.1318368018,"6":0.1293540746,"7":0.1271805763,"8":0.1252317131,"9":0.123524867,"10":0.1219154894,"11":0.1204607785,"12":0.1191165447,"13":0.1179126725,"14":0.1167290434,"15":0.1157138497,"16":0.1147167459,"17":0.1138635352,"18":0.1128958464,"19":0.1120671928,"20":0.1113828346,"21":0.1106693745,"22":0.1099020392,"23":0.1092695594,"24":0.1085446328,"25":0.1079952568,"26":0.1073323265,"27":0.1067913026,"28":0.1062432081,"29":0.1055899113,"30":0.1051117405,"31":0.1047038734,"32":0.1041617692,"33":0.1036411375,"34":0.1031520069,"35":0.1027317122,"36":0.1021979153,"37":0.1017775014,"38":0.1013003513,"39":0.1009362936,"40":0.1004025042,"41":0.100022085,"42":0.0995187089,"43":0.0991039649,"44":0.0986506119,"45":0.0983177125,"46":0.0979715735,"47":0.097427547,"48":0.0971443132,"49":0.0967610627},"TD_output_accuracy":{"0":0.0297737252,"1":0.0536913611,"2":0.0750287771,"3":0.0773180872,"4":0.0665039271,"5":0.0484929755,"6":0.0322021693,"7":0.0233737659,"8":0.0208188407,"9":0.0199334715,"10":0.0197816938,"11":0.0197690465,"12":0.0197690465,"13":0.0197311006,"14":0.0197943412,"15":0.0198196378,"16":0.0199840646,"17":0.0200220086,"18":0.0200852491,"19":0.0202370267,"20":0.0206417684,"21":0.0209453236,"22":0.021539785,"23":0.0221089516,"24":0.0222480819,"25":0.0235128962,"26":0.0231334511,"27":0.0241832472,"28":0.0256124865,"29":0.0279270969,"30":0.0302796513,"31":0.027636189,"32":0.0306717437,"33":0.0345041305,"34":0.0325942598,"35":0.0364519432,"36":0.0379697233,"37":0.0408661477,"38":0.0422953852,"39":0.0465451628,"40":0.0466842912,"41":0.0492392145,"42":0.0514905863,"43":0.0555885844,"44":0.0566257313,"45":0.0576628782,"46":0.0644422844,"47":0.0630509853,"48":0.0689576715,"49":0.0696786121},"TD_output_auc":{"0":0.6883819103,"1":0.743925333,"2":0.7737370729,"3":0.7908580899,"4":0.800173223,"5":0.8089494705,"6":0.8180743456,"7":0.8237633705,"8":0.8322947025,"9":0.8409251571,"10":0.8518921733,"11":0.8618223667,"12":0.871964097,"13":0.8807128072,"14":0.8874415159,"15":0.8940166235,"16":0.8995680213,"17":0.9041059017,"18":0.9091676474,"19":0.9118047953,"20":0.9149659872,"21":0.9177682996,"22":0.9203492403,"23":0.9238923192,"24":0.9261513948,"25":0.9279143214,"26":0.9305727482,"27":0.9322360754,"28":0.9352115989,"29":0.9379014969,"30":0.9406654239,"31":0.9412166476,"32":0.9431442618,"33":0.9454287887,"34":0.9452625513,"35":0.9485670328,"36":0.948823452,"37":0.9502198696,"38":0.9510777593,"39":0.951802671,"40":0.9528579712,"41":0.953807056,"42":0.9541934729,"43":0.9559704661,"44":0.9558462501,"45":0.9564630389,"46":0.957768321,"47":0.9587705731,"48":0.9587631822,"49":0.9593564868},"TD_output_loss":{"0":0.4753771424,"1":0.1327640563,"2":0.0723621845,"3":0.0544799939,"4":0.0474328436,"5":0.0442635976,"6":0.0426131412,"7":0.0416657664,"8":0.0409347266,"9":0.0402336456,"10":0.0395099521,"11":0.0387552381,"12":0.0379916988,"13":0.0372142419,"14":0.0364844128,"15":0.0357871018,"16":0.0351522639,"17":0.0345996618,"18":0.0340073705,"19":0.0335568711,"20":0.0331203789,"21":0.0327161662,"22":0.0323607735,"23":0.0319735929,"24":0.0315732919,"25":0.0312908478,"26":0.0310557615,"27":0.0307251438,"28":0.03045238,"29":0.0302572083,"30":0.0299915299,"31":0.0297773015,"32":0.0295069963,"33":0.029347172,"34":0.0291328765,"35":0.0289229956,"36":0.0287748445,"37":0.0286059715,"38":0.0283293203,"39":0.0282042697,"40":0.028095901,"41":0.0278617106,"42":0.0277140588,"43":0.0275780652,"44":0.0274632592,"45":0.0273091793,"46":0.0272183232,"47":0.0271308161,"48":0.0269650724,"49":0.026824452},"loss":{"0":0.342936933,"1":0.1564433426,"2":0.1297745556,"3":0.1214716658,"4":0.1172296852,"5":0.1143404692,"6":0.1120131835,"7":0.1100654751,"8":0.1083726287,"9":0.1068733782,"10":0.1054484472,"11":0.1041271016,"12":0.1028909236,"13":0.1017632335,"14":0.1006970406,"15":0.0997170731,"16":0.098791793,"17":0.0980226919,"18":0.0971195325,"19":0.0963685736,"20":0.095722504,"21":0.0950829536,"22":0.0943996832,"23":0.0937910378,"24":0.093148306,"25":0.092645213,"26":0.0920718536,"27":0.0915832818,"28":0.0910685509,"29":0.0905161798,"30":0.0900805816,"31":0.0897187144,"32":0.0892564058,"33":0.0887810811,"34":0.0883407816,"35":0.087968871,"36":0.0875014737,"37":0.0871371478,"38":0.0867071152,"39":0.0864245147,"40":0.0859460458,"41":0.0855936781,"42":0.0851708129,"43":0.084806405,"44":0.0844160467,"45":0.0841154754,"46":0.0838154107,"47":0.0833747908,"48":0.0831145495,"49":0.0827807635},"val_PD_output_accuracy":{"0":0.0904198065,"1":0.1455866545,"2":0.1864011437,"3":0.19976677,"4":0.2064047307,"5":0.2051489055,"6":0.2042518854,"7":0.2040724754,"8":0.2029960603,"9":0.2028166503,"10":0.1987800449,"11":0.2059562206,"12":0.2029960603,"13":0.2079296708,"14":0.2117868662,"15":0.2071223557,"16":0.2036239654,"17":0.2079296708,"18":0.2063150406,"19":0.2113383561,"20":0.2151955515,"21":0.2146573365,"22":0.2155543566,"23":0.2132221013,"24":0.2138500214,"25":0.2014711201,"26":0.2033548653,"27":0.2033548653,"28":0.2124147862,"29":0.2120559812,"30":0.2114280611,"31":0.2090061009,"32":0.2140294164,"33":0.2066738456,"34":0.2034445703,"35":0.2032651603,"36":0.2135809064,"37":0.2052386105,"38":0.2079296708,"39":0.210441336,"40":0.2047003955,"41":0.2115177661,"42":0.2064944357,"43":0.2109795511,"44":0.2157337666,"45":0.209723711,"46":0.2119662762,"47":0.2032651603,"48":0.2064047307,"49":0.2066738456},"val_PD_output_auc":{"0":0.7185634375,"1":0.7843843699,"2":0.8099542856,"3":0.8249405622,"4":0.8365789652,"5":0.8467077613,"6":0.8544570804,"7":0.8606300354,"8":0.8659798503,"9":0.8709769249,"10":0.8738874197,"11":0.8789013624,"12":0.881596148,"13":0.8836286068,"14":0.8865544796,"15":0.8886654377,"16":0.888999939,"17":0.8916754127,"18":0.8928359747,"19":0.894674778,"20":0.8963130116,"21":0.897277236,"22":0.8985562325,"23":0.8993842006,"24":0.9007719755,"25":0.9012490511,"26":0.9021604061,"27":0.9024463892,"28":0.9040807486,"29":0.9045881629,"30":0.904702425,"31":0.9055350423,"32":0.9058712125,"33":0.9066311717,"34":0.9069409966,"35":0.9072565436,"36":0.9085636735,"37":0.9086991549,"38":0.9084761143,"39":0.9095363617,"40":0.9095426798,"41":0.9100477099,