{"accuracy":{"0":0.0448626317,"1":0.0996802971,"2":0.115067713,"3":0.1198762804,"4":0.1188235879,"5":0.1224495098,"6":0.1219946444,"7":0.1250487417,"8":0.1281937957,"9":0.1296233684,"10":0.1301172227,"11":0.1327424496,"12":0.1344319433,"13":0.1364073455,"14":0.1363293678,"15":0.1384087503,"16":0.1383177787,"17":0.1398643255,"18":0.1408130378,"19":0.1424895376,"20":0.1431523412,"21":0.1441660374,"22":0.1443999708,"23":0.1458815336,"24":0.146180436,"25":0.1473500878,"26":0.149130553,"27":0.147207126,"28":0.1489616036,"29":0.1491435617},"auc":{"0":0.5760360956,"1":0.7253605127,"2":0.8080149889,"3":0.8387739658,"4":0.8516696692,"5":0.8601751328,"6":0.8670059443,"7":0.8726962805,"8":0.8776986599,"9":0.8822239637,"10":0.8865861893,"11":0.8896012306,"12":0.8927611709,"13":0.8952090144,"14":0.8973556757,"15":0.8994535208,"16":0.9009900689,"17":0.9029728174,"18":0.9044126868,"19":0.9053505659,"20":0.9067407846,"21":0.9077500105,"22":0.9090563059,"23":0.9100067019,"24":0.9108801484,"25":0.9116193652,"26":0.9126098156,"27":0.9132457972,"28":0.9142896533,"29":0.9147772789},"loss":{"0":0.301660955,"1":0.163870737,"2":0.1439242065,"3":0.1358591765,"4":0.1310862601,"5":0.127825141,"6":0.1251479387,"7":0.1229806021,"8":0.1210528314,"9":0.1193470433,"10":0.1178394482,"11":0.1165077016,"12":0.1152834669,"13":0.1141911224,"14":0.1132775322,"15":0.1123081893,"16":0.1114906296,"17":0.1106800064,"18":0.1100196391,"19":0.1094145626,"20":0.1087279767,"21":0.1081778556,"22":0.1075646803,"23":0.1070973054,"24":0.1065949351,"25":0.1061205119,"26":0.1056932732,"27":0.105288662,"28":0.1048188582,"29":0.1044228598},"val_accuracy":{"0":0.0699546039,"1":0.1055509746,"2":0.1140115559,"3":0.118241854,"4":0.1265992671,"5":0.1173132509,"6":0.1214403659,"7":0.1256706566,"8":0.1239166334,"9":0.1241229922,"10":0.1297977716,"11":0.1341312528,"12":0.1336153597,"13":0.1304168403,"14":0.1332026422,"15":0.1340280622,"16":0.1323772222,"17":0.139599666,"18":0.1352661997,"19":0.1414568722,"20":0.1381551772,"21":0.1408378035,"22":0.1441394985,"23":0.1403219253,"24":0.1438299716,"25":0.1460998803,"26":0.1448617429,"27":0.1398060322,"28":0.1433140785,"29":0.1477507204},"val_auc":{"0":0.6658142805,"1":0.7752497792,"2":0.8307883739,"3":0.8510503769,"4":0.8595507145,"5":0.8681349754,"6":0.8755379915,"7":0.8804969788,"8":0.8838806152,"9":0.8878256083,"10":0.8918418288,"11":0.8947925568,"12":0.8978669047,"13":0.8992558718,"14":0.9011762142,"15":0.9028197527,"16":0.9048778415,"17":0.9066054821,"18":0.904992938,"19":0.9083495736,"20":0.9067994356,"21":0.9093270898,"22":0.9113500118,"23":0.9100638628,"24":0.9114949703,"25":0.9122689366,"26":0.9141990542,"27":0.9139124155,"28":0.9134418964,"29":0.9154034853},"val_loss":{"0":0.187200591,"1":0.1505043805,"2":0.139341265,"3":0.1332740486,"4":0.1294477582,"5":0.1263926029,"6":0.1238977164,"7":0.1218035817,"8":0.1201546192,"9":0.1185461581,"10":0.1172101349,"11":0.1160665005,"12":0.114749901,"13":0.113839902,"14":0.1129880697,"15":0.1121252403,"16":0.1113819554,"17":0.1106595621,"18":0.1105102971,"19":0.1095579788,"20":0.1093317494,"21":0.1087429747,"22":0.1081010997,"23":0.1079838127,"24":0.1073591933,"25":0.1072480455,"26":0.1067660823,"27":0.1063563973,"28":0.1064700112,"29":0.1057542562}}