{"accuracy":{"0":0.2065994292,"1":0.2023886889,"2":0.1761755049,"3":0.1604761779,"4":0.1583188176,"5":0.1611389816,"6":0.1588776559,"7":0.1642190665,"8":0.1638421714,"9":0.1607620865,"10":0.1617368013,"11":0.1638941616,"12":0.1615938395,"13":0.1645959467,"14":0.1621786654,"15":0.1637122184,"16":0.1616978198,"17":0.1642710418,"18":0.1647389084,"19":0.1638421714,"20":0.164569959,"21":0.1655836552,"22":0.162971437,"23":0.1662594527,"24":0.1645829529,"25":0.165921554,"26":0.1655576676,"27":0.1658045948,"28":0.1664154083,"29":0.1664024144,"30":0.1670652181,"31":0.1656486392,"32":0.1678189933,"33":0.1668702662,"34":0.166623354,"35":0.1683258414,"36":0.1684947908,"37":0.1685077846,"38":0.1685987562,"39":0.1692095697,"40":0.1687547117,"41":0.1703922302,"42":0.1687936932,"43":0.1688196957,"44":0.1696254462,"45":0.1700673252,"46":0.1701582968,"47":0.1704571992,"48":0.1695604771,"49":0.1707691103},"auc":{"0":0.6591643095,"1":0.7906603813,"2":0.8374533653,"3":0.8544176817,"4":0.8655301332,"5":0.8726961613,"6":0.8787135482,"7":0.8837834597,"8":0.8886420131,"9":0.8919317126,"10":0.8956575394,"11":0.8985341787,"12":0.901070416,"13":0.9031527042,"14":0.9051924944,"15":0.907191813,"16":0.908590734,"17":0.9099886417,"18":0.9117703438,"19":0.9131131172,"20":0.9140640497,"21":0.9155352116,"22":0.916528523,"23":0.9175218344,"24":0.9186840057,"25":0.9194790721,"26":0.920363903,"27":0.9212242365,"28":0.9220136404,"29":0.9229425788,"30":0.9235479832,"31":0.9245483875,"32":0.9252390265,"33":0.9258664846,"34":0.9263933301,"35":0.9271758199,"36":0.9278200865,"37":0.9283046126,"38":0.9291548133,"39":0.9297899604,"40":0.930128634,"41":0.930675447,"42":0.9313690662,"43":0.9317435026,"44":0.9326841831,"45":0.9331051707,"46":0.9334694743,"47":0.9341676831,"48":0.9348226786,"49":0.9352399707},"loss":{"0":0.3630912602,"1":0.1679294854,"2":0.1402632892,"3":0.1313580126,"4":0.1268172562,"5":0.1237028614,"6":0.1212710664,"7":0.1192036122,"8":0.1174255461,"9":0.1157787666,"10":0.1143198609,"11":0.112950854,"12":0.1117998287,"13":0.1107139587,"14":0.1096857414,"15":0.1087305248,"16":0.1079289541,"17":0.1071558222,"18":0.106390059,"19":0.1055207029,"20":0.1049695015,"21":0.1042788699,"22":0.103617467,"23":0.1031059697,"24":0.1025287658,"25":0.1019786671,"26":0.1014498845,"27":0.1009790674,"28":0.100585714,"29":0.1000172123,"30":0.0995243415,"31":0.0990517214,"32":0.0986560658,"33":0.0982381478,"34":0.0978700519,"35":0.0973623544,"36":0.096984379,"37":0.0966689959,"38":0.0961246938,"39":0.0956845358,"40":0.0954395384,"41":0.0950384289,"42":0.0946502239,"43":0.0942867845,"44":0.0939240679,"45":0.0935166329,"46":0.0932435393,"47":0.0928118527,"48":0.0924069956,"49":0.0921370685},"val_accuracy":{"0":0.2102765143,"1":0.1755055785,"2":0.1564176679,"3":0.1564176679,"4":0.1579653323,"5":0.1538382173,"6":0.1705530435,"7":0.1626083404,"8":0.1604416072,"9":0.1664259285,"10":0.1550763547,"11":0.1532191485,"12":0.1650846153,"13":0.1615765691,"14":0.1620924473,"15":0.1581716985,"16":0.1595130116,"17":0.163536936,"18":0.1626083404,"19":0.1653941423,"20":0.1642591804,"21":0.1563144922,"22":0.1625051647,"23":0.1645687222,"24":0.1699339747,"25":0.1605447829,"26":0.1630210578,"27":0.1614733785,"28":0.1625051647,"29":0.1686958373,"30":0.1608543098,"31":0.160235256,"32":0.1624019891,"33":0.1631242335,"34":0.1689021885,"35":0.1675608754,"36":0.1649814248,"37":0.1670449823,"38":0.1672513485,"39":0.1686958373,"40":0.1729261279,"41":0.1702435017,"42":0.159409821,"43":0.1628146917,"44":0.1640528291,"45":0.1644655466,"46":0.1657036841,"47":0.1642591804,"48":0.1735451967,"49":0.1678704172},"val_auc":{"0":0.7639410496,"1":0.8260059357,"2":0.8489387035,"3":0.8620228767,"4":0.8716917038,"5":0.8795126677,"6":0.8858846426,"7":0.8908649087,"8":0.8947704434,"9":0.8986707926,"10":0.9004371762,"11":0.9037955999,"12":0.9062665701,"13":0.9093751907,"14":0.9106860161,"15":0.9118890762,"16":0.9132781625,"17":0.9151072502,"18":0.9159426093,"19":0.917462945,"20":0.9188327193,"21":0.9192024469,"22":0.9199080467,"23":0.9208170176,"24":0.9212861657,"25":0.9223860502,"26":0.9233609438,"27":0.9236412644,"28":0.9244644642,"29":0.9249621034,"30":0.9252226949,"31":0.9256620407,"32":0.9263362288,"33":0.926466763,"34":0.9269928932,"35":0.9275634289,"36":0.9275288582,"37":0.9277787209,"38":0.92807585,"39":0.9282482862,"40":0.9286371469,"41":0.9287257195,"42":0.9291674495,"43":0.9292367101,"44":0.9293876886,"45":0.9296734929,"46":0.9298183918,"47":0.9300071001,"48":0.9304367304,"49":0.930270195},"val_loss":{"0":0.2068151385,"1":0.1488437802,"2":0.1354620308,"3":0.129549399,"4":0.1259023696,"5":0.123168394,"6":0.1209566444,"7":0.1189879626,"8":0.1172442287,"9":0.1156323031,"10":0.114295572,"11":0.112902537,"12":0.1116336659,"13":0.110477373,"14":0.1096737683,"15":0.108837299,"16":0.1080338508,"17":0.1072182283,"18":0.1066481918,"19":0.1058409587,"20":0.1053281277,"21":0.1049121469,"22":0.1043330356,"23":0.1038346738,"24":0.1033745185,"25":0.1029803827,"26":0.1025296748,"27":0.1023502648,"28":0.1018726751,"29":0.1015756205,"30":0.1013334244,"31":0.1012423858,"32":0.1008151323,"33":0.1006624401,"34":0.1002970412,"35":0.1000889018,"36":0.0999570116,"37":0.0997411832,"38":0.0995889828,"39":0.0993349925,"40":0.0991785303,"41":0.0991364866,"42":0.0992105156,"43":0.0990891904,"44":0.0988224074,"45":0.0987401456,"46":0.0985629633,"47":0.0985442027,"48":0.0982938334,"49":0.0984326378}}