{"accuracy":{"0":0.0154653918,"1":0.0343357697,"2":0.0773139596,"3":0.1277519315,"4":0.1649858356,"5":0.1721207052,"6":0.1509370208,"7":0.1340550482,"8":0.1248148084,"9":0.1167442128,"10":0.1135861501,"11":0.1145088747,"12":0.1145868525,"13":0.1177059263,"14":0.1211758927,"15":0.1214877963,"16":0.1228263974,"17":0.1250747293,"18":0.1239440665,"19":0.1265822798,"20":0.13041614,"21":0.1275829822,"22":0.12868765,"23":0.1298962981,"24":0.1305071115,"25":0.1322485954,"26":0.1309099942,"27":0.1323005706,"28":0.1334052533,"29":0.1333142668},"auc":{"0":0.331273973,"1":0.3523810208,"2":0.4123543203,"3":0.5120744109,"4":0.6288566589,"5":0.7138819695,"6":0.7600099444,"7":0.7837209702,"8":0.7990922928,"9":0.8098350167,"10":0.8184747696,"11":0.8263744116,"12":0.8333025575,"13":0.8390580416,"14":0.8451194167,"15":0.8493446112,"16":0.8531304002,"17":0.8566212058,"18":0.8597767949,"19":0.8628042936,"20":0.8656628132,"21":0.8683053255,"22":0.8708231449,"23":0.8730517626,"24":0.8756619096,"25":0.8775788546,"26":0.8796768785,"27":0.8816913366,"28":0.8834335804,"29":0.8849360943},"loss":{"0":0.9895899892,"1":0.4851289392,"2":0.2956117988,"3":0.2208129913,"4":0.1867640764,"5":0.1688759476,"6":0.1583912224,"7":0.1516165733,"8":0.1468866318,"9":0.1432623565,"10":0.1403811872,"11":0.1379478127,"12":0.1357907057,"13":0.1338981688,"14":0.1322268099,"15":0.1307359189,"16":0.129481405,"17":0.1283189654,"18":0.1271957457,"19":0.1261883527,"20":0.1252236813,"21":0.1243385077,"22":0.1234958544,"23":0.1227341294,"24":0.1218902171,"25":0.1211933941,"26":0.1204771847,"27":0.119767651,"28":0.1191214994,"29":0.1185554937},"val_accuracy":{"0":0.0201196875,"1":0.0561287664,"2":0.1042096615,"3":0.1545604616,"4":0.1793231517,"5":0.1609575003,"6":0.1404251009,"7":0.1237102821,"8":0.1119479984,"9":0.1101939753,"10":0.1076145321,"11":0.1121543571,"12":0.1125670671,"13":0.1133924946,"14":0.1229880378,"15":0.1279405653,"16":0.1199958771,"17":0.1268056184,"18":0.123194389,"19":0.1339248866,"20":0.1299009472,"21":0.1259801984,"22":0.1286628246,"23":0.1283532828,"24":0.1332026422,"25":0.1352661997,"26":0.137948826,"27":0.1301073134,"28":0.1317581534,"29":0.1316549778},"val_auc":{"0":0.3294134736,"1":0.3728587329,"2":0.4578377008,"3":0.5804080367,"4":0.6854827404,"5":0.7466282845,"6":0.7775782347,"7":0.7957556844,"8":0.8070551157,"9":0.8161435723,"10":0.8247176409,"11":0.8316017985,"12":0.8384606838,"13":0.8430652022,"14":0.8488942385,"15":0.8548732996,"16":0.8548879623,"17":0.8608686924,"18":0.8625358939,"19":0.8672941923,"20":0.8707401156,"21":0.8708293438,"22":0.8745367527,"23":0.8753141165,"24":0.8771144152,"25":0.8811792731,"26":0.8828663826,"27":0.8833042979,"28":0.8849270344,"29":0.8852662444},"val_loss":{"0":0.6838079095,"1":0.3615121841,"2":0.2470819503,"3":0.1998718381,"4":0.1759741008,"5":0.162930727,"6":0.1546384096,"7":0.1492388397,"8":0.1451286972,"9":0.1419274658,"10":0.1392897666,"11":0.1369290203,"12":0.1348560303,"13":0.1331103891,"14":0.1315997988,"15":0.1300487518,"16":0.129240796,"17":0.127858758,"18":0.1268167049,"19":0.1258140504,"20":0.1248120889,"21":0.1242394298,"22":0.1232208908,"23":0.122647427,"24":0.1219782233,"25":0.1212250963,"26":0.1203853711,"27":0.1198164746,"28":0.1194688752,"29":0.1190652102}}