{"accuracy":{"0":0.0438879207,"1":0.0789254829,"2":0.0993164033,"3":0.1155225784,"4":0.1271800995,"5":0.1337561458,"6":0.1399292946,"7":0.1421386451,"8":0.1450107843,"9":0.1473760754,"10":0.1477009803,"11":0.1505601406,"12":0.1508200616,"13":0.1520286947,"14":0.1538871378,"15":0.1537181884,"16":0.1558625549,"17":0.1570322067,"18":0.1567982733,"19":0.1586047411,"20":0.1579549313,"21":0.1596444249,"22":0.1606841236,"23":0.1598263681,"24":0.1609440446,"25":0.1597094089,"26":0.1619187444,"27":0.1623086333,"28":0.1620617062,"29":0.1619577408,"30":0.1642840505,"31":0.1613859087,"32":0.1640631109,"33":0.1653887182,"34":0.163166374,"35":0.1655056775,"36":0.1643490195,"37":0.165726617,"38":0.1645179689,"39":0.1653497219,"40":0.1665193737,"41":0.1662464589,"42":0.1662074775,"43":0.1658045948,"44":0.1680789143,"45":0.1663634181,"46":0.1672471613,"47":0.1674810946,"48":0.1677020192,"49":0.1682868451},"auc":{"0":0.5120364428,"1":0.640544951,"2":0.7730468512,"3":0.8300307393,"4":0.8520117998,"5":0.862545073,"6":0.8705487251,"7":0.8764622808,"8":0.8812405467,"9":0.8859567642,"10":0.8898440003,"11":0.8928235769,"12":0.8959465623,"13":0.8987964392,"14":0.9008584023,"15":0.9029380083,"16":0.9049184918,"17":0.9068516493,"18":0.9088261724,"19":0.9099370837,"20":0.9112854004,"21":0.9126354456,"22":0.9139902592,"23":0.9151042104,"24":0.9161945581,"25":0.9173321128,"26":0.9183470011,"27":0.919070065,"28":0.9201971292,"29":0.9210525751,"30":0.9219446182,"31":0.9226979017,"32":0.9234220386,"33":0.9241881371,"34":0.9252157807,"35":0.9258050323,"36":0.9265552759,"37":0.9274583459,"38":0.9280961156,"39":0.9288559556,"40":0.9294956326,"41":0.9299349189,"42":0.9305540323,"43":0.931571722,"44":0.9320889711,"45":0.932559371,"46":0.9333890676,"47":0.933965385,"48":0.9345338345,"49":0.9352375269},"loss":{"0":0.3587170839,"1":0.1769491583,"2":0.1480864584,"3":0.1374536306,"4":0.1316084862,"5":0.1276430935,"6":0.124713324,"7":0.122291401,"8":0.1203280464,"9":0.1185524464,"10":0.11697191,"11":0.1155880392,"12":0.1143091619,"13":0.1131713912,"14":0.1120501235,"15":0.1111190319,"16":0.1101415679,"17":0.1091831028,"18":0.1083583459,"19":0.1076293588,"20":0.1069097444,"21":0.1062567607,"22":0.105618462,"23":0.1048551574,"24":0.1042024046,"25":0.1036801934,"26":0.1031319946,"27":0.1026299,"28":0.1019810364,"29":0.1015460268,"30":0.1009575352,"31":0.100556761,"32":0.1000453904,"33":0.0995645523,"34":0.0990735441,"35":0.0986131728,"36":0.0981809795,"37":0.0977061689,"38":0.0972615629,"39":0.0968692452,"40":0.0964666232,"41":0.0960494056,"42":0.0956094712,"43":0.0951105356,"44":0.0948152244,"45":0.0943337381,"46":0.0939906463,"47":0.09362524,"48":0.0932357609,"49":0.0928205997},"val_accuracy":{"0":0.059327282,"1":0.0860503539,"2":0.1022492796,"3":0.1207181215,"4":0.1306231916,"5":0.1411473453,"6":0.1406314522,"7":0.1471316516,"8":0.1485761553,"9":0.1472348422,"10":0.1504333466,"11":0.1450680941,"12":0.1539413929,"13":0.1533223242,"14":0.1501238197,"15":0.1582748741,"16":0.1547668278,"17":0.1526000798,"18":0.1550763547,"19":0.1537350416,"20":0.1598225385,"21":0.1582748741,"22":0.1574494392,"23":0.1564176679,"24":0.155282706,"25":0.1628146917,"26":0.1612670273,"27":0.1582748741,"28":0.1586875767,"29":0.1595130116,"30":0.1566240191,"31":0.1597193629,"32":0.1592034698,"33":0.1593066454,"34":0.1613702029,"35":0.1603384316,"36":0.1591002941,"37":0.1563144922,"38":0.1598225385,"39":0.1603384316,"40":0.158584401,"41":0.1634337604,"42":0.1581716985,"43":0.1607511342,"44":0.161060676,"45":0.1572430879,"46":0.1629178673,"47":0.1603384316,"48":0.1599257141,"49":0.1606479585},"val_auc":{"0":0.5769538879,"1":0.7184658051,"2":0.8127225041,"3":0.8479423523,"4":0.861515224,"5":0.8707653284,"6":0.8776424527,"7":0.8834556341,"8":0.8884950876,"9":0.8926016092,"10":0.8957251906,"11":0.8986356258,"12":0.901617229,"13":0.9037303925,"14":0.9060362577,"15":0.9078840613,"16":0.9093594551,"17":0.9108037949,"18":0.9113451838,"19":0.9130746126,"20":0.9135205746,"21":0.9148613214,"22":0.9159338474,"23":0.9164592028,"24":0.9176374674,"25":0.9184125066,"26":0.9187313914,"27":0.9191544652,"28":0.9198226929,"29":0.9207947254,"30":0.9212005138,"31":0.9209957123,"32":0.9219447374,"33":0.9223815203,"34":0.9226044416,"35":0.9224271178,"36":0.9226506352,"37":0.9232393503,"38":0.9235677719,"39":0.9233025312,"40":0.9235231876,"41":0.9238672256,"42":0.9244138002,"43":0.9237868786,"44":0.9243363142,"45":0.9242156148,"46":0.9247080684,"47":0.9245249033,"48":0.9248085022,"49":0.9245532751},"val_loss":{"0":0.2145621777,"1":0.1574464738,"2":0.1419957131,"3":0.1343187392,"4":0.1295336783,"5":0.1261485815,"6":0.1233559176,"7":0.1211150363,"8":0.1191934273,"9":0.117554456,"10":0.1160842478,"11":0.1148793101,"12":0.1136008352,"13":0.1124924198,"14":0.1115470529,"15":0.1106917262,"16":0.1098323017,"17":0.109130688,"18":0.1083743721,"19":0.1077498645,"20":0.1071972847,"21":0.1065451279,"22":0.1060381234,"23":0.1057071388,"24":0.1053219736,"25":0.1047929749,"26":0.1043870598,"27":0.104105033,"28":0.1037313193,"29":0.1033872068,"30":0.1031147838,"31":0.1028634757,"32":0.1025992185,"33":0.1023669392,"34":0.1021158695,"35":0.1020531356,"36":0.1020708531,"37":0.1016463488,"38":0.1013461426,"39":0.1012374386,"40":0.1011169627,"41":0.1011108011,"42":0.1008601636,"43":0.1007424891,"44":0.1006247848,"45":0.1007196382,"46":0.1004372165,"47":0.1004962549,"48":0.1002943441,"49":0.1005491465}}