{"accuracy":{"0":0.1015588045,"1":0.1119508743,"2":0.1223429367,"3":0.1388757676,"4":0.1596598923,"5":0.1894189864,"6":0.2305148691,"7":0.278223902,"8":0.3419933915,"9":0.406235218,"10":0.4652810395,"11":0.5233821273,"12":0.5772319436,"13":0.6235238314,"14":0.6613131762,"15":0.6802078485,"16":0.7019366622,"17":0.7142181993,"18":0.7213037014,"19":0.7260273695,"20":0.7264997363,"21":0.7288615704,"22":0.7288615704,"23":0.7302786708,"24":0.7326405048,"25":0.7331128716,"26":0.7350023389,"27":0.7350023389,"28":0.7354747057,"29":0.7359470725},"auc":{"0":0.4499596655,"1":0.4645742774,"2":0.4820197821,"3":0.4996051788,"4":0.5170226693,"5":0.5371867418,"6":0.5572742224,"7":0.5798796415,"8":0.6029384136,"9":0.6259394884,"10":0.6482692957,"11":0.667195797,"12":0.6844162941,"13":0.6969748735,"14":0.7073593736,"15":0.7143578529,"16":0.7201701403,"17":0.7241693735,"18":0.72770226,"19":0.7306343317,"20":0.7324914932,"21":0.73497504,"22":0.736843884,"23":0.7385053635,"24":0.7405116558,"25":0.7419958711,"26":0.7438796163,"27":0.7455798984,"28":0.746773541,"29":0.7489167452},"loss":{"0":0.8251764774,"1":0.8080080748,"2":0.7909575701,"3":0.7747886777,"4":0.759624362,"5":0.7447125912,"6":0.7308453321,"7":0.7174695134,"8":0.7049006224,"9":0.6930820942,"10":0.6818969846,"11":0.6712431312,"12":0.6609423757,"13":0.6516746283,"14":0.6424592137,"15":0.6342017055,"16":0.6260373592,"17":0.6185460091,"18":0.6114130616,"19":0.6047677994,"20":0.597946465,"21":0.5916934609,"22":0.5860897303,"23":0.5806346536,"24":0.5751098394,"25":0.5702878237,"26":0.5652956963,"27":0.5608027577,"28":0.5567119718,"29":0.5523779392},"val_accuracy":{"0":0.0975274742,"1":0.088598907,"2":0.0831043944,"3":0.0837912112,"4":0.0844780207,"5":0.0865384638,"6":0.0954670385,"7":0.1071428582,"8":0.125,"9":0.1524725258,"10":0.1868131906,"11":0.2355769277,"12":0.2939560413,"13":0.3667582572,"14":0.4450549483,"15":0.5274725556,"16":0.588598907,"17":0.6490384936,"18":0.694368124,"19":0.7094780207,"20":0.7218406796,"21":0.7314560413,"22":0.7410714626,"23":0.7445055246,"24":0.745192349,"25":0.7472527623,"26":0.7479395866,"27":0.748626411,"28":0.748626411,"29":0.75},"val_auc":{"0":0.367647469,"1":0.3964262009,"2":0.4163055122,"3":0.4330985546,"4":0.4509449005,"5":0.4696335793,"6":0.4887732267,"7":0.5071546435,"8":0.5252420902,"9":0.5429241061,"10":0.5608241558,"11":0.5800938606,"12":0.6011543274,"13":0.6245584488,"14":0.6483174562,"15":0.6713832617,"16":0.6908368468,"17":0.7064914107,"18":0.7177116871,"19":0.7263801098,"20":0.732242465,"21":0.7362331152,"22":0.7393270731,"23":0.7422268987,"24":0.7447035313,"25":0.7470737696,"26":0.7496442199,"27":0.7519411445,"28":0.7547073364,"29":0.7570282221},"val_loss":{"0":1.5015941858,"1":1.2622938156,"2":1.1224825382,"3":1.029645443,"4":0.9621101618,"5":0.9101415277,"6":0.8687502742,"7":0.8350114226,"8":0.8062955737,"9":0.7815565467,"10":0.7600420713,"11":0.7403751612,"12":0.7226099968,"13":0.7064625025,"14":0.6915697455,"15":0.6775217652,"16":0.6647384167,"17":0.6523531079,"18":0.6410785317,"19":0.630202651,"20":0.6201246381,"21":0.6107262373,"22":0.6018977761,"23":0.593495965,"24":0.5857235789,"25":0.5782293081,"26":0.5712868571,"27":0.5649202466,"28":0.5589282513,"29":0.5534690619}}