{"accuracy":{"0":0.2786962688,"1":0.3320736885,"2":0.3882853091,"3":0.4558337331,"4":0.5120453238,"5":0.5555030704,"6":0.5899858475,"7":0.6301369667,"8":0.6485592723,"9":0.67406708,"10":0.691544652,"11":0.7038261294,"12":0.712328732,"13":0.7194142342,"14":0.7260273695,"15":0.7316957712,"16":0.7335852385,"17":0.7364194393,"18":0.7354747057,"19":0.7368918061,"20":0.7364194393,"21":0.7373641729,"22":0.7364194393,"23":0.7364194393,"24":0.7373641729,"25":0.7373641729,"26":0.7368918061,"27":0.7368918061,"28":0.7368918061,"29":0.7368918061,"30":0.7368918061,"31":0.7368918061,"32":0.7368918061,"33":0.7368918061,"34":0.7368918061,"35":0.7368918061,"36":0.7368918061,"37":0.7368918061,"38":0.7368918061,"39":0.7368918061,"40":0.7368918061,"41":0.7368918061,"42":0.7368918061,"43":0.7368918061,"44":0.7368918061,"45":0.7368918061,"46":0.7368918061,"47":0.7368918061,"48":0.7368918061,"49":0.7368918061},"auc":{"0":0.5352913737,"1":0.5658304691,"2":0.5920777321,"3":0.6153555512,"4":0.6344264746,"5":0.6512941122,"6":0.6649211645,"7":0.677036345,"8":0.6864386797,"9":0.6946536303,"10":0.7016555667,"11":0.7074635029,"12":0.7122600079,"13":0.7165033221,"14":0.720746398,"15":0.7245703936,"16":0.7276210785,"17":0.7309002876,"18":0.7345142365,"19":0.7375671864,"20":0.7420588732,"21":0.7452589273,"22":0.748721838,"23":0.7529991865,"24":0.7566931248,"25":0.7602615952,"26":0.7649911642,"27":0.7694165707,"28":0.7739308476,"29":0.7784629464,"30":0.781796813,"31":0.7860851288,"32":0.7904285789,"33":0.7940139174,"34":0.7980647087,"35":0.801933527,"36":0.8047552705,"37":0.8077998161,"38":0.8113824129,"39":0.8138927221,"40":0.8178313971,"41":0.8204099536,"42":0.8224121332,"43":0.8249456286,"44":0.8268563747,"45":0.8290576339,"46":0.8313231468,"47":0.833339572,"48":0.835095048,"49":0.8364880085},"loss":{"0":0.8555086851,"1":0.8276517987,"2":0.8017572165,"3":0.7773380876,"4":0.7549082041,"5":0.7335195541,"6":0.7142078876,"7":0.6958892345,"8":0.6792990565,"9":0.6633871794,"10":0.6487750411,"11":0.6351842284,"12":0.6227720976,"13":0.6110150814,"14":0.6003215909,"15":0.5899947286,"16":0.58097893,"17":0.5720831156,"18":0.5640780926,"19":0.556774199,"20":0.5493918061,"21":0.542909801,"22":0.5369914174,"23":0.5310903192,"24":0.5261257291,"25":0.5211591721,"26":0.5164727569,"27":0.5119953752,"28":0.5079042912,"29":0.5039998889,"30":0.5006042719,"31":0.4973241985,"32":0.4937575161,"33":0.4910058379,"34":0.4880505502,"35":0.485321641,"36":0.4830946028,"37":0.4806768,"38":0.4783582389,"39":0.4761168361,"40":0.4738318026,"41":0.471799016,"42":0.4701381624,"43":0.4683026373,"44":0.4667105377,"45":0.4647796154,"46":0.4631970823,"47":0.4617207646,"48":0.4601468742,"49":0.4593091905},"val_accuracy":{"0":0.1401098967,"1":0.1627747267,"2":0.1971153915,"3":0.2300824225,"4":0.2781593502,"5":0.3179945052,"6":0.3818681538,"7":0.4326923192,"8":0.4883241951,"9":0.5460165143,"10":0.585164845,"11":0.631868124,"12":0.6662088037,"13":0.6902472973,"14":0.7129120827,"15":0.725961566,"16":0.7307692766,"17":0.7403846383,"18":0.745192349,"19":0.746565938,"20":0.7513736486,"21":0.7513736486,"22":0.753434062,"23":0.7541208863,"24":0.7541208863,"25":0.753434062,"26":0.753434062,"27":0.753434062,"28":0.753434062,"29":0.753434062,"30":0.7527472973,"31":0.7527472973,"32":0.7527472973,"33":0.7527472973,"34":0.7527472973,"35":0.7527472973,"36":0.7527472973,"37":0.7527472973,"38":0.7527472973,"39":0.7527472973,"40":0.7527472973,"41":0.7527472973,"42":0.752060473,"43":0.752060473,"44":0.752060473,"45":0.752060473,"46":0.752060473,"47":0.752060473,"48":0.752060473,"49":0.752060473},"val_auc":{"0":0.3987689316,"1":0.4405456185,"2":0.4770022333,"3":0.5085294843,"4":0.5357717872,"5":0.5592415929,"6":0.5813866854,"7":0.6012851596,"8":0.6197487116,"9":0.6375117302,"10":0.6534328461,"11":0.6679192781,"12":0.6796917319,"13":0.6906074882,"14":0.6990661621,"15":0.7060034871,"16":0.7120763063,"17":0.7171322703,"18":0.7215733528,"19":0.7262034416,"20":0.730127573,"21":0.7339522839,"22":0.7379360199,"23":0.7424841523,"24":0.7468243241,"25":0.7510524392,"26":0.7551257014,"27":0.7596105337,"28":0.7639436722,"29":0.7684577703,"30":0.7723423243,"31":0.7766400576,"32":0.7808880806,"33":0.7842518687,"34":0.7888249755,"35":0.7918840647,"36":0.7955234051,"37":0.798666954,"38":0.8018323779,"39":0.8042094111,"40":0.8069373369,"41":0.8095255494,"42":0.8119673729,"43":0.8140724897,"44":0.8158950806,"45":0.8177140951,"46":0.8196200728,"47":0.821341753,"48":0.8229476213,"49":0.8246310949},"val_loss":{"0":0.8729000092,"1":0.846904397,"2":0.8261466026,"3":0.8075757027,"4":0.7900319695,"5":0.7732830048,"6":0.7567824125,"7":0.7408854365,"8":0.7250878811,"9":0.7091249228,"10":0.693641603,"11":0.6784594655,"12":0.6636942029,"13":0.6492385864,"14":0.6353330016,"15":0.6222099662,"16":0.6095947027,"17":0.5980200171,"18":0.5869908333,"19":0.576672852,"20":0.5672944784,"21":0.5585474968,"22":0.5504472256,"23":0.5429512262,"24":0.5360623598,"25":0.5298948884,"26":0.5242768526,"27":0.5190029144,"28":0.5141622424,"29":0.5097593069,"30":0.5055351853,"31":0.5018424988,"32":0.4984092712,"33":0.4951915741,"34":0.4920978844,"35":0.4894422293,"36":0.4867936969,"37":0.4844484031,"38":0.4821461737,"39":0.480060041,"40":0.4781503379,"41":0.476308316,"42":0.4745211601,"43":0.4729536474,"44":0.4714685082,"45":0.4700013697,"46":0.4685693085,"47":0.4672605693,"48":0.4660299122,"49":0.4648319781}}