{"accuracy":{"0":0.1176192686,"1":0.1251771301,"2":0.1332073659,"3":0.1355691999,"4":0.1426547021,"5":0.1487954557,"6":0.1601322591,"7":0.1747756153,"8":0.1894189864,"9":0.2182333469,"10":0.2461029738,"11":0.2725555003,"12":0.306093514,"13":0.3504959643,"14":0.3793103397,"15":0.4104865193,"16":0.4558337331,"17":0.4827586114,"18":0.5125176907,"19":0.5403873324,"20":0.5555030704,"21":0.5791214108,"22":0.5942370892,"23":0.6102975607,"24":0.6282474995,"25":0.641946137,"26":0.654227674,"27":0.6636750102,"28":0.6674539447,"29":0.6750118136},"auc":{"0":0.4347456098,"1":0.4472745657,"2":0.4628665447,"3":0.4798015654,"4":0.4988708198,"5":0.5189874172,"6":0.540648222,"7":0.5611118078,"8":0.5811675787,"9":0.5997928381,"10":0.6176062226,"11":0.6335353851,"12":0.6474034786,"13":0.661623776,"14":0.6727871299,"15":0.6846774817,"16":0.695991993,"17":0.7044509649,"18":0.714397788,"19":0.7229613066,"20":0.7295575738,"21":0.7373552322,"22":0.7427575588,"23":0.7501974106,"24":0.7560774088,"25":0.7609350085,"26":0.7655296922,"27":0.7703275681,"28":0.775031209,"29":0.7786641717},"loss":{"0":0.7427937388,"1":0.7301020622,"2":0.718464613,"3":0.706854105,"4":0.6960585117,"5":0.6855840087,"6":0.6754419208,"7":0.6659467816,"8":0.6567549109,"9":0.6482385397,"10":0.6401373148,"11":0.6325547695,"12":0.6255255342,"13":0.6182209849,"14":0.6124203205,"15":0.6054504514,"16":0.5989854336,"17":0.5934657454,"18":0.5875404477,"19":0.5818501115,"20":0.5770696402,"21":0.5714403391,"22":0.5672588944,"23":0.5619382858,"24":0.5573086143,"25":0.5531906486,"26":0.5488964319,"27":0.5446107984,"28":0.540589571,"29":0.5367384553},"val_accuracy":{"0":0.1098901108,"1":0.1133241802,"2":0.1195054948,"3":0.1208791211,"4":0.1298076957,"5":0.1373626441,"6":0.1421703398,"7":0.1469780207,"8":0.1504120976,"9":0.1565934122,"10":0.1675824225,"11":0.1792582422,"12":0.2026098967,"13":0.2252747267,"14":0.2630494535,"15":0.3042582572,"16":0.3468406796,"17":0.3880494535,"18":0.4388736486,"19":0.4663461745,"20":0.5027472377,"21":0.5412088037,"22":0.5638736486,"23":0.587225318,"24":0.6153846383,"25":0.6298077106,"26":0.647664845,"27":0.6593406796,"28":0.6744505763,"29":0.6820055246},"val_auc":{"0":0.423442632,"1":0.4318915606,"2":0.4405151606,"3":0.4500545561,"4":0.4599350095,"5":0.4719231427,"6":0.4852947593,"7":0.5005992651,"8":0.5171911716,"9":0.5350751877,"10":0.5553126931,"11":0.5747402906,"12":0.5947925448,"13":0.6136279106,"14":0.6316552758,"15":0.6490045786,"16":0.6647801399,"17":0.6788229942,"18":0.692081511,"19":0.7037689686,"20":0.7147029638,"21":0.7245196104,"22":0.7336800098,"23":0.7420273423,"24":0.7498345375,"25":0.756755054,"26":0.7630853653,"27":0.7687669992,"28":0.7736790776,"29":0.7785789967},"val_loss":{"0":1.2984135151,"1":1.0868110657,"2":0.9747520685,"3":0.9022637606,"4":0.8514260054,"5":0.8125950694,"6":0.7817073464,"7":0.7560500503,"8":0.7342578173,"9":0.7155117393,"10":0.698254168,"11":0.6833705306,"12":0.6698461771,"13":0.6579634547,"14":0.6469647288,"15":0.6363514662,"16":0.6268258095,"17":0.6184375286,"18":0.610311389,"19":0.6027001739,"20":0.5956339836,"21":0.5889309049,"22":0.5824970603,"23":0.5763779879,"24":0.5704491138,"25":0.5651233196,"26":0.5600054264,"27":0.555192709,"28":0.5506954193,"29":0.5461794734}}