{"accuracy":{"0":0.4298535585,"1":0.4416627288,"2":0.461502105,"3":0.4723665416,"4":0.4851204455,"5":0.5007085204,"6":0.5134624243,"7":0.5370807648,"8":0.5606991053,"9":0.5805385113,"10":0.6027396917,"11":0.6206896305,"12":0.6372224689,"13":0.6551724076,"14":0.6726499796,"15":0.6844591498,"16":0.6962683201,"17":0.7038261294,"18":0.712328732,"19":0.7165800333,"20":0.7213037014,"21":0.7236655354,"22":0.7288615704,"23":0.729806304,"24":0.7307510376,"25":0.7312234044,"26":0.7340576053,"27":0.7354747057,"28":0.7364194393,"29":0.7368918061,"30":0.7373641729,"31":0.7373641729,"32":0.7378365397,"33":0.7373641729,"34":0.7368918061,"35":0.7359470725,"36":0.7368918061,"37":0.7364194393,"38":0.7359470725,"39":0.7368918061,"40":0.7364194393,"41":0.7364194393,"42":0.7368918061,"43":0.7368918061,"44":0.7368918061,"45":0.7368918061,"46":0.7368918061,"47":0.7368918061,"48":0.7368918061,"49":0.7368918061},"auc":{"0":0.6291158795,"1":0.6332662106,"2":0.6368532181,"3":0.6413969994,"4":0.6459290981,"5":0.6511046886,"6":0.6565200686,"7":0.6627579331,"8":0.668705225,"9":0.6752897501,"10":0.682536006,"11":0.6890115738,"12":0.6955116987,"13":0.7022943497,"14":0.7084242702,"15":0.7146840096,"16":0.7194302082,"17":0.7253345251,"18":0.7294666767,"19":0.733808279,"20":0.7376414537,"21":0.7409360409,"22":0.7442330122,"23":0.747399509,"24":0.7497200966,"25":0.7527971268,"26":0.7549913526,"27":0.7576382756,"28":0.7604712844,"29":0.7632722855,"30":0.7656518817,"31":0.7677228451,"32":0.7707191706,"33":0.7738906145,"34":0.7759188414,"35":0.778544724,"36":0.7811415195,"37":0.7841482162,"38":0.7875483036,"39":0.790060997,"40":0.7919573188,"41":0.7947275639,"42":0.7975364923,"43":0.7996448278,"44":0.8022505641,"45":0.8043349981,"46":0.8075575233,"47":0.8092817664,"48":0.8115677238,"49":0.8139876127},"loss":{"0":1.0981616974,"1":1.0610365868,"2":1.0257326365,"3":0.9916118979,"4":0.9595396519,"5":0.9291312695,"6":0.9001492262,"7":0.8728921413,"8":0.8472416401,"9":0.8226395249,"10":0.7996025681,"11":0.778011322,"12":0.7574821115,"13":0.7385616899,"14":0.7207865119,"15":0.7034614682,"16":0.6884418726,"17":0.6731269956,"18":0.6594485044,"19":0.646454215,"20":0.6344665289,"21":0.6230273843,"22":0.6123939157,"23":0.6022412181,"24":0.5932440758,"25":0.5843843222,"26":0.5764969587,"27":0.5688623786,"28":0.5616545081,"29":0.5549534559,"30":0.5487784147,"31":0.5433297157,"32":0.5376373529,"33":0.5323821902,"34":0.5278309584,"35":0.5234224796,"36":0.5193222761,"37":0.515009582,"38":0.5111531615,"39":0.5076167583,"40":0.5045290589,"41":0.5013435483,"42":0.4982120097,"43":0.4955742061,"44":0.4926384687,"45":0.4902764559,"46":0.4874261618,"47":0.4854339957,"48":0.4831987917,"49":0.4807980657},"val_accuracy":{"0":0.743131876,"1":0.741758287,"2":0.7369505763,"3":0.7335165143,"4":0.7287088037,"5":0.7218406796,"6":0.7142857313,"7":0.706730783,"8":0.696428597,"9":0.6936813593,"10":0.694368124,"11":0.6950549483,"12":0.6936813593,"13":0.6984890103,"14":0.7012363076,"15":0.7074176073,"16":0.7129120827,"17":0.7184066176,"18":0.722527504,"19":0.7280219793,"20":0.7348901033,"21":0.736263752,"22":0.7390109897,"23":0.741758287,"24":0.7438187003,"25":0.7445055246,"26":0.7472527623,"27":0.75,"28":0.7506868243,"29":0.752060473,"30":0.752060473,"31":0.752060473,"32":0.752060473,"33":0.7527472973,"34":0.7527472973,"35":0.7527472973,"36":0.7527472973,"37":0.7527472973,"38":0.7527472973,"39":0.7527472973,"40":0.752060473,"41":0.752060473,"42":0.752060473,"43":0.752060473,"44":0.752060473,"45":0.752060473,"46":0.752060473,"47":0.752060473,"48":0.752060473,"49":0.752060473},"val_auc":{"0":0.71547544,"1":0.7178894281,"2":0.7202179432,"3":0.7220025659,"4":0.7228490114,"5":0.7226907015,"6":0.7221824527,"7":0.7211736441,"8":0.7203612924,"9":0.7199606895,"10":0.7199741006,"11":0.7209734917,"12":0.722086668,"13":0.7242873311,"14":0.7265382409,"15":0.7294390798,"16":0.7325398922,"17":0.7360429764,"18":0.7396143079,"19":0.7430191636,"20":0.746147275,"21":0.7492332458,"22":0.7522835135,"23":0.7551429272,"24":0.7579991221,"25":0.760576725,"26":0.7631751299,"27":0.7660161257,"28":0.7683737278,"29":0.7710992694,"30":0.7738007307,"31":0.7763314247,"32":0.7788673043,"33":0.7815589905,"34":0.7844352722,"35":0.7871856689,"36":0.789753437,"37":0.7925329208,"38":0.7951142788,"39":0.7979618907,"40":0.8004895449,"41":0.8028985858,"42":0.8053941727,"43":0.807725668,"44":0.8099076748,"45":0.8119593859,"46":0.8141863346,"47":0.8163355589,"48":0.8182625771,"49":0.8198879957},"val_loss":{"0":0.8347152472,"1":0.8146262169,"2":0.8006768227,"3":0.7907973528,"4":0.7835083008,"5":0.7775789499,"6":0.772177577,"7":0.766659677,"8":0.7605584264,"9":0.7532764673,"10":0.7453228831,"11":0.7362124324,"12":0.7263572216,"13":0.7156178355,"14":0.7044765949,"15":0.6927424073,"16":0.6809946299,"17":0.6688139439,"18":0.6567751765,"19":0.6448484659,"20":0.6335002184,"21":0.6223893166,"22":0.6114660501,"23":0.6013307571,"24":0.5913898945,"25":0.5821915865,"26":0.5735195279,"27":0.5653192997,"28":0.5578277111,"29":0.55056113,"30":0.5439096689,"31":0.537725687,"32":0.5320458412,"33":0.5266222358,"34":0.5214552879,"35":0.5167999268,"36":0.5124906301,"37":0.5084714293,"38":0.5047736764,"39":0.501134038,"40":0.4978043735,"41":0.49472633,"42":0.4918706119,"43":0.4891831279,"44":0.4865601957,"45":0.4842543602,"46":0.4819393456,"47":0.4798627794,"48":0.4780310094,"49":0.4761443138}}