{"accuracy":{"0":0.0119111696,"1":0.0252030045,"2":0.0541735888,"3":0.0766620636,"4":0.0851332694,"5":0.0881052092,"6":0.0902113095,"7":0.0919663981,"8":0.0960381925,"9":0.1002269909,"10":0.1041817814,"11":0.1082769781,"12":0.1114829257,"13":0.1152037084,"14":0.1148058847,"15":0.1193457022,"16":0.1218730286,"17":0.1201881468,"18":0.1234174967,"19":0.1245173514,"20":0.124447152,"21":0.1282615364,"22":0.1291039735,"23":0.1306952536,"24":0.1301570237,"25":0.133550182,"26":0.1332225651,"27":0.1320057064,"28":0.1368965507,"29":0.1332693696},"auc":{"0":0.5541864634,"1":0.633028388,"2":0.7193385363,"3":0.7795081139,"4":0.8132608533,"5":0.8360908031,"6":0.8505915403,"7":0.8626059294,"8":0.8705367446,"9":0.8755079508,"10":0.879091382,"11":0.8815149665,"12":0.8845534325,"13":0.8864687681,"14":0.8887858987,"15":0.8903239369,"16":0.8923726082,"17":0.8944346905,"18":0.896473527,"19":0.8981605768,"20":0.9003386497,"21":0.9021493196,"22":0.9040036798,"23":0.9057964087,"24":0.9072438478,"25":0.9086499214,"26":0.9106481671,"27":0.911367476,"28":0.912835598,"29":0.9142160416},"loss":{"0":0.5830169916,"1":0.2652699351,"2":0.1715963632,"3":0.1369569004,"4":0.1208339483,"5":0.1119092479,"6":0.1062740013,"7":0.1023035645,"8":0.099379614,"9":0.0970921069,"10":0.095351845,"11":0.093930088,"12":0.092823483,"13":0.091868259,"14":0.0909991264,"15":0.0901380926,"16":0.0894830525,"17":0.088707678,"18":0.0880872309,"19":0.0873466954,"20":0.0867424607,"21":0.0860863701,"22":0.0855215043,"23":0.0848843008,"24":0.0843137205,"25":0.0837973431,"26":0.0831468999,"27":0.0826268196,"28":0.0821701586,"29":0.0817302391},"val_accuracy":{"0":0.0118891587,"1":0.037727017,"2":0.0716158003,"3":0.0850964189,"4":0.0893091187,"5":0.0908069611,"6":0.0923048109,"7":0.09511327,"8":0.1003557369,"9":0.103164196,"10":0.1092491969,"11":0.111964047,"12":0.1120576635,"13":0.1153342053,"14":0.1202958226,"15":0.1207638979,"16":0.1219808981,"17":0.1260063648,"18":0.1249765903,"19":0.1274105906,"20":0.128159523,"21":0.1307807416,"22":0.1322785914,"23":0.1355551332,"24":0.1337764412,"25":0.1315296739,"26":0.1333083659,"27":0.1376146674,"28":0.1358359754,"29":0.1396742165},"val_auc":{"0":0.5649600029,"1":0.6801536083,"2":0.7597998381,"3":0.8032778502,"4":0.8289004564,"5":0.8466804028,"6":0.858961463,"7":0.8684556484,"8":0.8743417263,"9":0.8786805272,"10":0.8831987977,"11":0.8862457275,"12":0.8876326084,"13":0.8901754618,"14":0.8914908171,"15":0.8937886953,"16":0.8960766196,"17":0.8984215856,"18":0.8994333744,"19":0.9019786716,"20":0.9027884007,"21":0.9046614766,"22":0.9058123827,"23":0.9079259634,"24":0.9087890387,"25":0.9101775885,"26":0.9106299877,"27":0.9123317003,"28":0.9138512015,"29":0.914537847},"val_loss":{"0":0.3917278051,"1":0.2054956108,"2":0.1500779539,"3":0.1273011565,"4":0.1155937463,"5":0.1085050851,"6":0.1038676053,"7":0.1004609019,"8":0.0978046581,"9":0.0958443508,"10":0.0942662358,"11":0.0930036232,"12":0.091971375,"13":0.0910664871,"14":0.0902873427,"15":0.0895138457,"16":0.088827379,"17":0.0881718993,"18":0.087535277,"19":0.0869928673,"20":0.0864606351,"21":0.085903205,"22":0.0854103565,"23":0.0849106386,"24":0.084458895,"25":0.0839823931,"26":0.0835670084,"27":0.0831911117,"28":0.0827903673,"29":0.0825267732}}