{"accuracy":{"0":0.0742049441,"1":0.0909133479,"2":0.1390728503,"3":0.1798609942,"4":0.1800014079,"5":0.1852198541,"6":0.1849390417,"7":0.1957503557,"8":0.2005007863,"9":0.2000561655,"10":0.1989095062,"11":0.1958205551,"12":0.1909765303,"13":0.1893384457,"14":0.1792525649,"15":0.1841199994,"16":0.1717174053,"17":0.1664521545,"18":0.1779187024,"19":0.166194737,"20":0.1619357467,"21":0.1695411056,"22":0.1572087109,"23":0.1552430242,"24":0.1557578444,"25":0.1592680067,"26":0.1546813995,"27":0.1524582803,"28":0.1580979526,"29":0.1505393982},"auc":{"0":0.3685454726,"1":0.4485064745,"2":0.6189041138,"3":0.7624627948,"4":0.8055121899,"5":0.8226325512,"6":0.8353171945,"7":0.8476923108,"8":0.8587275147,"9":0.8661006689,"10":0.8728258014,"11":0.876717329,"12":0.8805421591,"13":0.8825594187,"14":0.8843320012,"15":0.88732934,"16":0.8888015747,"17":0.8907577991,"18":0.892160058,"19":0.894071877,"20":0.895760417,"21":0.8975766897,"22":0.8994681835,"23":0.9007402658,"24":0.9025902748,"25":0.9043790102,"26":0.9057151079,"27":0.9074558616,"28":0.9086050987,"29":0.9107699394},"loss":{"0":0.5701465607,"1":0.2702379525,"2":0.176433742,"3":0.1397120506,"4":0.1218391433,"5":0.1118852273,"6":0.1058721468,"7":0.1019112691,"8":0.0991935581,"9":0.0970358998,"10":0.0953916833,"11":0.0940211862,"12":0.0928435102,"13":0.0918862149,"14":0.0910650566,"15":0.0902138576,"16":0.0894126892,"17":0.0887109861,"18":0.0880551636,"19":0.0874900147,"20":0.0869172141,"21":0.0862836018,"22":0.0857086629,"23":0.0852264985,"24":0.0846448392,"25":0.0840367004,"26":0.0836963058,"27":0.0831215978,"28":0.0826836154,"29":0.0821316391},"val_accuracy":{"0":0.0834113434,"1":0.1057854295,"2":0.1466017514,"3":0.168882221,"4":0.1697247624,"5":0.1699119955,"6":0.1858266145,"7":0.1969668567,"8":0.197434932,"9":0.1963115484,"10":0.2011795491,"11":0.1969668567,"12":0.1806777716,"13":0.1811458468,"14":0.179741621,"15":0.1677588373,"16":0.1718779206,"17":0.1774948388,"18":0.1685077697,"19":0.1637333781,"20":0.158397302,"21":0.1468826085,"22":0.1480996013,"23":0.1573675275,"24":0.1558696777,"25":0.1517506093,"26":0.1509080678,"27":0.1524059176,"28":0.1468826085,"29":0.1542782187},"val_auc":{"0":0.4033213854,"1":0.5053503513,"2":0.7035813332,"3":0.7834348083,"4":0.8084976673,"5":0.8221078515,"6":0.8346598148,"7":0.8453302383,"8":0.85266155,"9":0.8594778776,"10":0.8650881052,"11":0.867972672,"12":0.8686320186,"13":0.8703686595,"14":0.872641027,"15":0.8747509718,"16":0.8769897223,"17":0.8787431717,"18":0.8807877302,"19":0.882973671,"20":0.8846751451,"21":0.886279881,"22":0.8879688978,"23":0.8901244402,"24":0.8920608163,"25":0.894161582,"26":0.8938956261,"27":0.8951739073,"28":0.897377491,"29":0.8980003595},"val_loss":{"0":0.3817805946,"1":0.2100181431,"2":0.1535057724,"3":0.129301548,"4":0.1166004464,"5":0.1092915609,"6":0.1047432125,"7":0.1016219556,"8":0.0994779915,"9":0.0977918953,"10":0.0965202898,"11":0.095433116,"12":0.0945437923,"13":0.0937263966,"14":0.093041718,"15":0.0924112946,"16":0.0918734968,"17":0.0913453847,"18":0.090823181,"19":0.0904125795,"20":0.0898848027,"21":0.0894075334,"22":0.0890186206,"23":0.0886066332,"24":0.0882117003,"25":0.0878278986,"26":0.0874200016,"27":0.0870649517,"28":0.0866973773,"29":0.0863430873}}