{"accuracy":{"0":0.5213301182,"1":0.4284042716,"2":0.3388248086,"3":0.2760629952,"4":0.2440034598,"5":0.2255399823,"6":0.2123651505,"7":0.2046895772,"8":0.1947909147,"9":0.1897362769,"10":0.1838157922,"11":0.1823883206,"12":0.1756487936,"13":0.1744553447,"14":0.1684880555,"15":0.1707813591,"16":0.1630121917,"17":0.1595956236,"18":0.1596190333,"19":0.1529965103,"20":0.1518498659,"21":0.1521774679,"22":0.1511946321,"23":0.1401960999,"24":0.1525752991,"25":0.142746821,"26":0.1457655728,"27":0.1404067129,"28":0.1479184777,"29":0.1436126679},"auc":{"0":0.6123223305,"1":0.7184023857,"2":0.7915626168,"3":0.8216901422,"4":0.8354289532,"5":0.8450564146,"6":0.8520599604,"7":0.8581879139,"8":0.8630480766,"9":0.8683547378,"10":0.8729848862,"11":0.8769391775,"12":0.8802243471,"13":0.8834741712,"14":0.8868101835,"15":0.8899263144,"16":0.8917809725,"17":0.8940831423,"18":0.8969313502,"19":0.8987193704,"20":0.9007712007,"21":0.9020190239,"22":0.904039681,"23":0.9059031606,"24":0.9071974158,"25":0.9084996581,"26":0.9097809196,"27":0.9112637043,"28":0.9122774601,"29":0.9139151573},"loss":{"0":0.4329589009,"1":0.2075111568,"2":0.1462175697,"3":0.1235291362,"4":0.1127336398,"5":0.1065569222,"6":0.1025592536,"7":0.0996933803,"8":0.0977056772,"9":0.0960983187,"10":0.0946763009,"11":0.0935080945,"12":0.0925118104,"13":0.0914884806,"14":0.0906440094,"15":0.0897731334,"16":0.0890311971,"17":0.0882445946,"18":0.0875042379,"19":0.0867484286,"20":0.0861225948,"21":0.0854723677,"22":0.0848814473,"23":0.0842276737,"24":0.0836587548,"25":0.0831195638,"26":0.0825674608,"27":0.0820992962,"28":0.0815403834,"29":0.0810369104},"val_accuracy":{"0":0.5535479784,"1":0.3964613378,"2":0.3018161356,"3":0.2485489547,"4":0.2188728601,"5":0.2032390833,"6":0.1968732327,"7":0.1893839985,"8":0.1891967803,"9":0.1768395305,"10":0.1788054556,"11":0.1711290032,"12":0.1686013788,"13":0.1630780697,"14":0.1719715297,"15":0.1610185355,"16":0.1629844606,"17":0.1591462195,"18":0.1505336016,"19":0.1520314515,"20":0.1528739929,"21":0.1447294503,"22":0.1406103671,"23":0.1539973766,"24":0.1407976002,"25":0.1411720663,"26":0.1347125918,"27":0.1436060667,"28":0.1336828321,"29":0.1342445165},"val_auc":{"0":0.6986587048,"1":0.7767379284,"2":0.8130555153,"3":0.8291204572,"4":0.8400037289,"5":0.8469274044,"6":0.8549745083,"7":0.8606969714,"8":0.8665494919,"9":0.8704161644,"10":0.875905633,"11":0.87923491,"12":0.8825486898,"13":0.885961771,"14":0.8894587755,"15":0.8915872574,"16":0.89460361,"17":0.8965991735,"18":0.8982833624,"19":0.9008321762,"20":0.9023330212,"21":0.9041261673,"22":0.9062222838,"23":0.9076227546,"24":0.9085286856,"25":0.9094845057,"26":0.9106552601,"27":0.9122607708,"28":0.9121225476,"29":0.913611114},"val_loss":{"0":0.2969749272,"1":0.1696603894,"2":0.1336644739,"3":0.1187209189,"4":0.1110123768,"5":0.1062613204,"6":0.1030180231,"7":0.1007339582,"8":0.0989254862,"9":0.0975449383,"10":0.0963007212,"11":0.0951870903,"12":0.094200626,"13":0.0932840854,"14":0.0923996344,"15":0.0916638002,"16":0.0907938033,"17":0.0901071355,"18":0.0894767419,"19":0.0887623355,"20":0.0881698653,"21":0.0876797214,"22":0.0871140063,"23":0.0865824595,"24":0.086088419,"25":0.0856545344,"26":0.0852359161,"27":0.0848213956,"28":0.0844189972,"29":0.0840247869}}