{"accuracy":{"0":0.8715127707,"1":0.8496770263,"2":0.7932268977,"3":0.6231042743,"4":0.4436669052,"5":0.3491153121,"6":0.2883121073,"7":0.2558743656,"8":0.2236472517,"9":0.2012029588,"10":0.1875819117,"11":0.1758565754,"12":0.1700758189,"13":0.1625163704,"14":0.1573207229,"15":0.1550037414,"16":0.1568526477,"17":0.1449166834,"18":0.1386912465,"19":0.1462038904,"20":0.1461804807,"21":0.1378721148,"22":0.1401657015,"23":0.1371934116,"24":0.142201826,"25":0.1382231712,"26":0.1401422918,"27":0.1427869201,"28":0.13487643,"29":0.1421784312},"auc":{"0":0.3516545296,"1":0.474126637,"2":0.6800768971,"3":0.7858748436,"4":0.8221626282,"5":0.8352236748,"6":0.8429294825,"7":0.849983573,"8":0.8563021421,"9":0.8619301915,"10":0.8670880198,"11":0.8713949919,"12":0.8757659197,"13":0.8796090484,"14":0.883998394,"15":0.8872861266,"16":0.8901382685,"17":0.8933752179,"18":0.8961443901,"19":0.8986359835,"20":0.8996771574,"21":0.9032275677,"22":0.904492557,"23":0.9072359204,"24":0.9082404375,"25":0.9098094702,"26":0.9115923047,"27":0.9124045372,"28":0.9142005444,"29":0.9156878591},"loss":{"0":0.501576066,"1":0.240783304,"2":0.1627880186,"3":0.1328314245,"4":0.118533276,"5":0.1106007174,"6":0.1057015508,"7":0.102374889,"8":0.1000168696,"9":0.0981758386,"10":0.0965922773,"11":0.0952896252,"12":0.094146423,"13":0.0930961519,"14":0.092078805,"15":0.091160886,"16":0.0902179927,"17":0.0893607885,"18":0.0886515304,"19":0.0878778547,"20":0.0871881619,"21":0.0864587501,"22":0.0857477039,"23":0.0852117911,"24":0.0845405087,"25":0.0840046927,"26":0.0834471136,"27":0.0828242823,"28":0.0823101476,"29":0.0818514302},"val_accuracy":{"0":0.8670347333,"1":0.8449518085,"2":0.738748014,"3":0.5097782612,"4":0.3740993738,"5":0.2889491916,"6":0.2672405839,"7":0.2220454812,"8":0.200711146,"9":0.1792832464,"10":0.1741368026,"11":0.1657153517,"12":0.1560774744,"13":0.1551417708,"14":0.1488724649,"15":0.1485917568,"16":0.145878166,"17":0.139889583,"18":0.1481238902,"19":0.14316459,"20":0.1313745677,"21":0.1346495748,"22":0.1403574497,"23":0.1370824426,"24":0.1337138563,"25":0.1370824426,"26":0.1357724369,"27":0.1317488551,"28":0.1387667358,"29":0.139889583},"val_auc":{"0":0.3813793659,"1":0.5729814768,"2":0.7421976328,"3":0.8059684634,"4":0.822348237,"5":0.8312542439,"6":0.8384962082,"7":0.8447808027,"8":0.8487303257,"9":0.8543454409,"10":0.8605549932,"11":0.865059495,"12":0.8688811064,"13":0.8717969656,"14":0.8760509491,"15":0.8791289926,"16":0.8824958801,"17":0.8846412897,"18":0.8863135576,"19":0.8890587091,"20":0.8909846544,"21":0.8923273683,"22":0.8948919773,"23":0.8958740234,"24":0.8973055482,"25":0.8985315561,"26":0.8998444676,"27":0.9011604786,"28":0.9021565914,"29":0.903609395},"val_loss":{"0":0.3389001787,"1":0.1902034134,"2":0.1433872581,"3":0.1232311204,"4":0.1128748581,"5":0.106852591,"6":0.1029683352,"7":0.1002282128,"8":0.0982514098,"9":0.0966650322,"10":0.0953055322,"11":0.0941779017,"12":0.0931274965,"13":0.0921986103,"14":0.0913031548,"15":0.0904883444,"16":0.0896976814,"17":0.089019537,"18":0.0883111954,"19":0.087644361,"20":0.0870644599,"21":0.0865691975,"22":0.0860005766,"23":0.0854788646,"24":0.0849751905,"25":0.0845411271,"26":0.084103018,"27":0.0836862624,"28":0.08328145,"29":0.082908839}}