{"accuracy":{"0":0.0834249854,"1":0.0879414007,"2":0.0938150808,"3":0.1003907993,"4":0.1079961658,"5":0.1196031198,"6":0.1323099285,"7":0.1435190588,"8":0.1546579897,"9":0.1688858718,"10":0.172068432,"11":0.1758828014,"12":0.1826925278,"13":0.1800716072,"14":0.1832073629,"15":0.1769358516,"16":0.1751105636,"17":0.1689092666,"18":0.1753211766,"19":0.1675052047,"20":0.1629887968,"21":0.1661479473,"22":0.166194737,"23":0.1587765962,"24":0.1655161083,"25":0.1560386568,"26":0.1580979526,"27":0.1582851708,"28":0.1591978073,"29":0.1609762907},"auc":{"0":0.7162056565,"1":0.7532480955,"2":0.7846218348,"3":0.8039250374,"4":0.8184567094,"5":0.8292767406,"6":0.8388435841,"7":0.8456763625,"8":0.8526396751,"9":0.8572661877,"10":0.8623931408,"11":0.8665348291,"12":0.8697171211,"13":0.873575151,"14":0.8762358427,"15":0.8796969056,"16":0.8825861216,"17":0.8857506514,"18":0.8887197971,"19":0.8918089271,"20":0.8938153386,"21":0.8960988522,"22":0.8986327648,"23":0.9001351595,"24":0.9019187093,"25":0.9041543007,"26":0.9063724279,"27":0.9080669284,"28":0.9092930555,"29":0.9102852941},"loss":{"0":0.448995769,"1":0.2096216232,"2":0.1449589282,"3":0.1222437099,"4":0.1119894236,"5":0.1065564901,"6":0.1032390073,"7":0.1009037346,"8":0.0991602093,"9":0.097732529,"10":0.0965626836,"11":0.0955300927,"12":0.0945556611,"13":0.0935770646,"14":0.0927394181,"15":0.0919349715,"16":0.0912002251,"17":0.0903944671,"18":0.0896669626,"19":0.088895984,"20":0.0882228166,"21":0.0875444636,"22":0.0869594216,"23":0.0863106698,"24":0.0857467055,"25":0.085064806,"26":0.0845060721,"27":0.0839637071,"28":0.0834584683,"29":0.082969144},"val_accuracy":{"0":0.0880921111,"1":0.0911814272,"2":0.0979217365,"3":0.1078449711,"4":0.1169256642,"5":0.1286275983,"6":0.1436996758,"7":0.1588653773,"8":0.1698183864,"9":0.1753416955,"10":0.1820819974,"11":0.1862946898,"12":0.1844223887,"13":0.1895712316,"14":0.183205381,"15":0.1813330799,"16":0.1726268381,"17":0.1780565381,"18":0.1622355282,"19":0.1657929122,"20":0.1670099199,"21":0.1648567617,"22":0.1526867598,"23":0.1629844606,"24":0.1510016769,"25":0.1573675275,"26":0.1528739929,"27":0.1592398435,"28":0.1632653028,"29":0.1522186846},"val_auc":{"0":0.7632014751,"1":0.7857735157,"2":0.8062590361,"3":0.821673274,"4":0.8338701129,"5":0.8435468078,"6":0.8507509232,"7":0.8570663929,"8":0.8633127213,"9":0.8670479655,"10":0.8714661598,"11":0.8746747375,"12":0.8780822754,"13":0.8806380033,"14":0.8838108778,"15":0.8867890835,"16":0.8895478249,"17":0.892134428,"18":0.8943266869,"19":0.8962054253,"20":0.8978427649,"21":0.9001947045,"22":0.9010306597,"23":0.9029142857,"24":0.9040547609,"25":0.9053615928,"26":0.906847477,"27":0.9081972837,"28":0.9100398421,"29":0.9109174609},"val_loss":{"0":0.3086372912,"1":0.166661039,"2":0.1291437298,"3":0.1143522337,"4":0.1070717499,"5":0.1029398143,"6":0.1002481431,"7":0.0983134061,"8":0.0967708081,"9":0.0955080315,"10":0.0944404528,"11":0.0934379175,"12":0.0925312191,"13":0.091764085,"14":0.0909726396,"15":0.0902507752,"16":0.0895822421,"17":0.0888993964,"18":0.0882728398,"19":0.0876611173,"20":0.0870796368,"21":0.0865254775,"22":0.0860482976,"23":0.0855694264,"24":0.085042432,"25":0.0846046358,"26":0.0841585994,"27":0.0837552771,"28":0.0834790468,"29":0.0829931572}}