{"accuracy":{"0":0.7826097012,"1":0.7512999177,"2":0.5928826928,"3":0.4137349129,"4":0.3253427148,"5":0.2793346345,"6":0.258446455,"7":0.2479348183,"8":0.2447385639,"9":0.2417899072,"10":0.2368154526,"11":0.2400567234,"12":0.2324712425,"13":0.2340468615,"14":0.2233551741,"15":0.2168051004,"16":0.2123483568,"17":0.2053481042,"18":0.201544106,"19":0.1910549998,"20":0.1874085665,"21":0.1850901544,"22":0.174848631,"23":0.1741958708,"24":0.1704819202,"25":0.1671506166,"26":0.1690413505,"27":0.1702118069,"28":0.1640443951,"29":0.1726202518},"auc":{"0":0.5437200069,"1":0.6786829233,"2":0.7891582847,"3":0.8331347704,"4":0.8517693281,"5":0.8632493615,"6":0.8727433681,"7":0.8790380359,"8":0.8841112852,"9":0.8887227774,"10":0.8920248747,"11":0.8961875439,"12":0.8990570903,"13":0.9013589621,"14":0.9040052891,"15":0.9065556526,"16":0.9087666869,"17":0.9107925892,"18":0.9122982025,"19":0.9139436483,"20":0.9159308672,"21":0.9169213176,"22":0.9184612036,"23":0.9197632074,"24":0.9207295179,"25":0.922187686,"26":0.9230364561,"27":0.9240159392,"28":0.9250973463,"29":0.9261592627},"loss":{"0":0.3534202874,"1":0.1947516352,"2":0.1532788873,"3":0.1366795599,"4":0.1282287985,"5":0.1232706457,"6":0.1200266182,"7":0.1175487414,"8":0.1155944094,"9":0.1138845161,"10":0.1125341952,"11":0.111193724,"12":0.1099465936,"13":0.1090107262,"14":0.1079768836,"15":0.1069879904,"16":0.1060112491,"17":0.10518682,"18":0.1043901667,"19":0.1036383584,"20":0.1027811691,"21":0.1021526009,"22":0.1013542041,"23":0.1007572189,"24":0.1001986936,"25":0.0996046588,"26":0.0989334732,"27":0.0984410793,"28":0.0978562385,"29":0.0972753167},"val_accuracy":{"0":0.7305747867,"1":0.7016475797,"2":0.4755663574,"3":0.330930531,"4":0.2779442072,"5":0.2513574064,"6":0.2412469536,"7":0.2340385616,"8":0.2333832532,"9":0.2258004099,"10":0.2292641699,"11":0.2224302441,"12":0.2202771008,"13":0.2146601677,"14":0.2119453251,"15":0.2094177008,"16":0.1983710825,"17":0.1927541643,"18":0.1781501472,"19":0.1736566126,"20":0.167103529,"21":0.1592398435,"22":0.1655120701,"23":0.1527803689,"24":0.1556824446,"25":0.1472570598,"26":0.1507208347,"27":0.1499719173,"28":0.1561505347,"29":0.1463209093},"val_auc":{"0":0.5514838696,"1":0.7014561296,"2":0.7867003083,"3":0.8118415475,"4":0.8271266222,"5":0.839184761,"6":0.8487985134,"7":0.855812788,"8":0.8626464605,"9":0.8683351874,"10":0.8739511967,"11":0.8764199018,"12":0.8809931874,"13":0.8849520683,"14":0.8872382045,"15":0.8899643421,"16":0.8938499689,"17":0.8957616687,"18":0.8964277506,"19":0.8987808228,"20":0.9003779888,"21":0.9024606347,"22":0.9039393663,"23":0.9047020674,"24":0.9061136842,"25":0.9074815512,"26":0.908618927,"27":0.9090438485,"28":0.9110971689,"29":0.9120075703},"val_loss":{"0":0.2398976833,"1":0.1518105119,"2":0.1269846857,"3":0.1162833497,"4":0.1103536189,"5":0.1065823063,"6":0.1039363071,"7":0.1019091308,"8":0.1003033146,"9":0.0989393666,"10":0.0976328179,"11":0.0964947492,"12":0.0955372229,"13":0.09461876,"14":0.0937653482,"15":0.0929664299,"16":0.0922747403,"17":0.0915043727,"18":0.0909157097,"19":0.0902332589,"20":0.0896134824,"21":0.0891027078,"22":0.0885853693,"23":0.0881242082,"24":0.087580435,"25":0.0870995522,"26":0.0866845921,"27":0.0863287598,"28":0.0859329998,"29":0.0854341462}}