{"accuracy":{"0":0.7268328071,"1":0.6930920482,"2":0.5823260546,"3":0.4589776695,"4":0.3560222387,"5":0.2770162225,"6":0.2305129766,"7":0.1960519552,"8":0.1753888428,"9":0.1652823836,"10":0.155806154,"11":0.152654916,"12":0.154455632,"13":0.1542980671,"14":0.1556711048,"15":0.1586197615,"16":0.1587998271,"17":0.1569991261,"18":0.1607806087,"19":0.1596551687,"20":0.1618160158,"21":0.1565714628,"22":0.1641794443,"23":0.1610282063,"24":0.1628964394,"25":0.1659801453,"26":0.163976863,"27":0.1613658369,"28":0.1682760566,"29":0.163301602},"auc":{"0":0.6177089214,"1":0.7188230753,"2":0.7879884839,"3":0.826723218,"4":0.8468058109,"5":0.8573689461,"6":0.8653287292,"7":0.8709124327,"8":0.8758757114,"9":0.8802631497,"10":0.8841195107,"11":0.8879497051,"12":0.8917217255,"13":0.8953185081,"14":0.8983076811,"15":0.9012133479,"16":0.9041060209,"17":0.9070480466,"18":0.909183383,"19":0.9111117125,"20":0.9140174389,"21":0.9150539637,"22":0.9177786112,"23":0.9189887047,"24":0.9207478762,"25":0.9216156006,"26":0.9229721427,"27":0.9252337217,"28":0.9254741669,"29":0.926535964},"loss":{"0":0.6236983538,"1":0.2833312154,"2":0.1877335757,"3":0.1538660377,"4":0.1383630186,"5":0.1299511492,"6":0.1249547899,"7":0.1216229722,"8":0.1189353541,"9":0.1170150712,"10":0.1152340919,"11":0.1138391271,"12":0.1124211252,"13":0.110936828,"14":0.1098628566,"15":0.1088158563,"16":0.1077720299,"17":0.1067588776,"18":0.1057546213,"19":0.1049786657,"20":0.103971079,"21":0.1032886505,"22":0.1025310308,"23":0.1018059701,"24":0.1010185629,"25":0.1003063917,"26":0.0996212587,"27":0.0989083797,"28":0.0983848423,"29":0.0978418291},"val_accuracy":{"0":0.6781501174,"1":0.6534356475,"2":0.5337951779,"3":0.3956187963,"4":0.3025650382,"5":0.2346938699,"6":0.1930350065,"7":0.1716906875,"8":0.1594270617,"9":0.1507208347,"10":0.1470698267,"11":0.1451039016,"12":0.1451975256,"13":0.1486613005,"14":0.1521250606,"15":0.1500655264,"16":0.1468826085,"17":0.1479123682,"18":0.1524995267,"19":0.1414529085,"20":0.1493166089,"21":0.1543718427,"22":0.1491293758,"23":0.1525931358,"24":0.1533420682,"25":0.1512825191,"26":0.1500655264,"27":0.1466017514,"28":0.1495974511,"29":0.1606440693},"val_auc":{"0":0.6711778045,"1":0.7376508713,"2":0.7892945409,"3":0.8171143532,"4":0.830919981,"5":0.8387714028,"6":0.8446910381,"7":0.8504008055,"8":0.8549093008,"9":0.858620882,"10":0.8628097177,"11":0.8665485382,"12":0.8700457215,"13":0.8735522032,"14":0.8776315451,"15":0.8802884817,"16":0.8831355572,"17":0.8848336935,"18":0.8867282271,"19":0.8887419701,"20":0.8900817633,"21":0.892942667,"22":0.895021081,"23":0.8958463669,"24":0.8977094889,"25":0.899473846,"26":0.9008719921,"27":0.9011784792,"28":0.9039416909,"29":0.9048529267},"val_loss":{"0":0.4035512805,"1":0.2064725906,"2":0.1505927145,"3":0.128254652,"4":0.1170197576,"5":0.1106796116,"6":0.1068300456,"7":0.1040929034,"8":0.1020586193,"9":0.100476183,"10":0.0990805104,"11":0.0979425758,"12":0.0969425887,"13":0.096036762,"14":0.095170185,"15":0.0944023058,"16":0.0936399847,"17":0.0928587094,"18":0.092199944,"19":0.0915585235,"20":0.0909979865,"21":0.0904159471,"22":0.0898003206,"23":0.0893044025,"24":0.088793382,"25":0.0883406699,"26":0.0879065245,"27":0.0874593481,"28":0.0870611146,"29":0.0865978822}}