{"accuracy":{"0":0.3634552658,"1":0.3744507134,"2":0.3711696565,"3":0.352791816,"4":0.3341991603,"5":0.3304103315,"6":0.3236333728,"7":0.3183407187,"8":0.3241021037,"9":0.3083803654,"10":0.3071109056,"11":0.2896900475,"12":0.2797492445,"13":0.2703161836,"14":0.2562740445,"15":0.2486768365,"16":0.2553756535,"17":0.242505312,"18":0.2294006199,"19":0.2269788831,"20":0.2256313115,"21":0.2178583294,"22":0.2214128077,"23":0.2151827067,"24":0.221295625,"25":0.2176825553,"26":0.2142257243,"27":0.2167841643,"28":0.2097142786,"29":0.2176434994},"auc":{"0":0.6424241066,"1":0.8000366688,"2":0.8602363467,"3":0.8804572225,"4":0.8900194764,"5":0.8961974382,"6":0.9017631412,"7":0.9058150053,"8":0.9089274406,"9":0.9121958017,"10":0.9154788852,"11":0.9177538753,"12":0.9199236035,"13":0.9222156405,"14":0.9237012863,"15":0.9255394936,"16":0.9267082214,"17":0.928232491,"18":0.9293966889,"19":0.9304442406,"20":0.9316072464,"21":0.9324780703,"22":0.9334918261,"23":0.9344957471,"24":0.9351129532,"25":0.936087966,"26":0.9366625547,"27":0.9376724958,"28":0.9380840659,"29":0.9389193058},"loss":{"0":0.4360282421,"1":0.244726494,"2":0.2019963861,"3":0.1867090464,"4":0.1787655205,"5":0.1736764163,"6":0.1697407663,"7":0.1667874306,"8":0.1644730568,"9":0.162180692,"10":0.1601748765,"11":0.1585464329,"12":0.1569384485,"13":0.1556257159,"14":0.1540434957,"15":0.1527730078,"16":0.1515666693,"17":0.1503965855,"18":0.1493544728,"19":0.1482882351,"20":0.1473029554,"21":0.1463232636,"22":0.1455254257,"23":0.1444257796,"24":0.143875286,"25":0.1430296302,"26":0.1421859711,"27":0.1414622366,"28":0.1408985257,"29":0.1401136667},"val_accuracy":{"0":0.3636959195,"1":0.3438494503,"2":0.3373899758,"3":0.3221306801,"4":0.3013480604,"5":0.3108968139,"6":0.3084628284,"7":0.3035012186,"8":0.2971353531,"9":0.2961992025,"10":0.2679273486,"11":0.2398427129,"12":0.2361917198,"13":0.2172814012,"14":0.1999625415,"15":0.1916307807,"16":0.1848904639,"17":0.1675716043,"18":0.1612057686,"19":0.1524059176,"20":0.1555888355,"21":0.15661861,"22":0.1517506093,"23":0.1429507583,"24":0.1362104416,"25":0.1360232085,"26":0.1392061412,"27":0.1356487572,"28":0.1470698267,"29":0.133401975},"val_auc":{"0":0.5982570648,"1":0.7308729887,"2":0.8030998111,"3":0.8283355832,"4":0.8434527516,"5":0.8570102453,"6":0.8661888838,"7":0.87375319,"8":0.8789512515,"9":0.8826384544,"10":0.8855458498,"11":0.8886269331,"12":0.8921580911,"13":0.8942017555,"14":0.8971084356,"15":0.8990606666,"16":0.9011801481,"17":0.9029978514,"18":0.903770566,"19":0.9049854875,"20":0.9055044651,"21":0.9072652459,"22":0.9087849855,"23":0.9093095064,"24":0.9097319245,"25":0.9111579657,"26":0.9126123786,"27":0.9134364128,"28":0.9142624736,"29":0.9149101377},"val_loss":{"0":0.2457755059,"1":0.1524081677,"2":0.1262836456,"3":0.1151782274,"4":0.1089540347,"5":0.1049927697,"6":0.1020663306,"7":0.099865444,"8":0.0979674086,"9":0.0964630172,"10":0.0951207727,"11":0.0940483958,"12":0.0930381194,"13":0.0920178145,"14":0.0911335126,"15":0.0903616026,"16":0.0896622986,"17":0.0890175551,"18":0.0882910565,"19":0.0877348557,"20":0.0870957449,"21":0.0865856484,"22":0.0861179754,"23":0.0855945274,"24":0.085175842,"25":0.0847896934,"26":0.0843729749,"27":0.0841285959,"28":0.0837236345,"29":0.0834605768}}