{"accuracy":{"0":0.4245974123,"1":0.4463157654,"2":0.4031806886,"3":0.3640004694,"4":0.3467564881,"5":0.3316575587,"6":0.3219546676,"7":0.3120507002,"8":0.2986610532,"9":0.2915053666,"10":0.286159575,"11":0.2794396281,"12":0.2696864605,"13":0.2706081569,"14":0.2625643313,"15":0.2570341825,"16":0.2582240105,"17":0.2554589212,"18":0.2559616566,"19":0.2541853189,"20":0.257201761,"21":0.2558946311,"22":0.2575369179,"23":0.2592127323,"24":0.259581387,"25":0.2619610429,"26":0.2631340921,"27":0.2635530531,"28":0.2676419914,"29":0.2702897489},"auc":{"0":0.7031735182,"1":0.8425726891,"2":0.8673715591,"3":0.8801211119,"4":0.8908228278,"5":0.8985408545,"6":0.9046109319,"7":0.9091924429,"8":0.9124478698,"9":0.9152837992,"10":0.9173356891,"11":0.9195159674,"12":0.9214135408,"13":0.9228832722,"14":0.9243997335,"15":0.9255950451,"16":0.92702353,"17":0.9283710718,"18":0.9295927286,"19":0.9306056499,"20":0.9318202734,"21":0.932749033,"22":0.9336964488,"23":0.9346721172,"24":0.9355231524,"25":0.9362871647,"26":0.9371966124,"27":0.937966764,"28":0.9387230873,"29":0.9396030903},"loss":{"0":0.5107079744,"1":0.2856944799,"2":0.2483774871,"3":0.2347145379,"4":0.2261139005,"5":0.2196999043,"6":0.2145948112,"7":0.2105422169,"8":0.2070797235,"9":0.2040699869,"10":0.2015722096,"11":0.1992722005,"12":0.197140038,"13":0.1953580976,"14":0.1936265081,"15":0.1921477616,"16":0.1904650778,"17":0.1887912005,"18":0.1873949617,"19":0.1861406565,"20":0.1846110374,"21":0.1835149676,"22":0.182262674,"23":0.1811647117,"24":0.1799134463,"25":0.1789548248,"26":0.1776835769,"27":0.1766544878,"28":0.175632596,"29":0.1745288968},"val_accuracy":{"0":0.4386818707,"1":0.4017037749,"2":0.3466579318,"3":0.3042501211,"4":0.2687698901,"5":0.2499531806,"6":0.222243011,"7":0.2135367841,"8":0.2097921669,"9":0.2008050829,"10":0.179741621,"11":0.1665418446,"12":0.1612057686,"13":0.1389252841,"14":0.1377082914,"15":0.1412656754,"16":0.140516758,"17":0.1291892827,"18":0.129844591,"19":0.1259127408,"20":0.1199213564,"21":0.1276914328,"22":0.1347125918,"23":0.1204830483,"24":0.1294701397,"25":0.1270361245,"26":0.1272233576,"27":0.1325594485,"28":0.1366785169,"29":0.1286275983},"val_auc":{"0":0.7726904154,"1":0.7932713032,"2":0.8094205856,"3":0.8256396055,"4":0.8373560905,"5":0.8465365171,"6":0.854341507,"7":0.8609374762,"8":0.8656046391,"9":0.8709482551,"10":0.8749266863,"11":0.8789786696,"12":0.8811438084,"13":0.88474226,"14":0.8855396509,"15":0.8881382942,"16":0.8902519941,"17":0.8926010132,"18":0.8929058313,"19":0.8944849372,"20":0.896186471,"21":0.8964024186,"22":0.8981671333,"23":0.8984442949,"24":0.899979353,"25":0.900981307,"26":0.9007457495,"27":0.9028086066,"28":0.9031904936,"29":0.9041635394},"val_loss":{"0":0.2500894964,"1":0.1551858038,"2":0.1321154386,"3":0.1214727685,"4":0.1152381673,"5":0.1107308194,"6":0.1069044471,"7":0.1041541621,"8":0.1020505503,"9":0.1000795364,"10":0.0986366272,"11":0.0972854272,"12":0.0961659104,"13":0.0952201858,"14":0.0943542495,"15":0.0938049033,"16":0.0931457803,"17":0.0925538912,"18":0.0918565318,"19":0.0913830996,"20":0.090968363,"21":0.0904655904,"22":0.0899993107,"23":0.0895710737,"24":0.0892136246,"25":0.0887634903,"26":0.0885424167,"27":0.08813335,"28":0.0878935382,"29":0.0874621347}}