{"accuracy":{"0":0.1539862603,"1":0.1661282331,"2":0.1723293066,"3":0.1719173491,"4":0.175559938,"5":0.178291887,"6":0.1851217449,"7":0.1860974431,"8":0.1830836236,"9":0.1859890372,"10":0.1843195111,"11":0.1833438128,"12":0.178530395,"13":0.1767090857,"14":0.1805901825,"15":0.172264263,"16":0.1751696616,"17":0.1713752896,"18":0.1788339317,"19":0.1697708219,"20":0.1770126373,"21":0.1723509878,"22":0.1715921164,"23":0.178877309,"24":0.1744107902,"25":0.1835389584,"26":0.1763838679,"27":0.1805685014,"28":0.1778799295,"29":0.1797445863},"auc":{"0":0.7013081312,"1":0.8150279522,"2":0.8509269953,"3":0.8671512008,"4":0.8767449856,"5":0.8846479654,"6":0.890781045,"7":0.8953897953,"8":0.8995414376,"9":0.9026722908,"10":0.9054663181,"11":0.9085299969,"12":0.9111545086,"13":0.9127117395,"14":0.9150573015,"15":0.9172610044,"16":0.9189409018,"17":0.9212385416,"18":0.9222056866,"19":0.9236954451,"20":0.9248677492,"21":0.9263211489,"22":0.9272685647,"23":0.9284363985,"24":0.9296933413,"25":0.9302513599,"26":0.9314073324,"27":0.9322497249,"28":0.9330735207,"29":0.9336928129},"loss":{"0":0.3681572676,"1":0.2011151016,"2":0.1619275361,"3":0.1480952799,"4":0.1412294358,"5":0.1368219107,"6":0.1336470097,"7":0.1311073601,"8":0.1290236861,"9":0.1272278279,"10":0.1257160455,"11":0.1242284775,"12":0.1229956374,"13":0.1219066381,"14":0.1207587346,"15":0.1197209582,"16":0.1186547056,"17":0.1178006679,"18":0.1169610322,"19":0.1161612421,"20":0.1154095903,"21":0.1146406308,"22":0.1139996946,"23":0.1132435277,"24":0.1125819609,"25":0.112040244,"26":0.1112987474,"27":0.1106856689,"28":0.1101598963,"29":0.1096584797},"val_accuracy":{"0":0.1188915893,"1":0.1471634507,"2":0.1461336762,"3":0.1512825191,"4":0.1597079188,"5":0.1662609875,"6":0.1670099199,"7":0.165324837,"8":0.1676652282,"9":0.163639769,"10":0.1629844606,"11":0.1629844606,"12":0.1683205366,"13":0.167103529,"14":0.1528739929,"15":0.1605504602,"16":0.1589589864,"17":0.163639769,"18":0.1509080678,"19":0.1535293013,"20":0.1518442184,"21":0.1587717533,"22":0.1608313024,"23":0.1515633762,"24":0.1452911347,"25":0.14575921,"26":0.1459464431,"27":0.147537902,"28":0.1622355282,"29":0.1598015279},"val_auc":{"0":0.725969553,"1":0.7813470364,"2":0.8096479177,"3":0.8262299895,"4":0.8393039703,"5":0.8506774902,"6":0.8572189212,"7":0.8648833632,"8":0.8709532022,"9":0.8761584759,"10":0.8800907135,"11":0.8835976124,"12":0.8859721422,"13":0.8899260163,"14":0.8920878172,"15":0.8941317797,"16":0.8970229626,"17":0.8982759714,"18":0.9002702832,"19":0.9024537802,"20":0.9047858715,"21":0.9066008925,"22":0.9079407454,"23":0.9099670649,"24":0.9102222919,"25":0.9113260508,"26":0.9122982621,"27":0.9131330252,"28":0.9142098427,"29":0.9145958424},"val_loss":{"0":0.2298648804,"1":0.145550862,"2":0.1227090135,"3":0.1131177023,"4":0.1078776494,"5":0.1043983251,"6":0.1018729955,"7":0.0998924449,"8":0.0981534868,"9":0.0967465118,"10":0.0955187902,"11":0.0945414752,"12":0.0934197903,"13":0.0925290957,"14":0.0917172134,"15":0.0909954011,"16":0.0902715027,"17":0.0896310881,"18":0.0889248773,"19":0.0883295462,"20":0.0877659693,"21":0.0872866213,"22":0.0867357701,"23":0.0863142982,"24":0.0857830718,"25":0.0854320824,"26":0.0850061402,"27":0.0846269876,"28":0.084340021,"29":0.0839411542}}