{"accuracy":{"0":0.2031521499,"1":0.2741245627,"2":0.3292385042,"3":0.3190828562,"4":0.2981856465,"5":0.2925609648,"6":0.2764877081,"7":0.2721324861,"8":0.2662539184,"9":0.2572114766,"10":0.2534812391,"11":0.2460988611,"12":0.2377595007,"13":0.2331308722,"14":0.2285998911,"15":0.2261781543,"16":0.2226431966,"17":0.2203777134,"18":0.2148506939,"19":0.2105540633,"20":0.2102806419,"21":0.2216081023,"22":0.2131320387,"23":0.2104173601,"24":0.2069409937,"25":0.2128195614,"26":0.2091479003,"27":0.2144405544,"28":0.2094408572,"29":0.2117258757},"auc":{"0":0.619171679,"1":0.7878199816,"2":0.8497985601,"3":0.8738584518,"4":0.8849115372,"5":0.8930460811,"6":0.8996459842,"7":0.9046630859,"8":0.9098193645,"9":0.9133870006,"10":0.9164996743,"11":0.919074297,"12":0.9207575321,"13":0.9229693413,"14":0.9242126942,"15":0.9255965352,"16":0.9269218445,"17":0.9279128313,"18":0.9292961955,"19":0.9305676222,"20":0.9312933087,"21":0.9324433208,"22":0.9333078265,"23":0.9343698025,"24":0.9350938797,"25":0.9358663559,"26":0.9366779327,"27":0.9373471141,"28":0.9380031228,"29":0.9384682178},"loss":{"0":0.5008268952,"1":0.2634765804,"2":0.2104349285,"3":0.1921359748,"4":0.1827253103,"5":0.176766932,"6":0.17228356,"7":0.1687192768,"8":0.1660374552,"9":0.1633433104,"10":0.1611801833,"11":0.1591350436,"12":0.1574908048,"13":0.1558540761,"14":0.1544725746,"15":0.1531633586,"16":0.1518755257,"17":0.1509491056,"18":0.149699077,"19":0.1487049758,"20":0.1476939321,"21":0.1466189027,"22":0.1459493935,"23":0.1449379474,"24":0.1441594809,"25":0.1433642507,"26":0.1425982118,"27":0.1417642236,"28":0.1412341148,"29":0.1406048238},"val_accuracy":{"0":0.1616738439,"1":0.284684509,"2":0.3086500466,"3":0.2800973654,"4":0.2706421912,"5":0.2565998733,"6":0.2431192547,"7":0.2342257947,"8":0.2168133259,"9":0.2126006335,"10":0.2041752338,"11":0.1972476989,"12":0.1862946898,"13":0.1767459214,"14":0.1720651537,"15":0.1587717533,"16":0.1591462195,"17":0.1499719173,"18":0.1483804435,"19":0.1468826085,"20":0.1493166089,"21":0.1492229849,"22":0.143980518,"23":0.1410784423,"24":0.1508144438,"25":0.1390189081,"26":0.1484740674,"27":0.1385508329,"28":0.1400486827,"29":0.1396742165},"val_auc":{"0":0.557777524,"1":0.711186409,"2":0.8053404093,"3":0.8378452063,"4":0.8504123092,"5":0.8598940372,"6":0.8663011789,"7":0.8715362549,"8":0.8758125901,"9":0.8793513179,"10":0.8829373121,"11":0.8859989643,"12":0.8884143829,"13":0.8898701668,"14":0.8923889995,"15":0.8941854239,"16":0.8960705996,"17":0.8978136778,"18":0.9005446434,"19":0.9022395611,"20":0.9038271904,"21":0.9052187204,"22":0.9065528512,"23":0.9068048,"24":0.9085249305,"25":0.9094100595,"26":0.910325408,"27":0.9106077552,"28":0.9115584493,"29":0.9126905203},"val_loss":{"0":0.2838083804,"1":0.1665222347,"2":0.134758696,"3":0.1212795973,"4":0.1139963642,"5":0.109291777,"6":0.1056186855,"7":0.102917783,"8":0.1010758579,"9":0.099176228,"10":0.0977665335,"11":0.0963296667,"12":0.0952607766,"13":0.0942498818,"14":0.0931645781,"15":0.0923377797,"16":0.091485396,"17":0.0908034295,"18":0.0901134089,"19":0.089445971,"20":0.0888735577,"21":0.0883509889,"22":0.0877971351,"23":0.0872277617,"24":0.086901322,"25":0.0863716081,"26":0.0860474184,"27":0.0855934024,"28":0.0852712989,"29":0.0849142522}}