{"accuracy":{"0":0.0795687288,"1":0.0842730775,"2":0.0909582004,"3":0.0950323045,"4":0.0966079235,"5":0.0991739258,"6":0.1042159051,"7":0.1124991551,"8":0.11868909,"9":0.1325995475,"10":0.1347603947,"11":0.1425709575,"12":0.1378666162,"13":0.1427960545,"14":0.1382492632,"15":0.139982447,"16":0.1413554847,"17":0.1445067227,"18":0.1427285224,"19":0.1380916983,"20":0.1494586617,"21":0.148760885,"22":0.1463299394,"23":0.1448443532,"24":0.1508091986,"25":0.1512818784,"26":0.1496837586,"27":0.1511918455,"28":0.1547482461,"29":0.154455632},"auc":{"0":0.6114673615,"1":0.6798009872,"2":0.7524838448,"3":0.8089414835,"4":0.8390341997,"5":0.8567589521,"6":0.8675043583,"7":0.8751019239,"8":0.8793358803,"9":0.8836244345,"10":0.8864816427,"11":0.8887530565,"12":0.8922247291,"13":0.8953692317,"14":0.8977441192,"15":0.9009792805,"16":0.9030981064,"17":0.905862689,"18":0.9080610871,"19":0.9105722904,"20":0.9124067426,"21":0.9146031141,"22":0.9159709215,"23":0.9179545045,"24":0.9191638231,"25":0.9207687378,"26":0.9221217036,"27":0.9228807092,"28":0.9243422747,"29":0.9255439043},"loss":{"0":0.6851542592,"1":0.3092920184,"2":0.1991644204,"3":0.1606289595,"4":0.1434271932,"5":0.1339217573,"6":0.128066957,"7":0.1239094138,"8":0.1208850965,"9":0.1184315234,"10":0.1165254265,"11":0.1148638055,"12":0.1133749485,"13":0.112074852,"14":0.1107509211,"15":0.1097219512,"16":0.1086904183,"17":0.1076708063,"18":0.1068069041,"19":0.1059743091,"20":0.1050636023,"21":0.1041582078,"22":0.1034983844,"23":0.1025753543,"24":0.101874724,"25":0.101150848,"26":0.1004837379,"27":0.0999423414,"28":0.0992257595,"29":0.0987071246},"val_accuracy":{"0":0.0811645761,"1":0.0846283436,"2":0.0855645016,"3":0.0865006521,"4":0.0873431936,"5":0.090619728,"6":0.0970791951,"7":0.1059726626,"8":0.115521431,"9":0.1214192063,"10":0.1308743656,"11":0.1249765903,"12":0.1343381405,"13":0.1275042146,"14":0.1347125918,"15":0.1320913583,"16":0.1309679747,"17":0.1300318241,"18":0.1292829067,"19":0.1391125172,"20":0.1408912092,"21":0.1353679001,"22":0.136959359,"23":0.1430443674,"24":0.1392061412,"25":0.1341509074,"26":0.1398614496,"27":0.1376146674,"28":0.1417337507,"29":0.1436060667},"val_auc":{"0":0.727615118,"1":0.7520154715,"2":0.7792062759,"3":0.8071753979,"4":0.8301119804,"5":0.8465698957,"6":0.8570363522,"7":0.8648819923,"8":0.8694440126,"9":0.8744908571,"10":0.8779287338,"11":0.8807146549,"12":0.8833267689,"13":0.8865380883,"14":0.889727354,"15":0.8923164606,"16":0.8947373629,"17":0.8975182772,"18":0.899726212,"19":0.9012544155,"20":0.9032783508,"21":0.9054598212,"22":0.9060533047,"23":0.9077609777,"24":0.9092766047,"25":0.9101212621,"26":0.9112581611,"27":0.9116988182,"28":0.9127433896,"29":0.9142000675},"val_loss":{"0":0.4298722148,"1":0.2190769166,"2":0.1552765518,"3":0.1302543581,"4":0.1181521714,"5":0.1110590249,"6":0.1065410823,"7":0.103388086,"8":0.1009919345,"9":0.0990899503,"10":0.0975041762,"11":0.0961429402,"12":0.0949821025,"13":0.0938682482,"14":0.0929044038,"15":0.0920833722,"16":0.0911224857,"17":0.0903391987,"18":0.089607738,"19":0.0889195949,"20":0.0882628411,"21":0.0875568911,"22":0.0870651379,"23":0.0865085796,"24":0.0859743282,"25":0.0854162797,"26":0.0849330798,"27":0.0844480917,"28":0.0840644464,"29":0.0836606026}}