{"accuracy":{"0":0.7951258421,"1":0.7364541292,"2":0.6322066188,"3":0.490904361,"4":0.3554562926,"5":0.2574965954,"6":0.2048090845,"7":0.176752463,"8":0.1594718248,"9":0.1548752189,"10":0.150278613,"11":0.1498449743,"12":0.1483055502,"13":0.1501268446,"14":0.1486090869,"15":0.1509724408,"16":0.148392275,"17":0.1493679732,"18":0.1468094736,"19":0.1519698203,"20":0.1485440433,"21":0.1515795439,"22":0.1491728276,"23":0.1503653377,"24":0.1549836248,"25":0.1524685025,"26":0.1528154165,"27":0.1547884941,"28":0.1576288491,"29":0.1575854868},"auc":{"0":0.5575121045,"1":0.6875146031,"2":0.7811475992,"3":0.8395611048,"4":0.8665030003,"5":0.8785771132,"6":0.8846459985,"7":0.8890193701,"8":0.8922874331,"9":0.8954070807,"10":0.898275733,"11":0.9009810686,"12":0.9037573338,"13":0.9062736034,"14":0.9088920951,"15":0.9107142687,"16":0.913536787,"17":0.9154931307,"18":0.9171182513,"19":0.9184778929,"20":0.9202814698,"21":0.9220676422,"22":0.9232884645,"23":0.924164176,"24":0.9257273078,"25":0.9265372753,"26":0.9276375771,"27":0.928771019,"28":0.9297831059,"29":0.9304970503},"loss":{"0":0.8496736884,"1":0.3715591431,"2":0.2307316512,"3":0.1823026091,"4":0.1609367877,"5":0.1496442556,"6":0.1427060068,"7":0.1381459534,"8":0.1347247958,"9":0.1321397573,"10":0.1299873441,"11":0.1281411201,"12":0.1265477538,"13":0.1251976788,"14":0.1237438917,"15":0.1225526109,"16":0.1214530393,"17":0.1203460023,"18":0.1192811057,"19":0.1183904558,"20":0.1175462082,"21":0.116554752,"22":0.1156848222,"23":0.1151153222,"24":0.1141569391,"25":0.1135274619,"26":0.1128001586,"27":0.1121166497,"28":0.1115688756,"29":0.1109548584},"val_accuracy":{"0":0.7276726961,"1":0.6921924353,"2":0.5524246097,"3":0.3934656382,"4":0.2688634992,"5":0.1879797727,"6":0.1571802944,"7":0.1345253587,"8":0.128159523,"9":0.123572357,"10":0.120951131,"11":0.1187979728,"12":0.1183298975,"13":0.1197341308,"14":0.1216064394,"15":0.1177682057,"16":0.1206702814,"17":0.1185171306,"18":0.1217000484,"19":0.1125257388,"20":0.1201085895,"21":0.1184235141,"22":0.1129938141,"23":0.1215128228,"24":0.1175809726,"25":0.1173937395,"26":0.1211383566,"27":0.1218872815,"28":0.1237595901,"29":0.120951131},"val_auc":{"0":0.5240387321,"1":0.6522438526,"2":0.7499346733,"3":0.7962214351,"4":0.8165043592,"5":0.82764709,"6":0.8363177776,"7":0.8421029449,"8":0.8488138914,"9":0.8539817333,"10":0.8607008457,"11":0.8645938039,"12":0.8677616119,"13":0.8726600409,"14":0.87600106,"15":0.8803445697,"16":0.8839241266,"17":0.8869050741,"18":0.8895267248,"19":0.8925693035,"20":0.8953030109,"21":0.895324707,"22":0.8973320723,"23":0.8998970985,"24":0.9010785818,"25":0.9027733207,"26":0.9046323299,"27":0.9058994055,"28":0.9077068567,"29":0.9079971313},"val_loss":{"0":0.5250490308,"1":0.255068481,"2":0.1739739329,"3":0.1417758912,"4":0.1262455285,"5":0.1173436418,"6":0.1119137928,"7":0.1081628948,"8":0.105412282,"9":0.1032338291,"10":0.1015014499,"11":0.1000379547,"12":0.0986496657,"13":0.0975283906,"14":0.0963991657,"15":0.0954625234,"16":0.0944921002,"17":0.0937273875,"18":0.0929349661,"19":0.092132695,"20":0.0914480537,"21":0.0908936039,"22":0.0901593342,"23":0.0895177722,"24":0.0889689401,"25":0.0884713009,"26":0.0879399702,"27":0.0875460282,"28":0.0870444253,"29":0.0866407901}}