{"accuracy":{"0":0.0460744575,"1":0.0885496885,"2":0.1109472886,"3":0.1178638786,"4":0.119923681,"5":0.1202922761,"6":0.1205524579,"7":0.1212896481,"8":0.1215931997,"9":0.1224171221,"10":0.121810019,"11":0.1238047779,"12":0.124823831,"13":0.1254309267,"14":0.1266234517,"15":0.1289434284,"16":0.1297890395,"17":0.1333665848,"18":0.1333232224,"19":0.136098519,"20":0.138353467,"21":0.1398278475,"22":0.1403482109,"23":0.1446629465,"24":0.1431235224,"25":0.1469829381,"26":0.1489343196,"27":0.1496498287,"28":0.1512543112,"29":0.15324907},"auc":{"0":0.6882772446,"1":0.8130918741,"2":0.8529517651,"3":0.8698300123,"4":0.8784891367,"5":0.8838430643,"6":0.8887174726,"7":0.893198967,"8":0.8975410461,"9":0.90123564,"10":0.9047397375,"11":0.9080583453,"12":0.9108933806,"13":0.9133604765,"14":0.9153176546,"15":0.9171990156,"16":0.9188991785,"17":0.9208245277,"18":0.9220166206,"19":0.9235057831,"20":0.9245573282,"21":0.9257942438,"22":0.9269651175,"23":0.9284486771,"24":0.9292274117,"25":0.9297419786,"26":0.930911839,"27":0.9318180084,"28":0.9324156642,"29":0.9333741665},"loss":{"0":0.2744919956,"1":0.1745792776,"2":0.1518874466,"3":0.1429377496,"4":0.1379062682,"5":0.1346702129,"6":0.132010743,"7":0.1299323142,"8":0.1281182915,"9":0.12637344,"10":0.1249754205,"11":0.1236063316,"12":0.1225018874,"13":0.1212524846,"14":0.1202966273,"15":0.1193458438,"16":0.1184557751,"17":0.1175787002,"18":0.1168314293,"19":0.115986079,"20":0.1151623502,"21":0.1143547893,"22":0.1137536094,"23":0.1130315587,"24":0.1124082357,"25":0.1119484827,"26":0.1112003624,"27":0.110684976,"28":0.1101351529,"29":0.1094920263},"val_accuracy":{"0":0.0488672517,"1":0.0694626421,"2":0.0826624185,"3":0.0850028023,"4":0.0859389603,"5":0.0861261934,"6":0.0864070356,"7":0.0868751109,"8":0.0882793441,"9":0.088841036,"10":0.091555886,"11":0.091555886,"12":0.0905261189,"13":0.0913686529,"14":0.0946451947,"15":0.0965175033,"16":0.0988578871,"17":0.0995131955,"18":0.1045684293,"19":0.1071896628,"20":0.1082194299,"21":0.1090619713,"22":0.1080321968,"23":0.1078449711,"24":0.1176745892,"25":0.1180490479,"26":0.1143980473,"27":0.1198277473,"28":0.1195468977,"29":0.1205766648},"val_auc":{"0":0.6928265095,"1":0.774132669,"2":0.8185096979,"3":0.8372397423,"4":0.8476316333,"5":0.8551435471,"6":0.8601530194,"7":0.8648266792,"8":0.867181778,"9":0.870837152,"10":0.8738771677,"11":0.8767086267,"12":0.8795046806,"13":0.882098496,"14":0.8843739033,"15":0.8865420222,"16":0.8880926967,"17":0.8907654285,"18":0.8920332193,"19":0.8931538463,"20":0.8953025341,"21":0.8970379829,"22":0.8971719742,"23":0.8985947967,"24":0.9001534581,"25":0.9013667703,"26":0.9017577767,"27":0.9023023248,"28":0.9039863944,"29":0.9043605924},"val_loss":{"0":0.1796174198,"1":0.1287863553,"2":0.1156707928,"3":0.1096131355,"4":0.1059549004,"5":0.1034515128,"6":0.1015726179,"7":0.100084886,"8":0.098769933,"9":0.0976925716,"10":0.0968630165,"11":0.0958793014,"12":0.0949684829,"13":0.0942572057,"14":0.0935735777,"15":0.0928770676,"16":0.0923637375,"17":0.0917988643,"18":0.0912055969,"19":0.0906825885,"20":0.0901640952,"21":0.0896560028,"22":0.0892852619,"23":0.0887748674,"24":0.0884275213,"25":0.0879602656,"26":0.0876058117,"27":0.0872500762,"28":0.0868928805,"29":0.0865377337}}