{"accuracy":{"0":0.0895454884,"1":0.1578400582,"2":0.2098109573,"3":0.2227659822,"4":0.2321009636,"5":0.233994782,"6":0.237966761,"7":0.2407152951,"8":0.2402627915,"9":0.239391312,"10":0.2454749644,"11":0.2459609956,"12":0.2450727373,"13":0.2478380501,"14":0.2496983409,"15":0.2488268465,"16":0.251826793,"17":0.2535362542,"18":0.2568210959,"19":0.2570892274,"20":0.2578266561,"21":0.2588657439,"22":0.2593852878,"23":0.2609438896,"24":0.2650331855,"25":0.2653516233,"26":0.267010808,"27":0.266910255,"28":0.2689381242,"29":0.2715525925},"auc":{"0":0.7086472511,"1":0.854182303,"2":0.8852239251,"3":0.897708118,"4":0.9044228792,"5":0.9090262651,"6":0.9124385118,"7":0.9152657986,"8":0.9175976515,"9":0.9196571112,"10":0.9215637445,"11":0.9232604504,"12":0.9246492982,"13":0.9261342883,"14":0.9274866581,"15":0.9286955595,"16":0.929713428,"17":0.930796802,"18":0.93214643,"19":0.9328812361,"20":0.9337940216,"21":0.9348407984,"22":0.9357774258,"23":0.9364638329,"24":0.9371905327,"25":0.9381779432,"26":0.9388589263,"27":0.9395381212,"28":0.9403358698,"29":0.9410152435},"loss":{"0":0.368737489,"1":0.2551807463,"2":0.2311709523,"3":0.2208367884,"4":0.2148256898,"5":0.210446775,"6":0.2070024312,"7":0.2039457411,"8":0.2014293224,"9":0.1992451698,"10":0.196871981,"11":0.1951542795,"12":0.1932953596,"13":0.1916185021,"14":0.1899900138,"15":0.1885641366,"16":0.1870784909,"17":0.1857653409,"18":0.1843807697,"19":0.1831568331,"20":0.1820463687,"21":0.1806498766,"22":0.1796148419,"23":0.1784438342,"24":0.1774609536,"25":0.1762260944,"26":0.1752125621,"27":0.1741837859,"28":0.1730870306,"29":0.1722028404},"val_accuracy":{"0":0.0234864801,"1":0.1004023626,"2":0.1266959906,"3":0.1357724369,"4":0.1387667358,"5":0.1345560104,"6":0.1335267127,"7":0.1257602721,"8":0.1266959906,"9":0.1290352792,"10":0.1238888428,"11":0.1204266921,"12":0.1285674274,"13":0.1260409802,"14":0.1235145554,"15":0.1222045496,"16":0.1279124171,"17":0.1268831342,"18":0.1259474158,"19":0.1260409802,"20":0.1237952709,"21":0.1222045496,"22":0.1239824072,"23":0.130064562,"24":0.1327781379,"25":0.1232338399,"26":0.1275381297,"27":0.1280059963,"28":0.1297838539,"29":0.1321231425},"val_auc":{"0":0.6831469536,"1":0.7829785347,"2":0.828646183,"3":0.8430720568,"4":0.8506882787,"5":0.8573768139,"6":0.8645401001,"7":0.8689341545,"8":0.8736668825,"9":0.8774181604,"10":0.8807715178,"11":0.8838243484,"12":0.8865693808,"13":0.8882808685,"14":0.8898359537,"15":0.8924586773,"16":0.8941237926,"17":0.8964421749,"18":0.8967747092,"19":0.8982573748,"20":0.8987709284,"21":0.9006817937,"22":0.901337862,"23":0.9015848041,"24":0.9027311206,"25":0.9035614133,"26":0.9043651223,"27":0.9050085545,"28":0.9057202935,"29":0.9066599011},"val_loss":{"0":0.1798645556,"1":0.1324329674,"2":0.1179410815,"3":0.1108200029,"4":0.1064068675,"5":0.1031928807,"6":0.1007407233,"7":0.0987712666,"8":0.0970481262,"9":0.0955038741,"10":0.0942126587,"11":0.0932211876,"12":0.09224163,"13":0.0913748816,"14":0.0904867053,"15":0.0897479132,"16":0.0891351476,"17":0.0886241868,"18":0.087985158,"19":0.0875672624,"20":0.0870319754,"21":0.0867234915,"22":0.086307995,"23":0.0858734027,"24":0.085579887,"25":0.0851072669,"26":0.0848616436,"27":0.0845962688,"28":0.084247373,"29":0.0839460492}}