{"accuracy":{"0":0.0739793181,"1":0.0913466737,"2":0.1024045423,"3":0.1081719846,"4":0.1121831685,"5":0.1151969805,"6":0.1167797744,"7":0.1199453622,"8":0.1201188192,"9":0.1205090955,"10":0.1215064749,"11":0.1226556227,"12":0.1238915026,"13":0.1247154251,"14":0.1267101765,"15":0.1289867908,"16":0.1292036176,"17":0.1334749907,"18":0.1346024573,"19":0.136337027,"20":0.1398278475,"21":0.1442076266,"22":0.1444027722,"23":0.1472864896,"24":0.148630783,"25":0.1530972868,"26":0.1530756056,"27":0.153942883,"28":0.1610112488,"29":0.158192575},"auc":{"0":0.5743279457,"1":0.6972544193,"2":0.7890037298,"3":0.8359289169,"4":0.8585697412,"5":0.8712930679,"6":0.8795135021,"7":0.8846856952,"8":0.8898347616,"9":0.8933330774,"10":0.8970547318,"11":0.8999351859,"12":0.9031664133,"13":0.9057731628,"14":0.9084763527,"15":0.910556376,"16":0.9131168723,"17":0.9149698019,"18":0.9167604446,"19":0.9186970592,"20":0.9203826189,"21":0.9220930338,"22":0.9233238697,"23":0.9248303175,"24":0.9260807633,"25":0.9269023538,"26":0.9281899929,"27":0.9294614792,"28":0.930616498,"29":0.9311631918},"loss":{"0":0.6348136663,"1":0.2958285511,"2":0.2036639601,"3":0.1718275398,"4":0.1570875943,"5":0.1484602243,"6":0.1429097056,"7":0.1387227178,"8":0.1353547722,"9":0.1327234805,"10":0.1304765791,"11":0.128582105,"12":0.126920715,"13":0.1254415363,"14":0.1240735874,"15":0.1229010001,"16":0.1218113676,"17":0.1207227409,"18":0.1196553409,"19":0.1187164187,"20":0.1178993136,"21":0.1169742122,"22":0.1162182093,"23":0.1153563708,"24":0.1145536527,"25":0.1139589399,"26":0.1132977754,"27":0.1126393005,"28":0.1118635908,"29":0.1113809124},"val_accuracy":{"0":0.0801348016,"1":0.0817262679,"2":0.084534727,"3":0.0853772685,"4":0.0875304192,"5":0.0907133445,"6":0.0936154276,"7":0.0938026533,"8":0.0946451947,"9":0.0973600447,"10":0.0977345034,"11":0.0977345034,"12":0.0981089622,"13":0.0987642705,"14":0.1027897373,"15":0.1025088876,"16":0.1034450457,"17":0.1035386622,"18":0.1070960462,"19":0.1097172797,"20":0.1118704304,"21":0.1118704304,"22":0.1145852804,"23":0.1151469722,"24":0.1219808981,"25":0.120951131,"26":0.1257255226,"27":0.1300318241,"28":0.1252574325,"29":0.1321849823},"val_auc":{"0":0.7047946453,"1":0.7367901802,"2":0.7792242169,"3":0.8155759573,"4":0.8372033834,"5":0.8482328057,"6":0.856405139,"7":0.8620029688,"8":0.8669655323,"9":0.8714581132,"10":0.8758341074,"11":0.8793982267,"12":0.882843256,"13":0.8857765198,"14":0.8893422484,"15":0.8915763497,"16":0.8945125341,"17":0.8966840506,"18":0.8988695741,"19":0.9006186128,"20":0.902787447,"21":0.9046205878,"22":0.9059299231,"23":0.9070339203,"24":0.9084242582,"25":0.9101323485,"26":0.9114258289,"27":0.9119637609,"28":0.9130642414,"29":0.9141324759},"val_loss":{"0":0.3876960874,"1":0.2027543038,"2":0.149148196,"3":0.1277917624,"4":0.1170969754,"5":0.1107184589,"6":0.1065633371,"7":0.1036049873,"8":0.1011969373,"9":0.0992380157,"10":0.0975703821,"11":0.0961368456,"12":0.0948758647,"13":0.093673788,"14":0.0926593095,"15":0.0917204842,"16":0.090799816,"17":0.0900461003,"18":0.0893724486,"19":0.0886488929,"20":0.087969996,"21":0.0873614103,"22":0.0867265239,"23":0.0862684101,"24":0.0856678933,"25":0.0851893425,"26":0.0848223716,"27":0.0843692496,"28":0.0839608684,"29":0.0835476443}}