{"accuracy":{"0":0.2790709436,"1":0.2621956468,"2":0.2492919862,"3":0.2436110228,"4":0.2428066432,"5":0.244566232,"6":0.2478005141,"7":0.2496774197,"8":0.2575871944,"9":0.2599500716,"10":0.2632178664,"11":0.2661672831,"12":0.2677760422,"13":0.2633519471,"14":0.2652623653,"15":0.2637206316,"16":0.2636032999,"17":0.2661505342,"18":0.2647931278,"19":0.2638044059,"20":0.2661505342,"21":0.2654634416,"22":0.2672230303,"23":0.2688653171,"24":0.2681950033,"25":0.270490855,"26":0.2719990611,"27":0.2733229399,"28":0.2734570205,"29":0.2759707272},"auc":{"0":0.7620708942,"1":0.8582853675,"2":0.8768428564,"3":0.8858060837,"4":0.8933078051,"5":0.899135232,"6":0.9038510323,"7":0.9075175524,"8":0.9106728435,"9":0.9133332968,"10":0.9156826735,"11":0.9176327586,"12":0.9199799299,"13":0.9216976166,"14":0.9233423471,"15":0.9248802066,"16":0.9262652397,"17":0.9274982214,"18":0.9288622141,"19":0.9300026298,"20":0.9310334921,"21":0.9320036769,"22":0.932970643,"23":0.934045434,"24":0.9348922968,"25":0.9359158278,"26":0.9364745021,"27":0.9374326468,"28":0.9380970001,"29":0.9390214682},"loss":{"0":0.432824403,"1":0.2637366056,"2":0.2378744483,"3":0.2278808951,"4":0.2213717401,"5":0.2165655196,"6":0.2125879228,"7":0.20930475,"8":0.2064257115,"9":0.2038388401,"10":0.2015919089,"11":0.1994534284,"12":0.1973940432,"13":0.1954618245,"14":0.1937393546,"15":0.1920130998,"16":0.1906221062,"17":0.1891047359,"18":0.1874518245,"19":0.186068356,"20":0.1848248541,"21":0.1835341305,"22":0.1823368967,"23":0.1810233444,"24":0.1799724996,"25":0.1787188351,"26":0.1776029021,"27":0.176427424,"28":0.1754091084,"29":0.1743347198},"val_accuracy":{"0":0.1698183864,"1":0.161767453,"2":0.1466017514,"3":0.1362104416,"4":0.1269425154,"5":0.1286275983,"6":0.1253510565,"7":0.1391125172,"8":0.137052983,"9":0.1453847587,"10":0.1470698267,"11":0.1442613751,"12":0.138644442,"13":0.1447294503,"14":0.1359295994,"15":0.1363040656,"16":0.135274291,"17":0.1364912838,"18":0.1295637488,"19":0.1415465176,"20":0.1324658245,"21":0.1282531321,"22":0.128065899,"23":0.1249765903,"24":0.1322785914,"25":0.129844591,"26":0.1303126663,"27":0.1306871325,"28":0.1319041401,"29":0.1291892827},"val_auc":{"0":0.786778152,"1":0.80768013,"2":0.8188107014,"3":0.8286306262,"4":0.837102294,"5":0.8468407393,"6":0.8542362452,"7":0.8618653417,"8":0.8676674962,"9":0.8739648461,"10":0.8786433935,"11":0.8845080733,"12":0.8871492743,"13":0.8912770748,"14":0.8940529823,"15":0.8966928124,"16":0.8978585005,"17":0.89995718,"18":0.901694715,"19":0.9045478106,"20":0.9053222537,"21":0.9058634043,"22":0.9071234465,"23":0.9081006646,"24":0.9087481499,"25":0.9094225764,"26":0.9104851484,"27":0.911544323,"28":0.912430644,"29":0.9132038355},"val_loss":{"0":0.2078014016,"1":0.1395291239,"2":0.1238512322,"3":0.1163967252,"4":0.111473538,"5":0.1080770865,"6":0.1049028933,"7":0.1025456041,"8":0.1003577486,"9":0.0986047909,"10":0.0969438553,"11":0.0956515744,"12":0.0944782794,"13":0.0935549662,"14":0.092575185,"15":0.0918905362,"16":0.0908745304,"17":0.0902877375,"18":0.0896359533,"19":0.0890782923,"20":0.0885654464,"21":0.0881095529,"22":0.087585263,"23":0.0870590657,"24":0.0865664333,"25":0.0861619487,"26":0.0858739465,"27":0.0855762884,"28":0.0851207003,"29":0.0848299265}}