{"accuracy":{"0":0.8040934801,"1":0.776048243,"2":0.6641603112,"3":0.4862410426,"4":0.3519324958,"5":0.2922484875,"6":0.261801064,"7":0.243149817,"8":0.2325254381,"9":0.2197332233,"10":0.2151631713,"11":0.2049098611,"12":0.2052028179,"13":0.1995195597,"14":0.1989922374,"15":0.1892271936,"16":0.1914731562,"17":0.1915708035,"18":0.1897935718,"19":0.1910239607,"20":0.1858680099,"21":0.190867722,"22":0.1907700747,"23":0.1913169175,"24":0.1886608154,"25":0.1921567023,"26":0.1933480501,"27":0.1950080991,"28":0.1964923888,"29":0.1971954703},"auc":{"0":0.6361927986,"1":0.7512953877,"2":0.8151935339,"3":0.8510619402,"4":0.8675490618,"5":0.8776347041,"6":0.8856981993,"7":0.8927419186,"8":0.8990565538,"9":0.9046571851,"10":0.909232676,"11":0.9124848843,"12":0.9150594473,"13":0.9176938534,"14":0.9197763801,"15":0.9218811989,"16":0.9236752987,"17":0.9250081778,"18":0.9263808727,"19":0.9278504848,"20":0.9289444685,"21":0.9302834868,"22":0.9313908815,"23":0.9324709177,"24":0.9333099127,"25":0.9344217777,"26":0.9352021813,"27":0.9358685017,"28":0.9367632866,"29":0.9376116991},"loss":{"0":0.6348679066,"1":0.3030305505,"2":0.2264040411,"3":0.2030598521,"4":0.1926263869,"5":0.1860188395,"6":0.1808636487,"7":0.1765989959,"8":0.1730135381,"9":0.1697280556,"10":0.1667984277,"11":0.1644076556,"12":0.1623417884,"13":0.1602954119,"14":0.1583850533,"15":0.1569283605,"16":0.1553613991,"17":0.1541497856,"18":0.1527777165,"19":0.1516714692,"20":0.1504763216,"21":0.1494189501,"22":0.1482423842,"23":0.1473527998,"24":0.1464220136,"25":0.1455355734,"26":0.1446300447,"27":0.1439071298,"28":0.1430834383,"29":0.1422735304},"val_accuracy":{"0":0.8534918427,"1":0.7884290814,"2":0.5777007937,"3":0.3810147643,"4":0.2829994261,"5":0.2320726365,"6":0.2084815502,"7":0.1857330054,"8":0.1777756959,"9":0.1719715297,"10":0.1571802944,"11":0.1632653028,"12":0.1499719173,"13":0.1416401416,"14":0.1353679001,"15":0.1304998994,"16":0.1288148314,"17":0.1202022061,"18":0.123572357,"19":0.116457589,"20":0.1192660481,"21":0.1193596646,"22":0.1176745892,"23":0.1099981219,"24":0.1270361245,"25":0.1220745146,"26":0.1213255897,"27":0.1215128228,"28":0.1236659735,"29":0.1254446656},"val_auc":{"0":0.5415657759,"1":0.6765155792,"2":0.7620412111,"3":0.7976270914,"4":0.8122032881,"5":0.821407795,"6":0.8295676708,"7":0.8367357254,"8":0.8433775902,"9":0.8499328494,"10":0.8553825617,"11":0.8589248657,"12":0.8636124134,"13":0.8672087789,"14":0.8716776371,"15":0.8747823834,"16":0.8773063421,"17":0.8811785579,"18":0.8831233978,"19":0.8858601451,"20":0.8874002695,"21":0.8898339272,"22":0.891433835,"23":0.8925837278,"24":0.8943297863,"25":0.8963135481,"26":0.8969504833,"27":0.8979566097,"28":0.8990986347,"29":0.9001342058},"val_loss":{"0":0.3689878285,"1":0.1947286278,"2":0.1475298852,"3":0.1294952184,"4":0.1211140901,"5":0.1158254296,"6":0.1118834466,"7":0.1088941991,"8":0.1067302004,"9":0.1044416055,"10":0.1026143804,"11":0.1011717245,"12":0.0997032523,"13":0.0984577164,"14":0.0972780287,"15":0.0962592736,"16":0.0953989774,"17":0.0945071951,"18":0.0938260779,"19":0.0930747613,"20":0.0924234912,"21":0.0917969197,"22":0.0912350938,"23":0.0907573029,"24":0.0902580172,"25":0.0897115543,"26":0.0892677382,"27":0.0888395384,"28":0.0884710252,"29":0.0880382434}}