{"accuracy":{"0":0.0330654792,"1":0.0574200377,"2":0.0796587691,"3":0.0923762619,"4":0.0977558717,"5":0.1017174274,"6":0.1080649197,"7":0.114232339,"8":0.1175861582,"9":0.1233709231,"10":0.124653928,"11":0.1281202883,"12":0.1293132603,"13":0.1282328367,"14":0.1321718842,"15":0.1321268678,"16":0.1325995475,"17":0.1363585293,"18":0.133612439,"19":0.1352781057,"20":0.1402300447,"21":0.1385868937,"22":0.1404101104,"23":0.1399599314,"24":0.1422783434,"25":0.141040355,"26":0.1473878473,"27":0.1475229114,"28":0.1453395486,"29":0.1477029771},"auc":{"0":0.5849938393,"1":0.6896283031,"2":0.7750483751,"3":0.8207319975,"4":0.8415156603,"5":0.8523839712,"6":0.8599447012,"7":0.8651238084,"8":0.8683449626,"9":0.8727458119,"10":0.8762598038,"11":0.8805879951,"12":0.8849234581,"13":0.8886404037,"14":0.8926924467,"15":0.8959096074,"16":0.8998906612,"17":0.9023022652,"18":0.9054940939,"19":0.907992959,"20":0.910249114,"21":0.912701726,"22":0.9145317674,"23":0.9164815545,"24":0.9169309735,"25":0.9184915423,"26":0.9203508496,"27":0.9213514328,"28":0.9222710729,"29":0.9235185981},"loss":{"0":0.5680628419,"1":0.2655768991,"2":0.1821677685,"3":0.1520575285,"4":0.1378577352,"5":0.1302099079,"6":0.1256100386,"7":0.1223132312,"8":0.1198188961,"9":0.1177848652,"10":0.1161840782,"11":0.1144933626,"12":0.1129618213,"13":0.1116863862,"14":0.1104132012,"15":0.1092465222,"16":0.1081608459,"17":0.1071462184,"18":0.1060617641,"19":0.1051420346,"20":0.104359068,"21":0.1034029722,"22":0.1026462466,"23":0.1018463597,"24":0.1011562422,"25":0.100470826,"26":0.0997953191,"27":0.0992067903,"28":0.0986144617,"29":0.0980130956},"val_accuracy":{"0":0.0461524054,"1":0.0629095659,"2":0.0795731097,"3":0.085470885,"4":0.0887474194,"5":0.093334578,"6":0.0983898118,"7":0.1026961207,"8":0.1088747382,"9":0.1115895882,"10":0.1134618968,"11":0.1181426644,"12":0.1163639724,"13":0.120951131,"14":0.120951131,"15":0.1190788224,"16":0.1232915148,"17":0.1222617477,"18":0.1213255897,"19":0.1260999739,"20":0.1247893646,"21":0.1217000484,"22":0.1263808161,"23":0.1290020496,"24":0.1332147419,"25":0.1340572834,"26":0.1277850568,"27":0.1303126663,"28":0.1310615987,"29":0.1308743656},"val_auc":{"0":0.6645681262,"1":0.7274626493,"2":0.7786728144,"3":0.8100827932,"4":0.8297095299,"5":0.8433024883,"6":0.852348268,"7":0.8581000566,"8":0.8634589314,"9":0.8671216965,"10":0.8711404204,"11":0.8759393692,"12":0.8787133694,"13":0.8817051053,"14":0.8847252727,"15":0.887311697,"16":0.8908435106,"17":0.8931748271,"18":0.89462322,"19":0.8964189291,"20":0.8986867666,"21":0.8995196223,"22":0.9011191726,"23":0.902580142,"24":0.9045921564,"25":0.9065474868,"26":0.9070202708,"27":0.9086414576,"28":0.9094085097,"29":0.9097978473},"val_loss":{"0":0.364238143,"1":0.1944788843,"2":0.1456427127,"3":0.1257436126,"4":0.1156370118,"5":0.1097879559,"6":0.105981715,"7":0.1031854898,"8":0.1011738852,"9":0.099414818,"10":0.098007381,"11":0.0967168584,"12":0.0955666229,"13":0.0945956856,"14":0.0935813636,"15":0.0927524567,"16":0.0918824598,"17":0.0911490992,"18":0.0904057622,"19":0.089613542,"20":0.0890222564,"21":0.0883791223,"22":0.0878066495,"23":0.0872024745,"24":0.0867736116,"25":0.0862662047,"26":0.0857694894,"27":0.0853435695,"28":0.0849262923,"29":0.0845117271}}