{"accuracy":{"0":0.1807852834,"1":0.2262162119,"2":0.217770189,"3":0.2161279023,"4":0.2175355703,"5":0.217887491,"6":0.2182394117,"7":0.2204011977,"8":0.2211050242,"9":0.2226467729,"10":0.2228646129,"11":0.223937124,"12":0.2266519219,"13":0.2260821611,"14":0.2294840217,"15":0.230740875,"16":0.2325507402,"17":0.2329529375,"18":0.2357515246,"19":0.2361704707,"20":0.2392371893,"21":0.2388517559,"22":0.2416503429,"23":0.2438288778,"24":0.2441975474,"25":0.2478843182,"26":0.2480854094,"27":0.2514370084,"28":0.2505655885,"29":0.252894938},"auc":{"0":0.7134136558,"1":0.8469785452,"2":0.8756324053,"3":0.8851804733,"4":0.8926357031,"5":0.8993160725,"6":0.904997468,"7":0.9093562365,"8":0.9126474857,"9":0.9151613116,"10":0.9173810482,"11":0.9191782475,"12":0.9211620688,"13":0.9225592017,"14":0.9243164062,"15":0.9256777763,"16":0.9268265963,"17":0.9281876683,"18":0.9291518927,"19":0.9304244518,"20":0.9314154387,"21":0.9323809743,"22":0.9334191084,"23":0.9342052937,"24":0.935103178,"25":0.935949564,"26":0.9369471669,"27":0.937707901,"28":0.9384508133,"29":0.939147532},"loss":{"0":0.4410460889,"1":0.2728425264,"2":0.2417528033,"3":0.2292665541,"4":0.2217979431,"5":0.2163547575,"6":0.2121173292,"7":0.2085865289,"8":0.2055800706,"9":0.2029165626,"10":0.2005967647,"11":0.1985274702,"12":0.1963558346,"13":0.1946686357,"14":0.1929447949,"15":0.1911628991,"16":0.1898235381,"17":0.1882296354,"18":0.1869101971,"19":0.1854735017,"20":0.1843218356,"21":0.1829358935,"22":0.1817665845,"23":0.1806675941,"24":0.1795833111,"25":0.1784574836,"26":0.1770819575,"27":0.1761411726,"28":0.1750431359,"29":0.1740217805},"val_accuracy":{"0":0.0908069611,"1":0.1126193553,"2":0.1113087386,"3":0.1045684293,"4":0.1037258878,"5":0.102321662,"6":0.101385504,"7":0.0979217365,"8":0.09782812,"9":0.0990451202,"10":0.0967047364,"11":0.096049428,"12":0.0957685784,"13":0.0971728116,"14":0.0985770449,"15":0.0966111198,"16":0.0964238867,"17":0.09782812,"18":0.0997004285,"19":0.1020408124,"20":0.0994195789,"21":0.103164196,"22":0.1044748127,"23":0.1060662791,"24":0.1090619713,"25":0.1089683548,"26":0.1127129719,"27":0.1083130464,"28":0.112900205,"29":0.1143980473},"val_auc":{"0":0.6881148219,"1":0.7862992287,"2":0.8158839941,"3":0.8290621042,"4":0.8376939893,"5":0.8457181454,"6":0.8532650471,"7":0.8591455221,"8":0.8635488749,"9":0.8698736429,"10":0.8728736639,"11":0.8776856065,"12":0.8807708621,"13":0.8850024939,"14":0.8854209185,"15":0.8889013529,"16":0.8910337687,"17":0.8917605877,"18":0.8937193751,"19":0.8957044482,"20":0.8970509768,"21":0.8986449242,"22":0.9000579119,"23":0.9013239145,"24":0.9029157162,"25":0.9036114216,"26":0.9045138359,"27":0.9041445255,"28":0.9063745737,"29":0.9076886177},"val_loss":{"0":0.2191416472,"1":0.1493821442,"2":0.1296285242,"3":0.1204352304,"4":0.1149123386,"5":0.1108923852,"6":0.1076006815,"7":0.1050794423,"8":0.1031989828,"9":0.1012851,"10":0.0998132303,"11":0.0983474478,"12":0.0974003151,"13":0.096397832,"14":0.0955191851,"15":0.0947118551,"16":0.0939410403,"17":0.093279466,"18":0.0927318186,"19":0.0922081172,"20":0.0916383341,"21":0.0910742581,"22":0.090566963,"23":0.0902286991,"24":0.0898212716,"25":0.0894067511,"26":0.0890079886,"27":0.0887295902,"28":0.0882978514,"29":0.087948747}}