{"accuracy":{"0":0.1989509612,"1":0.2444489151,"2":0.2522581518,"3":0.2459403872,"4":0.2433261424,"5":0.2435439825,"6":0.2480016202,"7":0.2483702898,"8":0.2508672476,"9":0.254822135,"10":0.2560454607,"11":0.2564979196,"12":0.2584753633,"13":0.2592294812,"14":0.2620615661,"15":0.2601511776,"16":0.2614415288,"17":0.2619275153,"18":0.2656310201,"19":0.2644914985,"20":0.263251394,"21":0.2657818496,"22":0.2692675292,"23":0.2672900856,"24":0.2679938972,"25":0.2687480152,"26":0.2712449729,"27":0.2707589865,"28":0.2732224166,"29":0.2760545015},"auc":{"0":0.7781575918,"1":0.8743878007,"2":0.8881589174,"3":0.8963853121,"4":0.9021167755,"5":0.9063276649,"6":0.9102708101,"7":0.9135006666,"8":0.9160965085,"9":0.9184123278,"10":0.9203733206,"11":0.9221386313,"12":0.9237814546,"13":0.9252556562,"14":0.9265928268,"15":0.9278922081,"16":0.9290071726,"17":0.9303076267,"18":0.9313497543,"19":0.932359457,"20":0.9334269166,"21":0.9340898991,"22":0.9350196719,"23":0.9359250069,"24":0.9367430806,"25":0.9374644756,"26":0.9381785393,"27":0.938880682,"28":0.9397137165,"29":0.9403626323},"loss":{"0":0.3345250189,"1":0.2452725768,"2":0.2286297977,"3":0.2205490172,"4":0.2153073996,"5":0.2113431096,"6":0.2079967856,"7":0.2049060017,"8":0.2024373114,"9":0.1999542415,"10":0.1978535354,"11":0.1959378868,"12":0.1940958202,"13":0.1923950315,"14":0.1906886399,"15":0.1892889738,"16":0.1877378225,"17":0.1863764524,"18":0.1850225031,"19":0.1838577986,"20":0.1824882179,"21":0.1814879626,"22":0.1802782714,"23":0.1791627258,"24":0.1780855656,"25":0.1770627797,"26":0.1760413349,"27":0.1751066148,"28":0.174058944,"29":0.1730765104},"val_accuracy":{"0":0.1350870579,"1":0.1795543879,"2":0.1712226123,"3":0.1599887609,"4":0.1519378275,"5":0.1534356773,"6":0.1485676765,"7":0.1513761431,"8":0.1465081424,"9":0.1471634507,"10":0.1489421427,"11":0.1420145929,"12":0.1443549842,"13":0.1441677511,"14":0.1392061412,"15":0.1430443674,"16":0.1521250606,"17":0.1441677511,"18":0.1358359754,"19":0.1385508329,"20":0.1441677511,"21":0.1367721409,"22":0.1347125918,"23":0.1371465921,"24":0.1367721409,"25":0.1431379914,"26":0.1395805925,"27":0.147631526,"28":0.1524059176,"29":0.13686575},"val_auc":{"0":0.7745549083,"1":0.8118318319,"2":0.8304922581,"3":0.8449978828,"4":0.8544812799,"5":0.8641241789,"6":0.8698427081,"7":0.8763673306,"8":0.8797497153,"9":0.8843404651,"10":0.8871193528,"11":0.8911340237,"12":0.8932904005,"13":0.8940529823,"14":0.8967614174,"15":0.8982986808,"16":0.9000067711,"17":0.9014263153,"18":0.9027760029,"19":0.9046567678,"20":0.9054905772,"21":0.9060157537,"22":0.9071733952,"23":0.9087949991,"24":0.9094367623,"25":0.9106030464,"26":0.9111075401,"27":0.9123833179,"28":0.9132609367,"29":0.9138128161},"val_loss":{"0":0.1562083811,"1":0.1247911975,"2":0.11533802,"3":0.109830901,"4":0.1063948423,"5":0.1035769209,"6":0.1013162956,"7":0.0994751081,"8":0.0977880508,"9":0.0963208303,"10":0.0950630531,"11":0.0939040557,"12":0.0931256041,"13":0.0921602547,"14":0.0914541706,"15":0.0908379331,"16":0.0902813524,"17":0.0895692334,"18":0.0890171528,"19":0.0884894058,"20":0.087979503,"21":0.0874968171,"22":0.0870750099,"23":0.0867384225,"24":0.0864426643,"25":0.0860078484,"26":0.0855963305,"27":0.0854254439,"28":0.0851462707,"29":0.0847427472}}