{"accuracy":{"0":0.6477144361,"1":0.5110157132,"2":0.3757264316,"3":0.2807919085,"4":0.2142857015,"5":0.1816506088,"6":0.1638910472,"7":0.1520730257,"8":0.1506418586,"9":0.1455677003,"10":0.1431824118,"11":0.1443967372,"12":0.1432908326,"13":0.1419897676,"14":0.1409272254,"15":0.1391057223,"16":0.1371541321,"17":0.1387587786,"18":0.1406886876,"19":0.1390189976,"20":0.137262553,"21":0.1372408718,"22":0.1399297416,"23":0.1426836699,"24":0.1422282904,"25":0.1451123208,"26":0.1445702165,"27":0.1492323726,"28":0.1481915116,"29":0.148755312},"auc":{"0":0.6022487283,"1":0.7778245211,"2":0.8411479592,"3":0.8584207892,"4":0.8698182106,"5":0.8769912124,"6":0.8820214868,"7":0.8865405321,"8":0.8909261227,"9":0.894777298,"10":0.8980332613,"11":0.901557982,"12":0.9045301676,"13":0.9074246287,"14":0.9101009369,"15":0.9130107164,"16":0.9149450064,"17":0.9169628024,"18":0.9186182618,"19":0.9205403328,"20":0.9218769073,"21":0.9236096144,"22":0.9245977998,"23":0.9258423448,"24":0.9271773696,"25":0.9281691909,"26":0.9291052818,"27":0.930336833,"28":0.9312164187,"29":0.9316911101},"loss":{"0":0.5058105588,"1":0.2468998432,"2":0.1806721091,"3":0.1575992256,"4":0.1468258798,"5":0.1408963948,"6":0.1367500871,"7":0.1341154724,"8":0.1317805201,"9":0.1299701184,"10":0.1282964051,"11":0.1267224103,"12":0.125523597,"13":0.1242120415,"14":0.1229193062,"15":0.1218803078,"16":0.1209415346,"17":0.1198226959,"18":0.1189555004,"19":0.117986232,"20":0.1172547936,"21":0.1164156273,"22":0.1157942787,"23":0.1149230674,"24":0.1142501533,"25":0.1137353852,"26":0.1131972075,"27":0.1123767346,"28":0.1118106246,"29":0.1112972349},"val_accuracy":{"0":0.530363977,"1":0.3991765678,"2":0.2911013365,"3":0.2125011683,"4":0.1703939438,"5":0.146439597,"6":0.1362402886,"7":0.1257602721,"8":0.1223916933,"9":0.1182745397,"10":0.124075979,"11":0.1171516851,"12":0.1154673919,"13":0.114250958,"14":0.113315247,"15":0.1104145274,"16":0.1106952354,"17":0.1093852371,"18":0.1059230864,"19":0.1041452214,"20":0.1070459485,"21":0.1111630946,"22":0.1110695228,"23":0.1112566665,"24":0.1105080992,"25":0.1075138003,"26":0.1147188172,"27":0.1091980934,"28":0.113315247,"29":0.1169645414},"val_auc":{"0":0.7522946596,"1":0.7914956808,"2":0.8113324642,"3":0.82271415,"4":0.830383718,"5":0.8362006545,"6":0.8421658874,"7":0.8472571969,"8":0.8520568013,"9":0.857111454,"10":0.8610243797,"11":0.8652325273,"12":0.868029058,"13":0.8707798719,"14":0.8744825721,"15":0.8773956895,"16":0.8808999062,"17":0.8830956221,"18":0.8865988851,"19":0.888024807,"20":0.889201045,"21":0.8904190063,"22":0.893421948,"23":0.8939628005,"24":0.895347476,"25":0.8964936733,"26":0.8985977173,"27":0.898640275,"28":0.9000063539,"29":0.9007184505},"val_loss":{"0":0.3126586974,"1":0.1718131453,"2":0.1340222657,"3":0.1187742874,"4":0.1109966636,"5":0.1064172611,"6":0.1033362299,"7":0.1011273563,"8":0.0993323997,"9":0.097869873,"10":0.096598886,"11":0.0955141336,"12":0.0944661498,"13":0.0935009345,"14":0.0926526859,"15":0.0918375105,"16":0.0910687074,"17":0.0903707743,"18":0.0896755904,"19":0.0890825391,"20":0.0884429961,"21":0.0879125521,"22":0.0873456001,"23":0.086868152,"24":0.0863627344,"25":0.0858852565,"26":0.0854862481,"27":0.085047774,"28":0.0846825913,"29":0.0843375623}}