{"accuracy":{"0":0.1225969121,"1":0.1427671015,"2":0.1480572671,"3":0.1493629366,"4":0.1490477771,"5":0.154878214,"6":0.1536175758,"7":0.1523569524,"8":0.1556661129,"9":0.1544279903,"10":0.1552834213,"11":0.1526270807,"12":0.1567016393,"13":0.1547431499,"14":0.1574220061,"15":0.1515015066,"16":0.1494980007,"17":0.1516140699,"18":0.1538201869,"19":0.1476070434,"20":0.1521318257,"21":0.1512313783,"22":0.1511413306,"23":0.1514564902,"24":0.1524244845,"25":0.1506010592,"26":0.1519967616,"27":0.1556886286,"28":0.1533699632,"29":0.1524920166},"auc":{"0":0.6929138899,"1":0.7905043364,"2":0.8235548139,"3":0.8412657976,"4":0.8519771695,"5":0.8601616025,"6":0.8667181134,"7":0.8723710775,"8":0.8766945601,"9":0.881434083,"10":0.8857735395,"11":0.8888210654,"12":0.8918781281,"13":0.8949109316,"14":0.8972816467,"15":0.9008716345,"16":0.9041551948,"17":0.9062257409,"18":0.909317553,"19":0.9119096994,"20":0.9141842127,"21":0.9172904491,"22":0.9187871218,"23":0.92067945,"24":0.9228391051,"25":0.9240233898,"26":0.9253728986,"27":0.9265930653,"28":0.9277012348,"29":0.9289360046},"loss":{"0":0.2922806144,"1":0.1710926592,"2":0.1429153681,"3":0.1327967197,"4":0.1275849938,"5":0.1241608411,"6":0.1215566918,"7":0.1193663552,"8":0.1175271943,"9":0.1157557145,"10":0.1141790822,"11":0.1127534136,"12":0.1115027368,"13":0.1102853492,"14":0.1090527102,"15":0.1078173593,"16":0.1068775952,"17":0.1059191599,"18":0.1049938574,"19":0.1040321812,"20":0.1031915694,"21":0.1022682935,"22":0.1016551778,"23":0.1009820551,"24":0.1000997946,"25":0.0994419754,"26":0.0988624766,"27":0.0981529206,"28":0.0976224169,"29":0.0970438048},"val_accuracy":{"0":0.1433517337,"1":0.1285674274,"2":0.1322167069,"3":0.1328717172,"4":0.1365210116,"5":0.1383924484,"6":0.1365210116,"7":0.1372695863,"8":0.1386731565,"9":0.1410124451,"10":0.1373631507,"11":0.1387667358,"12":0.140731737,"13":0.1439131647,"14":0.1303452849,"15":0.1317488551,"16":0.1377374381,"17":0.1324038506,"18":0.1284738481,"19":0.1358660012,"20":0.1292224228,"21":0.1302517056,"22":0.1332460046,"23":0.1271638423,"24":0.121362403,"25":0.1275381297,"26":0.1362402886,"27":0.1270702779,"28":0.1269766986,"29":0.1292224228},"val_auc":{"0":0.7568475008,"1":0.8007467985,"2":0.8201881051,"3":0.8317258358,"4":0.8406661749,"5":0.8483843803,"6":0.852643311,"7":0.8575440645,"8":0.8626462817,"9":0.8673251867,"10":0.8708477616,"11":0.8743159771,"12":0.8785188198,"13":0.8822532892,"14":0.8847848177,"15":0.8870612383,"16":0.8893785477,"17":0.8908361197,"18":0.8919944763,"19":0.8949694633,"20":0.8965976238,"21":0.8975559473,"22":0.8997421861,"23":0.9007419348,"24":0.9021521807,"25":0.9036443233,"26":0.9040523171,"27":0.9047887921,"28":0.9056425095,"29":0.906873107},"val_loss":{"0":0.1911990941,"1":0.132068187,"2":0.115759179,"3":0.1089015007,"4":0.1049239784,"5":0.1023557335,"6":0.100524947,"7":0.098910138,"8":0.097600773,"9":0.0962755084,"10":0.0950970799,"11":0.0940702036,"12":0.0930186063,"13":0.0921816155,"14":0.0912086964,"15":0.0904420763,"16":0.0897175148,"17":0.0889725089,"18":0.088330403,"19":0.0877397731,"20":0.0871238932,"21":0.0866009966,"22":0.086095497,"23":0.085593082,"24":0.0852071419,"25":0.0846724361,"26":0.0842706636,"27":0.0839107633,"28":0.0835943669,"29":0.0832092613}}