{"accuracy":{"0":0.1097591892,"1":0.1401089728,"2":0.1826455444,"3":0.2061012089,"4":0.213913247,"5":0.2169404179,"6":0.2095385045,"7":0.2105931342,"8":0.214128077,"9":0.2069605291,"10":0.2048903406,"11":0.2010038495,"12":0.1982501,"13":0.1953010559,"14":0.1969806403,"15":0.1906919479,"16":0.1976642013,"17":0.1912583262,"18":0.1906724125,"19":0.1894224882,"20":0.1903404146,"21":0.1899107397,"22":0.1914926767,"23":0.1920785904,"24":0.1905161738,"25":0.1955158859,"26":0.1924887151,"27":0.1926840246,"28":0.19547683,"29":0.1982110441},"auc":{"0":0.7068961263,"1":0.7933858633,"2":0.8415801525,"3":0.8679291606,"4":0.8823475242,"5":0.8913938999,"6":0.8979709148,"7":0.9026658535,"8":0.9064249992,"9":0.9091985226,"10":0.9121020436,"11":0.9148038626,"12":0.9168123007,"13":0.9192746878,"14":0.921361208,"15":0.9230277538,"16":0.9245731831,"17":0.9259314537,"18":0.9270352125,"19":0.9283256531,"20":0.9298229814,"21":0.9305113554,"22":0.931637764,"23":0.9325143099,"24":0.9332825541,"25":0.9342119694,"26":0.9353071451,"27":0.9358879328,"28":0.9365234971,"29":0.9373692274},"loss":{"0":0.6927470565,"1":0.3141590059,"2":0.2253938317,"3":0.1974273175,"4":0.1854559183,"5":0.1786197871,"6":0.1739761233,"7":0.170463562,"8":0.1676398069,"9":0.1652842164,"10":0.1632323116,"11":0.1612800807,"12":0.1595421582,"13":0.1577530652,"14":0.1561808586,"15":0.1548638344,"16":0.153536588,"17":0.1522789896,"18":0.1511164904,"19":0.1501683593,"20":0.1488217711,"21":0.1479816139,"22":0.1470780522,"23":0.1462168992,"24":0.1452812999,"25":0.1445193142,"26":0.1434217542,"27":0.1426293105,"28":0.1420199573,"29":0.1412162781},"val_accuracy":{"0":0.0735817254,"1":0.1048492789,"2":0.1528739929,"3":0.168882221,"4":0.1693502963,"5":0.1658865362,"6":0.1633589119,"7":0.167103529,"8":0.15661861,"9":0.15118891,"10":0.1484740674,"11":0.1485676765,"12":0.1466017514,"13":0.1432316005,"14":0.1264744401,"15":0.1265680492,"16":0.1321849823,"17":0.121793665,"18":0.1198277473,"19":0.1169256642,"20":0.1163639724,"21":0.1161767393,"22":0.1207638979,"23":0.1183298975,"24":0.1199213564,"25":0.1159895137,"26":0.1188915893,"27":0.1186107397,"28":0.1160831302,"29":0.1163639724},"val_auc":{"0":0.5747953653,"1":0.6775282621,"2":0.7506505251,"3":0.7878295183,"4":0.8108907938,"5":0.8275946379,"6":0.8382312655,"7":0.8493591547,"8":0.854827404,"9":0.8618839979,"10":0.8674885035,"11":0.8717293739,"12":0.8779323101,"13":0.8803473115,"14":0.8836579323,"15":0.886698246,"16":0.8889609575,"17":0.8910851479,"18":0.8951934576,"19":0.8954471946,"20":0.8981099129,"21":0.8998352289,"22":0.9017196894,"23":0.9018338919,"24":0.9038197994,"25":0.9048637748,"26":0.9065113664,"27":0.9069917202,"28":0.9070330858,"29":0.9087849259},"val_loss":{"0":0.3810600936,"1":0.1976722181,"2":0.1473154426,"3":0.1280645281,"4":0.1186500639,"5":0.1128539518,"6":0.1091011465,"7":0.1061701551,"8":0.1040338203,"9":0.1020649374,"10":0.100504227,"11":0.099096626,"12":0.0978074893,"13":0.0967447311,"14":0.0956747532,"15":0.0946341008,"16":0.0938907638,"17":0.0930892974,"18":0.0923092961,"19":0.0917003453,"20":0.0909347236,"21":0.090355061,"22":0.0897726268,"23":0.0892779902,"24":0.0887007639,"25":0.0882081091,"26":0.0877068788,"27":0.0872840509,"28":0.0869801417,"29":0.0865317434}}