{"accuracy":{"0":0.0941833705,"1":0.1430329382,"2":0.1700652391,"3":0.1859447658,"4":0.1923512667,"5":0.1908863634,"6":0.1911598146,"7":0.1936013252,"8":0.1936989725,"9":0.1882300079,"10":0.1888941079,"11":0.1939138323,"12":0.1877221763,"13":0.1887769103,"14":0.1918043792,"15":0.1872338802,"16":0.1909058988,"17":0.1872534156,"18":0.1923708022,"19":0.1904566586,"20":0.19227314,"21":0.1934645921,"22":0.1929372251,"23":0.1950271577,"24":0.1954568624,"25":0.1985233873,"26":0.1973514706,"27":0.1993046701,"28":0.1998515576,"29":0.2007695735},"auc":{"0":0.5639076233,"1":0.8219226599,"2":0.8693207502,"3":0.8855535984,"4":0.8938422799,"5":0.8992834091,"6":0.9039361477,"7":0.9077384472,"8":0.9110913277,"9":0.9136953354,"10":0.9163621664,"11":0.9185090065,"12":0.9206336141,"13":0.9220889211,"14":0.9239462614,"15":0.9254616499,"16":0.9269336462,"17":0.9284930229,"18":0.9293930531,"19":0.9306553602,"20":0.9316567183,"21":0.9326995611,"22":0.9334199429,"23":0.9346174598,"24":0.935098052,"25":0.9360024929,"26":0.9367370009,"27":0.9375085831,"28":0.9382731318,"29":0.9389926195},"loss":{"0":0.4370190501,"1":0.2460396886,"2":0.2037700713,"3":0.1879988015,"4":0.1795552224,"5":0.1742414236,"6":0.1702206135,"7":0.1671162099,"8":0.1646934599,"9":0.1624170244,"10":0.1604898572,"11":0.1588838995,"12":0.1572945267,"13":0.155907616,"14":0.1544286758,"15":0.1530816257,"16":0.1517959833,"17":0.1505109668,"18":0.1496127695,"19":0.1484300345,"20":0.147589162,"21":0.1466294229,"22":0.1457479447,"23":0.1447673291,"24":0.1441732198,"25":0.1434488446,"26":0.1424653381,"27":0.1415821165,"28":0.1409180909,"29":0.1401125342},"val_accuracy":{"0":0.0565172657,"1":0.0948816314,"2":0.127631709,"3":0.1370824426,"4":0.1315617114,"5":0.1376438737,"6":0.1370824426,"7":0.1346495748,"8":0.1263217032,"9":0.1255731285,"10":0.1296902746,"11":0.1217366904,"12":0.1195845455,"13":0.121362403,"14":0.1157481074,"15":0.1170581132,"16":0.1187423989,"17":0.1183681116,"18":0.1183681116,"19":0.118087396,"20":0.1174323931,"21":0.1157481074,"22":0.1185552552,"23":0.1173388213,"24":0.1243566945,"25":0.1172452569,"26":0.118087396,"27":0.1200524047,"28":0.1218302622,"29":0.1173388213},"val_auc":{"0":0.6565092206,"1":0.7531197071,"2":0.8155558109,"3":0.8364526033,"4":0.8455951214,"5":0.8511887789,"6":0.8572436571,"7":0.8600078821,"8":0.863781929,"9":0.8682519197,"10":0.8721058369,"11":0.8745752573,"12":0.8769620657,"13":0.8798186779,"14":0.8824217319,"15":0.8846968412,"16":0.8870639801,"17":0.8881112337,"18":0.8905301094,"19":0.8924500942,"20":0.8941034079,"21":0.8958101869,"22":0.8971320987,"23":0.8982329369,"24":0.8994467258,"25":0.8996084929,"26":0.9008378983,"27":0.9027837515,"28":0.9036637545,"29":0.9043400288},"val_loss":{"0":0.2391908765,"1":0.1538538188,"2":0.1286531836,"3":0.1175348088,"4":0.111200057,"5":0.1071267575,"6":0.1041276678,"7":0.1018754765,"8":0.1000354961,"9":0.0984714255,"10":0.0971627608,"11":0.0958719924,"12":0.0948157236,"13":0.0939401388,"14":0.0928477049,"15":0.0920977667,"16":0.0912585631,"17":0.090553388,"18":0.0898607522,"19":0.0892471671,"20":0.0885463431,"21":0.0880090967,"22":0.0875046402,"23":0.087053299,"24":0.0865275264,"25":0.0861202329,"26":0.0857047588,"27":0.0853380412,"28":0.0849661827,"29":0.0846358463}}