{"accuracy":{"0":0.6895131469,"1":0.6587210894,"2":0.5713642836,"3":0.4245841503,"4":0.3078983426,"5":0.2568483055,"6":0.2211267948,"7":0.2108177543,"8":0.2063609958,"9":0.2025795132,"10":0.1970648468,"11":0.1961870044,"12":0.1935084611,"13":0.1895243973,"14":0.189321816,"15":0.1848875731,"16":0.1793053746,"17":0.1662727594,"18":0.1618610322,"19":0.1653724164,"20":0.161658451,"21":0.1551533937,"22":0.1518671066,"23":0.1469826996,"24":0.1545906812,"25":0.1457447112,"26":0.1507641822,"27":0.1459472924,"28":0.1477930099,"29":0.1473203301},"auc":{"0":0.4613924623,"1":0.6254284978,"2":0.7737653852,"3":0.828294456,"4":0.8476066589,"5":0.8574672937,"6":0.8637735844,"7":0.8693724275,"8":0.8749905825,"9":0.8799777627,"10":0.8836860657,"11":0.8884933591,"12":0.8921946287,"13":0.8951483965,"14":0.8985111713,"15":0.9012364149,"16":0.9041133523,"17":0.9066213369,"18":0.909301877,"19":0.9110949636,"20":0.9130771756,"21":0.9152899981,"22":0.9161465764,"23":0.918679595,"24":0.9192005396,"25":0.9211028218,"26":0.9215956926,"27":0.9231076837,"28":0.9238281846,"29":0.9251130223},"loss":{"0":0.4645425677,"1":0.2318955213,"2":0.1679010838,"3":0.1433302909,"4":0.1316887587,"5":0.125296697,"6":0.1212670207,"7":0.11846634,"8":0.1165439487,"9":0.1145900637,"10":0.1131699607,"11":0.1118635908,"12":0.1104556918,"13":0.1094334722,"14":0.1083894297,"15":0.1074629277,"16":0.1064612269,"17":0.10552378,"18":0.1045694947,"19":0.1038264781,"20":0.1032499745,"21":0.1024274305,"22":0.1017692387,"23":0.1010551006,"24":0.1004739031,"25":0.0997804478,"26":0.0992469192,"27":0.0985231698,"28":0.0981017575,"29":0.0975160524},"val_accuracy":{"0":0.6898520589,"1":0.6298446059,"2":0.494289428,"3":0.3360793889,"4":0.2505148649,"5":0.2034263164,"6":0.195562616,"7":0.192005232,"8":0.1762778461,"9":0.1744055301,"10":0.1844223887,"11":0.1813330799,"12":0.1752480716,"13":0.184984073,"14":0.1734693795,"15":0.1652312279,"16":0.1544654518,"17":0.1513761431,"18":0.15118891,"19":0.140516758,"20":0.1408912092,"21":0.1353679001,"22":0.1326530576,"23":0.1376146674,"24":0.1232915148,"25":0.129844591,"26":0.1195468977,"27":0.1292829067,"28":0.1304998994,"29":0.1294701397},"val_auc":{"0":0.4551331997,"1":0.6623414755,"2":0.7823882103,"3":0.8158398867,"4":0.8281039,"5":0.8365526199,"6":0.8462330699,"7":0.8547588587,"8":0.8600085974,"9":0.8653746843,"10":0.8717278242,"11":0.8765746355,"12":0.8797183633,"13":0.8833867311,"14":0.886438489,"15":0.8902707696,"16":0.8924332857,"17":0.8951790333,"18":0.8969406486,"19":0.8987087011,"20":0.9013035297,"21":0.9027163386,"22":0.9047292471,"23":0.904840827,"24":0.9079070687,"25":0.9084783196,"26":0.9098728299,"27":0.9112573862,"28":0.9130278826,"29":0.9139620066},"val_loss":{"0":0.2999280691,"1":0.1759995818,"2":0.1381390393,"3":0.1218924969,"4":0.1133864745,"5":0.1083756611,"6":0.1050765812,"7":0.1026590616,"8":0.1009438336,"9":0.0993705019,"10":0.0980121046,"11":0.0967892036,"12":0.0957838818,"13":0.0948836803,"14":0.0939726233,"15":0.0931396484,"16":0.092341803,"17":0.0917174518,"18":0.0909926295,"19":0.0903999731,"20":0.089749448,"21":0.0891726315,"22":0.0886355564,"23":0.0881969258,"24":0.0876165628,"25":0.0871559829,"26":0.0867385194,"27":0.0863169208,"28":0.0858548433,"29":0.085455589}}