{"accuracy":{"0":0.0080440585,"1":0.0326098725,"2":0.0754103363,"3":0.1156089455,"4":0.1415840983,"5":0.1592333168,"6":0.1770993769,"7":0.1867479086,"8":0.1957026124,"9":0.2027276158,"10":0.205806464,"11":0.2069122493,"12":0.2037900388,"13":0.1940330863,"14":0.1913445145,"15":0.1958760619,"16":0.1839942783,"17":0.1851434261,"18":0.1758851707,"19":0.1697708219,"20":0.1740421951,"21":0.1694889516,"22":0.1654560864,"23":0.164697215,"24":0.1635480523,"25":0.1666269153,"26":0.1628759205,"27":0.1618568599,"28":0.1625506878,"29":0.1642635614},"auc":{"0":0.5836496353,"1":0.669439137,"2":0.7464257479,"3":0.7988396883,"4":0.8275258541,"5":0.8459542394,"6":0.860214293,"7":0.8714776635,"8":0.8802586198,"9":0.88630867,"10":0.892119348,"11":0.8963406086,"12":0.9000060558,"13":0.9039558768,"14":0.906358242,"15":0.9093712568,"16":0.9120767117,"17":0.9149189591,"18":0.916623354,"19":0.9190951586,"20":0.9204426408,"21":0.9223567247,"22":0.9237123728,"23":0.925383687,"24":0.9261828065,"25":0.9277642965,"26":0.9283218384,"27":0.9295275211,"28":0.9302638173,"29":0.9316647053},"loss":{"0":0.9014894962,"1":0.409722656,"2":0.2460985929,"3":0.1900264323,"4":0.1658739001,"5":0.1532166302,"6":0.1456114501,"7":0.1404812932,"8":0.1367276013,"9":0.1336456984,"10":0.1312547475,"11":0.1292479187,"12":0.1275299191,"13":0.1259701103,"14":0.1245866194,"15":0.1233580187,"16":0.1220474765,"17":0.120865196,"18":0.1199474707,"19":0.1189114302,"20":0.1179732308,"21":0.1170959771,"22":0.1162489131,"23":0.1153492257,"24":0.1146025136,"25":0.1139285043,"26":0.1133805439,"27":0.112650767,"28":0.1120738313,"29":0.1114248782},"val_accuracy":{"0":0.004399925,"1":0.0247144718,"2":0.0700243413,"3":0.1068151966,"4":0.1294701397,"5":0.1485676765,"6":0.1613929868,"7":0.1717843115,"8":0.1795543879,"9":0.1842351556,"10":0.1840479225,"11":0.179741621,"12":0.1731885374,"13":0.1761842221,"14":0.1793671548,"15":0.1660737693,"16":0.1642950773,"17":0.1480059922,"18":0.1477251351,"19":0.1542782187,"20":0.1451039016,"21":0.1392061412,"22":0.1418273747,"23":0.1413592845,"24":0.14575921,"25":0.128159523,"26":0.1271297485,"27":0.1328402907,"28":0.1303126663,"29":0.1300318241},"val_auc":{"0":0.609056294,"1":0.6499140263,"2":0.7064997554,"3":0.7493102551,"4":0.775775075,"5":0.7934911251,"6":0.8072224855,"7":0.8189632297,"8":0.8296607733,"9":0.8391214609,"10":0.8471868038,"11":0.8547403812,"12":0.8604358435,"13":0.866361618,"14":0.8716930151,"15":0.8760796785,"16":0.8795192242,"17":0.8825526237,"18":0.884123683,"19":0.8859297037,"20":0.8883630633,"21":0.8905070424,"22":0.8928169012,"23":0.8941216469,"24":0.8962997794,"25":0.8968718648,"26":0.8985579014,"27":0.9005992413,"28":0.9009259939,"29":0.9024389982},"val_loss":{"0":0.5894707441,"1":0.2793919444,"2":0.1822698712,"3":0.1454017758,"4":0.1279928535,"5":0.1186608523,"6":0.1130005121,"7":0.109066464,"8":0.1060790047,"9":0.1038266346,"10":0.1019483209,"11":0.1003522351,"12":0.0990175754,"13":0.0978691205,"14":0.0967551544,"15":0.0957872868,"16":0.0949767604,"17":0.0941177681,"18":0.0933416262,"19":0.0927041918,"20":0.092069,"21":0.0913964212,"22":0.0908992812,"23":0.0903243497,"24":0.0898508579,"25":0.0893104896,"26":0.0888633579,"27":0.0884636641,"28":0.0880010426,"29":0.0876278132}}