{"accuracy":{"0":0.0638243854,"1":0.1272191107,"2":0.1870788783,"3":0.2072730064,"4":0.2220572978,"5":0.2249477506,"6":0.2322910726,"7":0.238540709,"8":0.2416069359,"9":0.2449465841,"10":0.2415288091,"11":0.2403765321,"12":0.2333457023,"13":0.235122934,"14":0.2260219157,"15":0.2270960659,"16":0.2183465809,"17":0.2146163285,"18":0.2127023786,"19":0.2157881409,"20":0.2085424662,"21":0.2051832825,"22":0.2063355595,"23":0.2016678751,"24":0.2011014968,"25":0.2017459869,"26":0.20102337,"27":0.1998125017,"28":0.2031912208,"29":0.2042458355},"auc":{"0":0.588773787,"1":0.7448488474,"2":0.8296809196,"3":0.863827467,"4":0.8779979944,"5":0.8863717914,"6":0.8917756081,"7":0.8970183134,"8":0.9014168382,"9":0.905995965,"10":0.9093516469,"11":0.912964344,"12":0.9163282514,"13":0.9186564684,"14":0.9209598303,"15":0.923007369,"16":0.9248165488,"17":0.9264731407,"18":0.9275833368,"19":0.9288758039,"20":0.9301285744,"21":0.9310729504,"22":0.9319159389,"23":0.9327623844,"24":0.933850646,"25":0.934884727,"26":0.9355171919,"27":0.9358844757,"28":0.9367394447,"29":0.9373012185},"loss":{"0":0.4758391678,"1":0.266798377,"2":0.2194270045,"3":0.201033324,"4":0.1905919313,"5":0.1835461259,"6":0.1784415543,"7":0.1743412912,"8":0.1710353792,"9":0.1680526435,"10":0.165738076,"11":0.163580209,"12":0.16167593,"13":0.1597985178,"14":0.1582892686,"15":0.1567507088,"16":0.1553340256,"17":0.1540384591,"18":0.152904138,"19":0.1517940313,"20":0.1506908834,"21":0.1496405602,"22":0.1488518268,"23":0.1480466127,"24":0.1470089257,"25":0.1462637484,"26":0.1455444843,"27":0.1448480934,"28":0.1440906078,"29":0.1434898078},"val_accuracy":{"0":0.031173937,"1":0.1066279709,"2":0.1663546115,"3":0.1775884628,"4":0.1833926141,"5":0.1890095472,"6":0.1970604658,"7":0.1982774734,"8":0.2021156996,"9":0.1966860145,"10":0.192005232,"11":0.1879797727,"12":0.1930350065,"13":0.1769331545,"14":0.1698183864,"15":0.1517506093,"16":0.1546526849,"17":0.1454783678,"18":0.1425762922,"19":0.1466953754,"20":0.142201826,"21":0.1390189081,"22":0.1348998249,"23":0.1284403652,"24":0.1336828321,"25":0.1290020496,"26":0.1274105906,"27":0.128065899,"28":0.1228234395,"29":0.1279722899},"val_auc":{"0":0.5010756254,"1":0.6653641462,"2":0.7731121778,"3":0.80664891,"4":0.821881175,"5":0.833776176,"6":0.8437719941,"7":0.851106286,"8":0.8587669134,"9":0.8647027016,"10":0.8701663017,"11":0.8743430376,"12":0.8790614605,"13":0.8808528185,"14":0.8840577602,"15":0.8865396976,"16":0.8891319036,"17":0.89271909,"18":0.8932496309,"19":0.8950875998,"20":0.8968195915,"21":0.8970903158,"22":0.8986868262,"23":0.8996195793,"24":0.9014927149,"25":0.9022734761,"26":0.9031224847,"27":0.9038062096,"28":0.9047666788,"29":0.90538764},"val_loss":{"0":0.2782430649,"1":0.1679404527,"2":0.1380364746,"3":0.1252580136,"4":0.1177486852,"5":0.1126476154,"6":0.1087150276,"7":0.1059795395,"8":0.1035040691,"9":0.1014246121,"10":0.0997467861,"11":0.0983747691,"12":0.0972676054,"13":0.0960757583,"14":0.095136486,"15":0.0940878466,"16":0.0934640616,"17":0.0925378799,"18":0.0920561403,"19":0.0915048495,"20":0.090817824,"21":0.0902305618,"22":0.0897379071,"23":0.0892391205,"24":0.0888890997,"25":0.0884040594,"26":0.0881361142,"27":0.0876562819,"28":0.0873132423,"29":0.0870799199}}