{"accuracy":{"0":0.5015643835,"1":0.4262723327,"2":0.3165867627,"3":0.2303554118,"4":0.1853377521,"5":0.1676457971,"6":0.1524073184,"7":0.1481981725,"8":0.1453170329,"9":0.1422783434,"10":0.1446417719,"11":0.1513719112,"12":0.1484232545,"13":0.1487834007,"14":0.1499988735,"15":0.1499988735,"16":0.1518446058,"17":0.1510792971,"18":0.1532176435,"19":0.1525423825,"20":0.1512818784,"21":0.1564589143,"22":0.1529025137,"23":0.1563238651,"24":0.1539604366,"25":0.1563463658,"26":0.1551533937,"27":0.1564589143,"28":0.1633241028,"29":0.1595651358},"auc":{"0":0.6150661707,"1":0.7537555099,"2":0.814752996,"3":0.8365372419,"4":0.8490891457,"5":0.8590508699,"6":0.8676668406,"7":0.8756975532,"8":0.8815000653,"9":0.8852916956,"10":0.8893947601,"11":0.8925623894,"12":0.8955522776,"13":0.8984405994,"14":0.9009003639,"15":0.9038062096,"16":0.9066189528,"17":0.9084780216,"18":0.9104799032,"19":0.9130190611,"20":0.914622426,"21":0.9170101285,"22":0.918620348,"23":0.9206966758,"24":0.9223278761,"25":0.9232071638,"26":0.9248251915,"27":0.9260101318,"28":0.927282691,"29":0.9282610416},"loss":{"0":0.3631880879,"1":0.1945579052,"2":0.1516310275,"3":0.1356301457,"4":0.1276376098,"5":0.1228322312,"6":0.119640857,"7":0.1170961037,"8":0.1151940078,"9":0.1135367826,"10":0.1119663417,"11":0.1106603816,"12":0.1094460487,"13":0.1084182113,"14":0.1073710322,"15":0.1063309908,"16":0.1053394675,"17":0.104586333,"18":0.1036975235,"19":0.102841869,"20":0.1020463631,"21":0.1014488935,"22":0.1006099731,"23":0.1000102162,"24":0.0991935208,"25":0.0987728909,"26":0.0981732607,"27":0.0975643173,"28":0.097037755,"29":0.0963682681},"val_accuracy":{"0":0.4985021353,"1":0.352181226,"2":0.2413405627,"3":0.1793671548,"4":0.1569930613,"5":0.1408912092,"6":0.1355551332,"7":0.1345253587,"8":0.1348062158,"9":0.1357423663,"10":0.1442613751,"11":0.142201826,"12":0.1350870579,"13":0.1383635998,"14":0.1358359754,"15":0.1424826831,"16":0.1409848332,"17":0.1419209838,"18":0.1363040656,"19":0.1359295994,"20":0.1406103671,"21":0.1381763667,"22":0.1383635998,"23":0.1421082169,"24":0.1395805925,"25":0.1377082914,"26":0.1412656754,"27":0.1464145184,"28":0.1436996758,"29":0.1425762922},"val_auc":{"0":0.6491810083,"1":0.7522175312,"2":0.7909283638,"3":0.8080165386,"4":0.8228138089,"5":0.8355431557,"6":0.8438706398,"7":0.8527750373,"8":0.8587590456,"9":0.8645832539,"10":0.8692792654,"11":0.8730856776,"12":0.8757304549,"13":0.8795096874,"14":0.8828686476,"15":0.8852254152,"16":0.8872379065,"17":0.8899473548,"18":0.891182065,"19":0.8934514523,"20":0.895052433,"21":0.8969701529,"22":0.8975347281,"23":0.8985698223,"24":0.8997341394,"25":0.9015792012,"26":0.9020072222,"27":0.9029451609,"28":0.9043149352,"29":0.9057790637},"val_loss":{"0":0.2385045886,"1":0.1501811743,"2":0.1250698119,"3":0.1142772958,"4":0.1083678156,"5":0.1047298238,"6":0.1022232249,"7":0.1003403738,"8":0.0988124534,"9":0.0975381285,"10":0.0963869765,"11":0.0953585356,"12":0.0944449678,"13":0.0936621875,"14":0.0928676277,"15":0.0922058895,"16":0.0915841311,"17":0.090948008,"18":0.0903838277,"19":0.0898685604,"20":0.0893073231,"21":0.0888589621,"22":0.0884359106,"23":0.0879675895,"24":0.0875496864,"25":0.0871673822,"26":0.0868293867,"27":0.0864939839,"28":0.0861476585,"29":0.0857679546}}