{"accuracy":{"0":0.5884420872,"1":0.49850595,"2":0.3576743603,"3":0.3135558367,"4":0.295470953,"5":0.2777376175,"6":0.2608245611,"7":0.2477198541,"8":0.2343222052,"9":0.2276819646,"10":0.2188152969,"11":0.2108860761,"12":0.2063941509,"13":0.2027420253,"14":0.1986016482,"15":0.196843937,"16":0.1916684508,"17":0.1919809431,"18":0.1926058978,"19":0.192059055,"20":0.188348338,"21":0.188563168,"22":0.1912192553,"23":0.1979376227,"24":0.1960627288,"25":0.1941487789,"26":0.1970782876,"27":0.1963166147,"28":0.1969025284,"29":0.198933661},"auc":{"0":0.6004830599,"1":0.841149807,"2":0.8745224476,"3":0.8818661571,"4":0.8881039619,"5":0.8953911066,"6":0.9004846215,"7":0.9058037996,"8":0.9098935127,"9":0.9132739305,"10":0.9160298109,"11":0.9183090329,"12":0.9205399752,"13":0.9219388962,"14":0.92365098,"15":0.9251362085,"16":0.9262939692,"17":0.9274361134,"18":0.9286534786,"19":0.9296783209,"20":0.9305477738,"21":0.9315166473,"22":0.9322139025,"23":0.9329817891,"24":0.9337999821,"25":0.9346079826,"26":0.9351373911,"27":0.9359291792,"28":0.9365985394,"29":0.9373022318},"loss":{"0":0.3268204927,"1":0.2241303176,"2":0.1996899098,"3":0.1890263259,"4":0.1821965128,"5":0.1771794409,"6":0.1731784046,"7":0.1698485166,"8":0.1671074033,"9":0.1646843851,"10":0.1626247466,"11":0.160864085,"12":0.159053579,"13":0.1576407105,"14":0.1562268883,"15":0.1549609005,"16":0.1538225263,"17":0.152617991,"18":0.1516190469,"19":0.1506146044,"20":0.1497277766,"21":0.1486964226,"22":0.1479753703,"23":0.1471709162,"24":0.1463052779,"25":0.1456645131,"26":0.1449502707,"27":0.1442616731,"28":0.1434442252,"29":0.1428296268},"val_accuracy":{"0":0.5660924911,"1":0.4036697149,"2":0.3143605888,"3":0.2752293348,"4":0.2522935569,"5":0.2395618707,"6":0.222336635,"7":0.2003370076,"8":0.1941583902,"9":0.1804905385,"10":0.1705673039,"11":0.1614866108,"12":0.1634525359,"13":0.1488485187,"14":0.1415465176,"15":0.135180667,"16":0.1393933743,"17":0.1378955245,"18":0.1230106652,"19":0.1251638234,"20":0.122729823,"21":0.1290020496,"22":0.1306871325,"23":0.1339636743,"24":0.1268489063,"25":0.1308743656,"26":0.1256318986,"27":0.1277850568,"28":0.1330275238,"29":0.1338700503},"val_auc":{"0":0.6654412746,"1":0.807847321,"2":0.8279470801,"3":0.8402070999,"4":0.8496137857,"5":0.8559516668,"6":0.8634673357,"7":0.8693763614,"8":0.8741667271,"9":0.8779903054,"10":0.880951643,"11":0.8841581345,"12":0.8864427209,"13":0.8899294734,"14":0.8926533461,"15":0.8943151832,"16":0.8967200518,"17":0.8978770375,"18":0.8996186256,"19":0.9011212587,"20":0.9012210369,"21":0.9039114714,"22":0.9048215151,"23":0.905426383,"24":0.9060152769,"25":0.906707406,"26":0.9071435928,"27":0.9085772634,"28":0.9098883271,"29":0.909858048},"val_loss":{"0":0.1884450763,"1":0.1387863755,"2":0.1240927055,"3":0.1171045303,"4":0.1123540625,"5":0.1090084091,"6":0.1059759185,"7":0.1034807935,"8":0.1018112078,"9":0.0998290703,"10":0.0985990837,"11":0.0971469358,"12":0.0960921198,"13":0.0950522721,"14":0.0942193046,"15":0.0932791233,"16":0.0925086215,"17":0.0918228328,"18":0.0912357569,"19":0.090644367,"20":0.0900653154,"21":0.0894228369,"22":0.0888314247,"23":0.0884599909,"24":0.0881516039,"25":0.0876737535,"26":0.0872473791,"27":0.0868693739,"28":0.0864826664,"29":0.0862745494}}