{"accuracy":{"0":0.1060535014,"1":0.1824596226,"2":0.1941744387,"3":0.1995374411,"4":0.2003921717,"5":0.2020345926,"6":0.2031239569,"7":0.2068277895,"8":0.2089729905,"9":0.210246712,"10":0.2132298797,"11":0.2146711946,"12":0.2186766863,"13":0.2194643766,"14":0.2226486653,"15":0.224726826,"16":0.2274921238,"17":0.2282965779,"18":0.232670784,"19":0.2345981151,"20":0.2373131365,"21":0.2375645339,"22":0.2395589054,"23":0.2417878956,"24":0.242860496,"25":0.2461285889,"26":0.246530816,"27":0.2479888797,"28":0.2507374287,"29":0.2497318536},"auc":{"0":0.6688855886,"1":0.8552256823,"2":0.8763691783,"3":0.8847384453,"4":0.8914495111,"5":0.8967418075,"6":0.9015815854,"7":0.9056544304,"8":0.9087855816,"9":0.9115228653,"10":0.9138399363,"11":0.9158785343,"12":0.9179904461,"13":0.9194819927,"14":0.9211736917,"15":0.9224976301,"16":0.9235899448,"17":0.9248747826,"18":0.9259847403,"19":0.9270886183,"20":0.9278146625,"21":0.9288566709,"22":0.9296401143,"23":0.9305733442,"24":0.9314140081,"25":0.9321018457,"26":0.9329742193,"27":0.9336694479,"28":0.9342354536,"29":0.9351500869},"loss":{"0":0.3940918744,"1":0.265352726,"2":0.2403845787,"3":0.2305233777,"4":0.2245348096,"5":0.2200134546,"6":0.2162692249,"7":0.2130185515,"8":0.210306868,"9":0.207841754,"10":0.205508396,"11":0.2036130279,"12":0.2014171481,"13":0.1997864991,"14":0.1980323642,"15":0.1966619492,"16":0.1952552944,"17":0.1937945783,"18":0.1926524937,"19":0.191370979,"20":0.1903000921,"21":0.1892858595,"22":0.1881383657,"23":0.1869642884,"24":0.1861009598,"25":0.1850919127,"26":0.1840595305,"27":0.1830666065,"28":0.1822236478,"29":0.1812752783},"val_accuracy":{"0":0.0829980373,"1":0.0877701864,"2":0.0917937681,"3":0.0915130526,"4":0.0944137722,"5":0.0948816314,"6":0.0959109217,"7":0.0952559188,"8":0.0946009159,"9":0.0946009159,"10":0.0942266285,"11":0.0972209275,"12":0.0960980654,"13":0.0972209275,"14":0.0975016356,"15":0.0995602161,"16":0.0999345034,"17":0.1029287949,"18":0.1004959345,"19":0.1025545076,"20":0.104051657,"21":0.1069523767,"22":0.1093852371,"23":0.1037709415,"24":0.1110695228,"25":0.1087302342,"26":0.1105080992,"27":0.110601671,"28":0.1108823791,"29":0.1177131087},"val_auc":{"0":0.7568708658,"1":0.7977596521,"2":0.8206282854,"3":0.8346786499,"4":0.8459908962,"5":0.8527358174,"6":0.8592025042,"7":0.8642923832,"8":0.8694137335,"9":0.8734673262,"10":0.8760883808,"11":0.8797918558,"12":0.8811131716,"13":0.8840618134,"14":0.8867417574,"15":0.8892028332,"16":0.8914855719,"17":0.8933106065,"18":0.8927960396,"19":0.8951491117,"20":0.8971903324,"21":0.8979822397,"22":0.8983520865,"23":0.9002779126,"24":0.9010440111,"25":0.9012660384,"26":0.9022852182,"27":0.9025335312,"28":0.9037579894,"29":0.9034600854},"val_loss":{"0":0.1877402663,"1":0.1365046352,"2":0.12205863,"3":0.1148953363,"4":0.1102042943,"5":0.1069702283,"6":0.1042277887,"7":0.1020025089,"8":0.1001799703,"9":0.0984081849,"10":0.097111702,"11":0.0958258286,"12":0.0947314799,"13":0.0938185677,"14":0.092835702,"15":0.0919417888,"16":0.0912068486,"17":0.0906058773,"18":0.0899617597,"19":0.0894322544,"20":0.0889673308,"21":0.0885143504,"22":0.0879125148,"23":0.0874020383,"24":0.0870578289,"25":0.0867885351,"26":0.0863275006,"27":0.0859555081,"28":0.085572727,"29":0.0854136348}}