{"accuracy":{"0":0.0912446529,"1":0.133292973,"2":0.1580766737,"3":0.1682128012,"4":0.1721188128,"5":0.1716891527,"6":0.1737202853,"7":0.1754975319,"8":0.1783098578,"9":0.1819424629,"10":0.1795012057,"11":0.1832900345,"12":0.1873522997,"13":0.1902818233,"14":0.1915903389,"15":0.1928012073,"16":0.1963556856,"17":0.1942659616,"18":0.1964923888,"19":0.1983477473,"20":0.1966486275,"21":0.203074038,"22":0.1976446658,"23":0.1985235214,"24":0.200300768,"25":0.2029177994,"26":0.2008866668,"27":0.2052614093,"28":0.2055543661,"29":0.2059254348},"auc":{"0":0.7125554681,"1":0.8321218491,"2":0.8595895767,"3":0.8746808767,"4":0.8849699497,"5":0.8935683966,"6":0.899877727,"7":0.9050835371,"8":0.9091568589,"9":0.9123209119,"10":0.9151892066,"11":0.9174926281,"12":0.9193465114,"13":0.921795845,"14":0.9229825735,"15":0.924333334,"16":0.9257736206,"17":0.9269129038,"18":0.9279537201,"19":0.9289774895,"20":0.9300203323,"21":0.9308371544,"22":0.9315585494,"23":0.9325316548,"24":0.9334907532,"25":0.9339801669,"26":0.9347530603,"27":0.9351892471,"28":0.9361311197,"29":0.9366697073},"loss":{"0":0.3782002628,"1":0.2307574898,"2":0.2006526887,"3":0.1890116334,"4":0.1821278334,"5":0.1775635779,"6":0.1736925542,"7":0.1705206931,"8":0.1678345948,"9":0.165589273,"10":0.1634863168,"11":0.1618109792,"12":0.1601280421,"13":0.1585371345,"14":0.1571809798,"15":0.1558579952,"16":0.1545697004,"17":0.1533663869,"18":0.1524993926,"19":0.1514859945,"20":0.1505885124,"21":0.1495594084,"22":0.1488658786,"23":0.1479928046,"24":0.1470274329,"25":0.1465031952,"26":0.1456087977,"27":0.1449908018,"28":0.1441499442,"29":0.1434836537},"val_accuracy":{"0":0.0798539594,"1":0.0975472704,"2":0.1144916639,"3":0.1187979728,"4":0.1189852059,"5":0.1205766648,"6":0.1180490479,"7":0.1203894392,"8":0.1231042817,"9":0.1205766648,"10":0.1250702143,"11":0.1249765903,"12":0.1310615987,"13":0.1300318241,"14":0.1319041401,"15":0.1409848332,"16":0.1282531321,"17":0.1353679001,"18":0.1249765903,"19":0.1255382895,"20":0.137052983,"21":0.1214192063,"22":0.1319041401,"23":0.1331211329,"24":0.1360232085,"25":0.1290956736,"26":0.1324658245,"27":0.1358359754,"28":0.131716907,"29":0.1324658245},"val_auc":{"0":0.748677969,"1":0.7933968306,"2":0.8237506747,"3":0.8430194259,"4":0.8556300402,"5":0.8646477461,"6":0.8713880777,"7":0.8771757483,"8":0.8808141947,"9":0.8836153746,"10":0.8877122402,"11":0.890440464,"12":0.8933615088,"13":0.8951172829,"14":0.8978468776,"15":0.8998420238,"16":0.9003984928,"17":0.9027590156,"18":0.9039735794,"19":0.9047167897,"20":0.9062385559,"21":0.9070322514,"22":0.907848835,"23":0.9087721109,"24":0.9095341563,"25":0.9101097584,"26":0.9110175967,"27":0.9120772481,"28":0.9124625921,"29":0.9129260778},"val_loss":{"0":0.2140760124,"1":0.1414019763,"2":0.1232092232,"3":0.1148358658,"4":0.1098711938,"5":0.1067054495,"6":0.1036084965,"7":0.1013459414,"8":0.0994507298,"9":0.0979678705,"10":0.0963102281,"11":0.0948766023,"12":0.0939911976,"13":0.092799753,"14":0.0919954181,"15":0.0911278352,"16":0.0901812389,"17":0.0896356553,"18":0.0888356864,"19":0.0882333294,"20":0.0877983198,"21":0.0870732814,"22":0.0865980163,"23":0.0860061124,"24":0.0857420564,"25":0.0851157084,"26":0.0847470984,"27":0.0843870118,"28":0.0840034932,"29":0.083560206}}