{"accuracy":{"0":0.315731436,"1":0.3090012968,"2":0.2531568706,"3":0.2220721692,"4":0.2121007591,"5":0.2083192766,"6":0.2091521025,"7":0.2122808248,"8":0.2132486999,"9":0.2111103684,"10":0.2202264369,"11":0.2218020558,"12":0.2163324207,"13":0.2194386274,"14":0.2111778855,"15":0.212190792,"16":0.2039525509,"17":0.1989330798,"18":0.1912350655,"19":0.1897269785,"20":0.1767843962,"21":0.1840322316,"22":0.1751862615,"23":0.18076846,"24":0.1739482731,"25":0.1756364405,"26":0.1738132238,"27":0.1668354869,"28":0.1626713574,"29":0.17208004},"auc":{"0":0.6472713947,"1":0.8222224712,"2":0.8634455204,"3":0.8716320992,"4":0.8768892288,"5":0.880235076,"6":0.8837814331,"7":0.8872001171,"8":0.889969945,"9":0.8935992718,"10":0.8967632055,"11":0.8996469975,"12":0.9025897384,"13":0.9053782225,"14":0.9073747396,"15":0.9094901681,"16":0.9113788605,"17":0.9139270782,"18":0.9151085019,"19":0.9173169136,"20":0.9184987545,"21":0.9201446176,"22":0.9210287929,"23":0.9224534035,"24":0.9237847924,"25":0.9246792793,"26":0.9256024957,"27":0.9263623953,"28":0.9274591208,"29":0.9282299876},"loss":{"0":0.2668637931,"1":0.1625114232,"2":0.1364744157,"3":0.1264054626,"4":0.1213696748,"5":0.1182486415,"6":0.1162309349,"7":0.1144753098,"8":0.1130543649,"9":0.1118572354,"10":0.1106597111,"11":0.1095165163,"12":0.1084848046,"13":0.1076234356,"14":0.1068114117,"15":0.1060397476,"16":0.1053010598,"17":0.1045258343,"18":0.1038114503,"19":0.1031233743,"20":0.1023608297,"21":0.1017020196,"22":0.1010531187,"23":0.1005005613,"24":0.1000020206,"25":0.0993664041,"26":0.0989359617,"27":0.0984110534,"28":0.0979357362,"29":0.0972810388},"val_accuracy":{"0":0.2111027837,"1":0.2564126551,"2":0.2158771753,"3":0.202864632,"4":0.1926605403,"5":0.195562616,"6":0.1983710825,"7":0.2052050084,"8":0.2025837749,"9":0.2141920924,"10":0.2174686342,"11":0.2156899422,"12":0.2160643935,"13":0.2198090106,"14":0.2104474753,"15":0.2040816247,"16":0.1987455487,"17":0.184984073,"18":0.1896648556,"19":0.161954686,"20":0.1770267636,"21":0.1666354537,"22":0.1739374548,"23":0.1674779952,"24":0.1641078442,"25":0.165324837,"26":0.1495974511,"27":0.1575547606,"28":0.1702864617,"29":0.1569930613},"val_auc":{"0":0.7295787334,"1":0.8394905329,"2":0.8567600846,"3":0.8636449575,"4":0.8689724207,"5":0.8734681606,"6":0.8768911362,"7":0.880263567,"8":0.8834686279,"9":0.886575222,"10":0.8893615007,"11":0.8922870755,"12":0.8944024444,"13":0.8971059322,"14":0.8986650109,"15":0.900849998,"16":0.9026935101,"17":0.9042810202,"18":0.905850172,"19":0.9068490863,"20":0.9075574875,"21":0.9090759158,"22":0.9101487398,"23":0.911870718,"24":0.9116275311,"25":0.9134152532,"26":0.9141634703,"27":0.9145962,"28":0.9144745469,"29":0.9161395431},"val_loss":{"0":0.1811156273,"1":0.1264726669,"2":0.1113624349,"3":0.1046573147,"4":0.1008371115,"5":0.0983998775,"6":0.0966531038,"7":0.0952766165,"8":0.0942022502,"9":0.0930837989,"10":0.0922392607,"11":0.0913955346,"12":0.0906130299,"13":0.0900017545,"14":0.0893346146,"15":0.088732928,"16":0.0882089064,"17":0.0875733942,"18":0.0871511176,"19":0.0865528286,"20":0.0861874595,"21":0.0856941044,"22":0.085357219,"23":0.0848909095,"24":0.0844907761,"25":0.0841268152,"26":0.0837837458,"27":0.0834666863,"28":0.0831819475,"29":0.0829107463}}