{"accuracy":{"0":0.7010821104,"1":0.635122478,"2":0.5380288363,"3":0.4374780357,"4":0.3594476581,"5":0.3098753989,"6":0.2767295539,"7":0.2619438469,"8":0.2538575828,"9":0.2471385747,"10":0.2489159852,"11":0.2380757183,"12":0.2411617786,"13":0.2348724604,"14":0.2323333025,"15":0.2291300446,"16":0.2253798991,"17":0.220282048,"18":0.221336782,"19":0.2110043466,"20":0.2155943662,"21":0.2124887705,"22":0.2137974203,"23":0.2101058662,"24":0.2124497145,"25":0.2074495107,"26":0.2127426863,"27":0.2077815533,"28":0.2113559246,"29":0.2113168538},"auc":{"0":0.613309145,"1":0.7954125404,"2":0.8599355221,"3":0.8776804805,"4":0.8853503466,"5":0.8894971013,"6":0.8934268951,"7":0.8971532583,"8":0.9015814066,"9":0.9055173397,"10":0.9084560871,"11":0.9119563699,"12":0.9147640467,"13":0.9170044661,"14":0.9195302725,"15":0.9210966229,"16":0.9228444099,"17":0.9240372181,"18":0.9257600307,"19":0.926728487,"20":0.9281359911,"21":0.9291639328,"22":0.9299106598,"23":0.9311391115,"24":0.9318728447,"25":0.9331095219,"26":0.9340308309,"27":0.9345968366,"28":0.935180068,"29":0.9360632896},"loss":{"0":0.6475260258,"1":0.3084031641,"2":0.2287868112,"3":0.2034953088,"4":0.1919226497,"5":0.1851111054,"6":0.1803192198,"7":0.176473245,"8":0.173109889,"9":0.1704359949,"10":0.1678938121,"11":0.1655110419,"12":0.1636060625,"13":0.1617223471,"14":0.1599872261,"15":0.1585734785,"16":0.1571995169,"17":0.1558254808,"18":0.1545570493,"19":0.1534326524,"20":0.1522354335,"21":0.1512766331,"22":0.1503908783,"23":0.1494996697,"24":0.1485753208,"25":0.1475727409,"26":0.1467777342,"27":0.1459520608,"28":0.145335868,"29":0.1443375498},"val_accuracy":{"0":0.7123607993,"1":0.6241227984,"2":0.4901281893,"3":0.378777951,"4":0.2975577712,"5":0.2517076731,"6":0.2349583656,"7":0.2215776145,"8":0.2167118937,"9":0.2129690349,"10":0.1912604123,"11":0.2045475841,"12":0.1943482757,"13":0.1982782781,"14":0.2023018599,"15":0.1786282361,"16":0.1759146601,"17":0.1744175255,"18":0.1566389054,"19":0.172078222,"20":0.1541124731,"21":0.1519603282,"22":0.1503696144,"23":0.1476560384,"24":0.1402638704,"25":0.1503696144,"26":0.1340881437,"27":0.1418545991,"28":0.1372695863,"29":0.140170306},"val_auc":{"0":0.7237466574,"1":0.7736020088,"2":0.8064920306,"3":0.8246354461,"4":0.8339291215,"5":0.8412134647,"6":0.8455258012,"7":0.8519180417,"8":0.8568638563,"9":0.8608821034,"10":0.8648523092,"11":0.8689454794,"12":0.872092247,"13":0.8763293028,"14":0.8782583475,"15":0.8814240694,"16":0.8828773499,"17":0.8873260617,"18":0.8884181976,"19":0.8899020553,"20":0.8929790258,"21":0.8948064446,"22":0.8962067366,"23":0.8967155218,"24":0.8990768194,"25":0.900097549,"26":0.9006426334,"27":0.9024951458,"28":0.9023851752,"29":0.9031718969},"val_loss":{"0":0.3727691472,"1":0.1924655885,"2":0.1452926099,"3":0.1273648739,"4":0.1185811162,"5":0.1130518317,"6":0.109433338,"7":0.1063177362,"8":0.1038163677,"9":0.1018953621,"10":0.1000096351,"11":0.0985625684,"12":0.0971432999,"13":0.095861271,"14":0.0946890116,"15":0.0936260149,"16":0.0924835727,"17":0.0916777998,"18":0.0909909979,"19":0.0902005658,"20":0.0895553529,"21":0.0888423771,"22":0.088352181,"23":0.0877125934,"24":0.0872067064,"25":0.0868060067,"26":0.0862775221,"27":0.0858419538,"28":0.0853767991,"29":0.0850245208}}