{"accuracy":{"0":0.0532353185,"1":0.1172694936,"2":0.1567785591,"3":0.177552253,"4":0.1944227517,"5":0.2160638273,"6":0.2224390656,"7":0.2220487446,"8":0.216172263,"9":0.2101223022,"10":0.198087424,"11":0.1944010705,"12":0.1830384135,"13":0.1738875806,"14":0.1743429601,"15":0.1678809971,"16":0.1696374267,"17":0.1623731405,"18":0.1637826264,"19":0.1617876589,"20":0.1593806893,"21":0.1559979171,"22":0.161917761,"23":0.1608552337,"24":0.155477494,"25":0.1620261967,"26":0.1589253098,"27":0.1592072099,"28":0.1588602662,"29":0.1634140015},"auc":{"0":0.5042276978,"1":0.7299568653,"2":0.8241251707,"3":0.8481326699,"4":0.8600943685,"5":0.8696463108,"6":0.8776720166,"7":0.8844536543,"8":0.8911679983,"9":0.8959708214,"10":0.9011882544,"11":0.904761076,"12":0.9089227915,"13":0.9122886062,"14":0.9146969318,"15":0.9172961712,"16":0.9190775156,"17":0.9208526015,"18":0.9225677252,"19":0.9240638614,"20":0.9257814288,"21":0.9267790318,"22":0.9278316498,"23":0.9293180704,"24":0.9298337698,"25":0.9309432507,"26":0.9317343235,"27":0.9327991009,"28":0.9336212277,"29":0.934129715},"loss":{"0":0.3398765326,"1":0.2029319108,"2":0.1699502319,"3":0.1561531425,"4":0.1480164975,"5":0.1424387991,"6":0.1380294412,"7":0.1347700357,"8":0.1319077462,"9":0.1296149641,"10":0.1275456101,"11":0.1258550882,"12":0.1242682636,"13":0.1228432655,"14":0.1216473579,"15":0.1205571219,"16":0.1194100231,"17":0.1185621917,"18":0.1175598055,"19":0.1167958677,"20":0.1159327179,"21":0.1151778027,"22":0.1143332049,"23":0.1137400493,"24":0.1131252348,"25":0.1124169528,"26":0.1118934005,"27":0.1112772971,"28":0.1107600629,"29":0.1102507785},"val_accuracy":{"0":0.0565172657,"1":0.1189295426,"2":0.1373631507,"3":0.1608496308,"4":0.1920089871,"5":0.2049218714,"6":0.2098811716,"7":0.2021147162,"8":0.1870496869,"9":0.1711425185,"10":0.1637503505,"11":0.1449424624,"12":0.1445681751,"13":0.1461588889,"14":0.139889583,"15":0.1437260211,"16":0.1352110058,"17":0.1298774183,"18":0.126789555,"19":0.1236081272,"20":0.1248245537,"21":0.1284738481,"22":0.1232338399,"23":0.1203331202,"24":0.1274445653,"25":0.1191166863,"26":0.1295031309,"27":0.1284738481,"28":0.1355852932,"29":0.1256666929},"val_auc":{"0":0.5367469192,"1":0.7441581488,"2":0.7973709106,"3":0.8197253942,"4":0.8341202736,"5":0.8445311189,"6":0.8526598215,"7":0.8596721888,"8":0.8656968474,"9":0.8698029518,"10":0.8728450537,"11":0.8781522512,"12":0.8813470602,"13":0.8845689297,"14":0.8864839077,"15":0.8883594275,"16":0.8896750212,"17":0.8915371895,"18":0.8933924437,"19":0.8953809142,"20":0.8962519169,"21":0.8979945183,"22":0.8987815976,"23":0.9003435969,"24":0.9011307955,"25":0.9021096826,"26":0.9037960172,"27":0.9040910006,"28":0.9049772024,"29":0.9056390524},"val_loss":{"0":0.219140321,"1":0.1442445368,"2":0.1235348582,"3":0.1142041385,"4":0.1086365059,"5":0.1048986837,"6":0.1021063179,"7":0.0998268202,"8":0.0980330408,"9":0.0964051858,"10":0.0951930434,"11":0.094036065,"12":0.092975758,"13":0.0920407921,"14":0.0912506133,"15":0.0904721841,"16":0.0897317305,"17":0.0890447944,"18":0.0884582028,"19":0.0878946781,"20":0.0873666629,"21":0.0868297964,"22":0.0863422155,"23":0.0858091041,"24":0.0854192749,"25":0.0850448608,"26":0.0846424177,"27":0.0842524841,"28":0.0838749036,"29":0.0835649148}}