{"accuracy":{"0":0.1151456535,"1":0.130453378,"2":0.1352708191,"3":0.1305659413,"4":0.1243753135,"5":0.120931074,"6":0.1217189729,"7":0.1217189729,"8":0.1227995157,"9":0.1264913827,"10":0.1251406968,"11":0.1221241802,"12":0.128674984,"13":0.1298005581,"14":0.1267840266,"15":0.1276844889,"16":0.1292827874,"17":0.1284498721,"18":0.1275494099,"19":0.1308585852,"20":0.1349106282,"21":0.1302507818,"22":0.1307685375,"23":0.1359686702,"24":0.1334924251,"25":0.1360362023,"26":0.1335149258,"27":0.1370492131,"28":0.136981681,"29":0.1378821284},"auc":{"0":0.6569317579,"1":0.7646766305,"2":0.8284540176,"3":0.8545672894,"4":0.8652145267,"5":0.8721216917,"6":0.8776718378,"7":0.8816069961,"8":0.8865183592,"9":0.8902651668,"10":0.8946486712,"11":0.8972596526,"12":0.9003962278,"13":0.9033385515,"14":0.9054628611,"15":0.9079715014,"16":0.9100013375,"17":0.9114894867,"18":0.9135472775,"19":0.9153360128,"20":0.9166468382,"21":0.9182088375,"22":0.9198495746,"23":0.9205201268,"24":0.922344625,"25":0.9229616523,"26":0.9240808487,"27":0.9251965284,"28":0.9264570475,"29":0.9271906018},"loss":{"0":0.3787861764,"1":0.1978624761,"2":0.1534702182,"3":0.1364869475,"4":0.1283583045,"5":0.1237541437,"6":0.1205448061,"7":0.1182407662,"8":0.1161642149,"9":0.1146426126,"10":0.1129707247,"11":0.1118796915,"12":0.110593982,"13":0.1095152721,"14":0.10849417,"15":0.1075989455,"16":0.1066401675,"17":0.105728671,"18":0.1049167067,"19":0.1040983051,"20":0.1035692543,"21":0.1027103961,"22":0.1021559909,"23":0.1014500558,"24":0.1007421464,"25":0.1002317369,"26":0.0997606739,"27":0.0990833193,"28":0.0987545401,"29":0.0980956629},"val_accuracy":{"0":0.1195845455,"1":0.1158416793,"2":0.113876678,"3":0.1086366624,"4":0.1052680835,"5":0.1038645133,"6":0.1053616554,"7":0.1050809398,"8":0.1058295146,"9":0.105548799,"10":0.104987368,"11":0.1117245257,"12":0.1132216752,"13":0.1089173779,"14":0.1085430905,"15":0.110601671,"16":0.1108823791,"17":0.1098530963,"18":0.1116309538,"19":0.1132216752,"20":0.1112566665,"21":0.114250958,"22":0.1179938242,"23":0.1127538159,"24":0.1116309538,"25":0.108262375,"26":0.1173388213,"27":0.1153738201,"28":0.1135959625,"29":0.1141573861},"val_auc":{"0":0.7239134312,"1":0.7908349633,"2":0.8202126026,"3":0.833160758,"4":0.8414799571,"5":0.846997261,"6":0.8524814844,"7":0.8580831289,"8":0.8629536033,"9":0.867806673,"10":0.8709765673,"11":0.8737122416,"12":0.8777983189,"13":0.8807286024,"14":0.8827311993,"15":0.88513273,"16":0.8863431215,"17":0.8888214827,"18":0.8898140192,"19":0.8922389746,"20":0.8933653831,"21":0.8961157203,"22":0.8973377943,"23":0.8985191584,"24":0.8997576237,"25":0.9003881216,"26":0.9017078876,"27":0.9036341906,"28":0.9037195444,"29":0.9049214125},"val_loss":{"0":0.2409217954,"1":0.149044469,"2":0.1233673543,"3":0.1123485267,"4":0.1066915989,"5":0.1032263488,"6":0.1008865759,"7":0.0990572423,"8":0.0975819379,"9":0.0962012783,"10":0.0951989964,"11":0.0941614285,"12":0.0932162926,"13":0.0923788771,"14":0.0915646106,"15":0.0908574387,"16":0.0900803506,"17":0.0894322023,"18":0.0888571739,"19":0.0882691145,"20":0.0877875239,"21":0.0872002468,"22":0.0866582841,"23":0.0861786753,"24":0.0857063159,"25":0.0853469595,"26":0.0849373117,"27":0.0846040919,"28":0.0842024833,"29":0.0838244706}}