{"accuracy":{"0":0.8586544394,"1":0.8466641903,"2":0.7302963734,"3":0.5247718096,"4":0.4004900157,"5":0.3316927254,"6":0.2984757423,"7":0.2781596184,"8":0.2679039836,"9":0.2598382533,"10":0.2616161704,"11":0.254265964,"12":0.2515340149,"13":0.2411482781,"14":0.2366167307,"15":0.2304156423,"16":0.2267730534,"17":0.213720426,"18":0.2090804577,"19":0.2088636458,"20":0.1960712075,"21":0.1928839386,"22":0.1878103316,"23":0.1851000637,"24":0.1793976724,"25":0.1793326288,"26":0.1772945076,"27":0.1727846265,"28":0.1710066944,"29":0.1713319272},"auc":{"0":0.6420972943,"1":0.7713165283,"2":0.8305690289,"3":0.8571932912,"4":0.8700627089,"5":0.8789458871,"6":0.8863928318,"7":0.8923472166,"8":0.8971142769,"9":0.9013925195,"10":0.9046524763,"11":0.9078274965,"12":0.9103003144,"13":0.9126496315,"14":0.9147486091,"15":0.9162564874,"16":0.9183722734,"17":0.9202713966,"18":0.9212158322,"19":0.9226454496,"20":0.9238589406,"21":0.9250062704,"22":0.9260904193,"23":0.9276109338,"24":0.9280118346,"25":0.9292507768,"26":0.9300401211,"27":0.9309114814,"28":0.9316110015,"29":0.9327210188},"loss":{"0":0.3668956757,"1":0.2028491497,"2":0.1629016548,"3":0.148959443,"4":0.1417996734,"5":0.1372987032,"6":0.1341901869,"7":0.1316778958,"8":0.1295859963,"9":0.1277400106,"10":0.1261240989,"11":0.1246025786,"12":0.1233483925,"13":0.1221749261,"14":0.1210587174,"15":0.1202150136,"16":0.119053185,"17":0.1182788908,"18":0.1174309403,"19":0.1166308373,"20":0.115883939,"21":0.1151253432,"22":0.1144809201,"23":0.1136800051,"24":0.1130806357,"25":0.1125791371,"26":0.111943163,"27":0.111419484,"28":0.1108796373,"29":0.1102773994},"val_accuracy":{"0":0.8915932775,"1":0.8476876616,"2":0.6296573281,"3":0.4452349544,"4":0.3447856009,"5":0.3001310527,"6":0.2760718763,"7":0.2668039501,"8":0.2447107136,"9":0.2580040991,"10":0.2429320216,"11":0.2433064878,"12":0.2289833277,"13":0.2287960947,"14":0.220464319,"15":0.2167197019,"16":0.1922860891,"17":0.1923796982,"18":0.1924733073,"19":0.1739374548,"20":0.1710353792,"21":0.16008237,"22":0.1651376039,"23":0.1557760686,"24":0.154839918,"25":0.1481932104,"26":0.1419209838,"27":0.1389252841,"28":0.1377082914,"29":0.1428571343},"val_auc":{"0":0.6924955845,"1":0.7567745447,"2":0.8147928715,"3":0.8342782855,"4":0.8439959288,"5":0.8511427641,"6":0.8574512005,"7":0.8635431528,"8":0.8687676191,"9":0.8733379841,"10":0.877065897,"11":0.8812787533,"12":0.8849714398,"13":0.8875691891,"14":0.8899055719,"15":0.8928841352,"16":0.8958469033,"17":0.8968737125,"18":0.8992400169,"19":0.9013723135,"20":0.9025198221,"21":0.9048354626,"22":0.9058008194,"23":0.9069694281,"24":0.909062922,"25":0.9108593464,"26":0.9113693833,"27":0.9122830629,"28":0.9131558537,"29":0.9140182734},"val_loss":{"0":0.2307659239,"1":0.1452768147,"2":0.1224616691,"3":0.1128256693,"4":0.1076071262,"5":0.1043217257,"6":0.101961948,"7":0.1000789106,"8":0.0983514935,"9":0.0970781818,"10":0.0958458111,"11":0.0947786719,"12":0.0937447026,"13":0.0928459167,"14":0.0919552892,"15":0.0912290588,"16":0.0904903114,"17":0.0897263065,"18":0.0891355425,"19":0.0884979144,"20":0.087966308,"21":0.0874667764,"22":0.0868743062,"23":0.0863989666,"24":0.0859316587,"25":0.0855571553,"26":0.0851098523,"27":0.0847150087,"28":0.0843514949,"29":0.0840537921}}