{"accuracy":{"0":0.032696601,"1":0.0628997609,"2":0.1060688198,"3":0.1661715955,"4":0.2192493677,"5":0.2520326972,"6":0.2666464448,"7":0.2791570127,"8":0.2905617952,"9":0.2963292301,"10":0.2998850942,"11":0.3005138636,"12":0.288285166,"13":0.2858784497,"14":0.2889572978,"15":0.2850545347,"16":0.2679907084,"17":0.2715249062,"18":0.2578868568,"19":0.2629387975,"20":0.2454196513,"21":0.2519893348,"22":0.2365083098,"23":0.2396088541,"24":0.2307625562,"25":0.2272066921,"26":0.2225667238,"27":0.2158886492,"28":0.2205936611,"29":0.2135469764},"auc":{"0":0.4569218159,"1":0.5886310339,"2":0.6966101527,"3":0.7883505225,"4":0.8436364532,"5":0.8634773493,"6":0.8710026741,"7":0.8755893707,"8":0.8801609278,"9":0.8848357201,"10":0.889819324,"11":0.8936471939,"12":0.8981520534,"13":0.9016139507,"14":0.9045587182,"15":0.9076442122,"16":0.9099838734,"17":0.9123007655,"18":0.914239347,"19":0.9166013002,"20":0.9180934429,"21":0.919944942,"22":0.9213156104,"23":0.9228180647,"24":0.9241912365,"25":0.9255845547,"26":0.9268159866,"27":0.927452445,"28":0.9288575649,"29":0.9299361706},"loss":{"0":0.8654559255,"1":0.3941305578,"2":0.2426600754,"3":0.1900590658,"4":0.1672376543,"5":0.1553362459,"6":0.1477407366,"7":0.1426924765,"8":0.1386032254,"9":0.1354220361,"10":0.1328456551,"11":0.1307288706,"12":0.1287852675,"13":0.1269157678,"14":0.1252609044,"15":0.1239248514,"16":0.1226145327,"17":0.1213177368,"18":0.1202663034,"19":0.1190453023,"20":0.1181492284,"21":0.1172346845,"22":0.1164035872,"23":0.1156390011,"24":0.1147866398,"25":0.1140186414,"26":0.1133157611,"27":0.1126750857,"28":0.112083517,"29":0.1114754304},"val_accuracy":{"0":0.0267740116,"1":0.0529863313,"2":0.0995131955,"3":0.1791799217,"4":0.2195281684,"5":0.2438681871,"6":0.2621231973,"7":0.2808462679,"8":0.2871184945,"9":0.2869312763,"10":0.2949821949,"11":0.2903950512,"12":0.2870248854,"13":0.2905822694,"14":0.2739187181,"15":0.2642763555,"16":0.2606253326,"17":0.2488297969,"18":0.2527616322,"19":0.233102411,"20":0.2274854779,"21":0.2229919434,"22":0.224115327,"23":0.2042688578,"24":0.2052986324,"25":0.1980902404,"26":0.1957498491,"27":0.1989327818,"28":0.1803033054,"29":0.1940647811},"val_auc":{"0":0.4365186691,"1":0.5293755531,"2":0.6607834101,"3":0.770103395,"4":0.8177360296,"5":0.8334431648,"6":0.8412054777,"7":0.8474707007,"8":0.853038311,"9":0.856317997,"10":0.861818552,"11":0.8654930592,"12":0.868470788,"13":0.8720382452,"14":0.8757539988,"15":0.8796917796,"16":0.8834271431,"17":0.8863471746,"18":0.8886516094,"19":0.8905953765,"20":0.891993165,"21":0.8943350315,"22":0.8964844942,"23":0.8988551497,"24":0.900860846,"25":0.9022982121,"26":0.9045210481,"27":0.9055598378,"28":0.9071464539,"29":0.907915473},"val_loss":{"0":0.5504818559,"1":0.2706792951,"2":0.1803636402,"3":0.1449692845,"4":0.1276300699,"5":0.1179323867,"6":0.1117395535,"7":0.1074809209,"8":0.1043729484,"9":0.1018206701,"10":0.0998585522,"11":0.0982748941,"12":0.0968018025,"13":0.0955731273,"14":0.0944882408,"15":0.0933423862,"16":0.0924151987,"17":0.0916390419,"18":0.0907968059,"19":0.0899948999,"20":0.0892555267,"21":0.0885363445,"22":0.0880012363,"23":0.0873343945,"24":0.0869160742,"25":0.0862652659,"26":0.0858529955,"27":0.0853273943,"28":0.0849393308,"29":0.0844952315}}