{"accuracy":{"0":0.0648945197,"1":0.0935582519,"2":0.1117061675,"3":0.1230242178,"4":0.1306996793,"5":0.1338002235,"6":0.1352529228,"7":0.1347542405,"8":0.1361202002,"9":0.1370958984,"10":0.1380065531,"11":0.1380715966,"12":0.140001297,"13":0.1416491419,"14":0.1414973736,"15":0.1396543831,"16":0.140239805,"17":0.1423429698,"18":0.1439474374,"19":0.1448580921,"20":0.1447930485,"21":0.146028921,"22":0.1489126384,"23":0.1503002942,"24":0.1519264579,"25":0.1503436565,"26":0.1530322433,"27":0.1546583921,"28":0.155959323,"29":0.1568699777},"auc":{"0":0.6171286106,"1":0.7460500598,"2":0.8207256198,"3":0.8521185517,"4":0.8679018021,"5":0.8778614402,"6":0.8849551678,"7":0.8903775811,"8":0.8945936561,"9":0.8981228471,"10":0.901296854,"11":0.904420495,"12":0.9067831039,"13":0.9089072943,"14":0.9108741879,"15":0.9132829905,"16":0.9153453708,"17":0.9170764685,"18":0.9191586971,"19":0.9202606678,"20":0.9217666388,"21":0.9235106707,"22":0.9244714975,"23":0.9257381558,"24":0.9264169931,"25":0.9277585745,"26":0.9286224246,"27":0.9296753407,"28":0.9304797649,"29":0.9311739802},"loss":{"0":0.4241813421,"1":0.2238701284,"2":0.1742470562,"3":0.1558424234,"4":0.1462847441,"5":0.1404588223,"6":0.1364126652,"7":0.1333855093,"8":0.1308133453,"9":0.128793478,"10":0.1270437986,"11":0.1254740804,"12":0.1240905598,"13":0.1229387075,"14":0.1216667816,"15":0.120493874,"16":0.1196467578,"17":0.1185769513,"18":0.117592968,"19":0.1167015359,"20":0.1159896627,"21":0.1152764186,"22":0.1145158932,"23":0.113755241,"24":0.1131861508,"25":0.1124555171,"26":0.1118660048,"27":0.1112619117,"28":0.110683687,"29":0.1101467162},"val_accuracy":{"0":0.0748923421,"1":0.0824751928,"2":0.0910878107,"3":0.0973600447,"4":0.1016663536,"5":0.1037258878,"6":0.1026025042,"7":0.1039131209,"8":0.103164196,"9":0.1068151966,"10":0.1044748127,"11":0.1056918129,"12":0.1091555879,"13":0.1062535048,"14":0.1059726626,"15":0.1070960462,"16":0.1093428135,"17":0.1114023551,"18":0.1083130464,"19":0.1099981219,"20":0.1118704304,"21":0.1184235141,"22":0.1168320477,"23":0.1140235886,"24":0.1147725135,"25":0.1175809726,"26":0.1173001304,"27":0.1205766648,"28":0.1179554388,"29":0.1183298975},"val_auc":{"0":0.6928033233,"1":0.7367334366,"2":0.7756588459,"3":0.8009929061,"4":0.8178142309,"5":0.8296009898,"6":0.8408389688,"7":0.8491264582,"8":0.8543353081,"9":0.8606498837,"10":0.8667062521,"11":0.8716089129,"12":0.8751080036,"13":0.8797717094,"14":0.8830988407,"15":0.8855202794,"16":0.8871998787,"17":0.8910443187,"18":0.8930788636,"19":0.8958827257,"20":0.8974986672,"21":0.8995675445,"22":0.9024261832,"23":0.9014738798,"24":0.9053220153,"25":0.9071192741,"26":0.9080611467,"27":0.9099199772,"28":0.9104432464,"29":0.9116866589},"val_loss":{"0":0.2622259259,"1":0.1588635892,"2":0.1313681155,"3":0.1196354926,"4":0.1135058701,"5":0.1094920039,"6":0.1064725518,"7":0.1040740237,"8":0.1020636708,"9":0.1005272567,"10":0.0989921764,"11":0.0977138057,"12":0.0966279507,"13":0.0955577791,"14":0.0945797563,"15":0.0936883613,"16":0.0929624811,"17":0.0921436772,"18":0.0913765505,"19":0.0907207951,"20":0.0901363268,"21":0.0894954875,"22":0.0888177752,"23":0.0884269774,"24":0.0878264681,"25":0.087338537,"26":0.0868265629,"27":0.0864121094,"28":0.0860611126,"29":0.0856201947}}