{"accuracy":{"0":0.2760210037,"1":0.3548841178,"2":0.4186315536,"3":0.4300772548,"4":0.4136041701,"5":0.3794513643,"6":0.3388299644,"7":0.3174970448,"8":0.2926784456,"9":0.2781157494,"10":0.2665527165,"11":0.2587434947,"12":0.2526100576,"13":0.2510012984,"14":0.2485546321,"15":0.2421195656,"16":0.2443316132,"17":0.2411811054,"18":0.2430580109,"19":0.2416670918,"20":0.2443818897,"21":0.2427898794,"22":0.243912667,"23":0.2446165085,"24":0.246292308,"25":0.2465771884,"26":0.2497276962,"27":0.2498617619,"28":0.2511688769,"29":0.2514370084},"auc":{"0":0.5929495096,"1":0.7883837223,"2":0.8345965147,"3":0.8523757458,"4":0.8644020557,"5":0.8763188124,"6":0.8858038187,"7":0.8938845396,"8":0.8996616602,"9":0.904689014,"10":0.9083496332,"11":0.9113574028,"12":0.9140194654,"13":0.9157226086,"14":0.9179314971,"15":0.9193809032,"16":0.9208897352,"17":0.922272563,"18":0.9234566689,"19":0.9248891473,"20":0.9258913994,"21":0.9269647598,"22":0.927895844,"23":0.9288697839,"24":0.9298269153,"25":0.9305958748,"26":0.9315010309,"27":0.9321378469,"28":0.9329599142,"29":0.9337673187},"loss":{"0":0.5711129308,"1":0.3173091412,"2":0.2711525857,"3":0.253398478,"4":0.2425953746,"5":0.2345910668,"6":0.2282021046,"7":0.2230347991,"8":0.218801111,"9":0.2150472403,"10":0.2118661702,"11":0.2089890838,"12":0.2064129114,"13":0.2043601722,"14":0.2021533698,"15":0.2003306001,"16":0.1984862089,"17":0.1968981922,"18":0.1954111606,"19":0.1939843297,"20":0.192597881,"21":0.1913389564,"22":0.190087378,"23":0.1889913827,"24":0.1877727211,"25":0.1868059635,"26":0.1855899841,"27":0.1847324967,"28":0.183773011,"29":0.1826608181},"val_accuracy":{"0":0.2976034284,"1":0.3977719247,"2":0.4534731209,"3":0.448230654,"4":0.3996442556,"5":0.3420707583,"6":0.2942332923,"7":0.2547275722,"8":0.2203707099,"9":0.1919116229,"10":0.1813330799,"11":0.1610185355,"12":0.1539037526,"13":0.1466953754,"14":0.1335892081,"15":0.1362104416,"16":0.1268489063,"17":0.1392997503,"18":0.1304062903,"19":0.1381763667,"20":0.1214192063,"21":0.1221681312,"22":0.1190788224,"23":0.1224489734,"24":0.1289084405,"25":0.1267552823,"26":0.126287207,"27":0.1310615987,"28":0.1192660481,"29":0.1243212819},"val_auc":{"0":0.6379048824,"1":0.7082233429,"2":0.749786377,"3":0.7854847312,"4":0.8112745285,"5":0.830704093,"6":0.8430855274,"7":0.8537915945,"8":0.8609393835,"9":0.8669014573,"10":0.8716088533,"11":0.875510931,"12":0.8791190982,"13":0.882784605,"14":0.8856345415,"15":0.8873420954,"16":0.8886897564,"17":0.8914296031,"18":0.8956829309,"19":0.8957215548,"20":0.8986489177,"21":0.8998287916,"22":0.9012824297,"23":0.9021245241,"24":0.9032453299,"25":0.9043387175,"26":0.9054423571,"27":0.906734705,"28":0.9082428217,"29":0.9086338282},"val_loss":{"0":0.2913577259,"1":0.1772038043,"2":0.1483346224,"3":0.1349749267,"4":0.1264178157,"5":0.1200882792,"6":0.1152482107,"7":0.1111135632,"8":0.1080483571,"9":0.1054625884,"10":0.1028898507,"11":0.1013923138,"12":0.099343814,"13":0.0980261937,"14":0.0964973345,"15":0.0954139307,"16":0.0943720415,"17":0.0937473699,"18":0.0927811339,"19":0.0921212882,"20":0.0913220942,"21":0.090655297,"22":0.0900571123,"23":0.0894612223,"24":0.0890849009,"25":0.0884467065,"26":0.0880141631,"27":0.0878746584,"28":0.0871552601,"29":0.0869965181}}