{"accuracy":{"0":0.1442025751,"1":0.1690881997,"2":0.183315739,"3":0.1967724115,"4":0.2029058486,"5":0.2090392709,"6":0.2128600925,"7":0.2150218785,"8":0.2179042548,"9":0.2229316533,"10":0.2235684544,"11":0.2276238948,"12":0.2314447165,"13":0.2352487743,"14":0.2364553511,"15":0.2396896482,"16":0.2426893264,"17":0.2462755442,"18":0.2476832122,"19":0.2506661415,"20":0.2519732714,"21":0.2525597811,"22":0.2551740408,"23":0.2545875013,"24":0.2597824931,"25":0.2606371343,"26":0.2623799741,"27":0.2624302506,"28":0.263687104,"29":0.2677928209},"auc":{"0":0.6970790625,"1":0.820840776,"2":0.8534427881,"3":0.8670560122,"4":0.8778988719,"5":0.887481451,"6":0.8950676322,"7":0.901424408,"8":0.9058927298,"9":0.9095053673,"10":0.9126523137,"11":0.9151384234,"12":0.9172304869,"13":0.9190930128,"14":0.9207298756,"15":0.9222923517,"16":0.923505187,"17":0.9248709679,"18":0.9261254072,"19":0.9270848036,"20":0.9284079075,"21":0.929377377,"22":0.930213213,"23":0.9311773777,"24":0.9319622517,"25":0.9328149557,"26":0.9334388971,"27":0.9343392253,"28":0.9350888729,"29":0.9358330965},"loss":{"0":0.5937790871,"1":0.3101899326,"2":0.2603549659,"3":0.2439029217,"4":0.2343724221,"5":0.2276678532,"6":0.2220825255,"7":0.2173567712,"8":0.2136342227,"9":0.2103324831,"10":0.2073172629,"11":0.2048143893,"12":0.2025830299,"13":0.2003668249,"14":0.1984573454,"15":0.1967363358,"16":0.1951642334,"17":0.1936289072,"18":0.1921833903,"19":0.1908766925,"20":0.1894740462,"21":0.1881821305,"22":0.1870405376,"23":0.1860069931,"24":0.1850401163,"25":0.1838967949,"26":0.1829320937,"27":0.1819298267,"28":0.1807738096,"29":0.1800029725},"val_accuracy":{"0":0.0754540339,"1":0.0821943432,"2":0.09782812,"3":0.1038195044,"4":0.1052237377,"5":0.1055981964,"6":0.1027897373,"7":0.1043811962,"8":0.1091555879,"9":0.1079385877,"10":0.1128065884,"11":0.1157086641,"12":0.1097172797,"13":0.1104662046,"14":0.1133682802,"15":0.1231978983,"16":0.1256318986,"17":0.1207638979,"18":0.1253510565,"19":0.1259127408,"20":0.1223553568,"21":0.1253510565,"22":0.1290020496,"23":0.1365849078,"24":0.1372402161,"25":0.1346189827,"26":0.1346189827,"27":0.1392061412,"28":0.1330275238,"29":0.1345253587},"val_auc":{"0":0.7309657335,"1":0.7794784904,"2":0.8047869205,"3":0.8221104145,"4":0.834194243,"5":0.843817234,"6":0.8508881927,"7":0.8570417166,"8":0.8627390862,"9":0.8685127497,"10":0.8720427752,"11":0.8756147623,"12":0.8792284727,"13":0.882783711,"14":0.8854387999,"15":0.8893003464,"16":0.8912795782,"17":0.894153595,"18":0.8962885737,"19":0.8984859586,"20":0.8989573717,"21":0.9001626968,"22":0.9021648169,"23":0.9031791687,"24":0.9037657976,"25":0.9059789181,"26":0.9074319005,"27":0.9070658684,"28":0.9086006284,"29":0.9087349176},"val_loss":{"0":0.3084278703,"1":0.1731224656,"2":0.1410436034,"3":0.1280910224,"4":0.1204298064,"5":0.1147372127,"6":0.1104681864,"7":0.107276246,"8":0.1044674069,"9":0.1020670831,"10":0.1000541449,"11":0.098367244,"12":0.096848622,"13":0.09555085,"14":0.0945085809,"15":0.093202278,"16":0.0923606008,"17":0.0914601386,"18":0.0907710865,"19":0.0900717899,"20":0.0893675983,"21":0.0887663364,"22":0.0880769715,"23":0.0877322778,"24":0.0871238336,"25":0.086622104,"26":0.0862695426,"27":0.0858509466,"28":0.0852920189,"29":0.0850050002}}