{"accuracy":{"0":0.1846962124,"1":0.2488916665,"2":0.2941038609,"3":0.3046501279,"4":0.2989668548,"5":0.2951389551,"6":0.2817998827,"7":0.2758432031,"8":0.2682264745,"9":0.2593012154,"10":0.256254524,"11":0.2462746352,"12":0.237173602,"13":0.2338925451,"14":0.2290100157,"15":0.2220768332,"16":0.2168427557,"17":0.2138351202,"18":0.2126437873,"19":0.2071753591,"20":0.2050856352,"21":0.2107493728,"22":0.2062769681,"23":0.2011991441,"24":0.2058668435,"25":0.1996953338,"26":0.2032498121,"27":0.2005741894,"28":0.2041677237,"29":0.2057691962},"auc":{"0":0.5440010428,"1":0.7876632214,"2":0.8591064215,"3":0.8784738183,"4":0.886354506,"5":0.8905550241,"6":0.8947019577,"7":0.8984723091,"8":0.9026269913,"9":0.9064364433,"10":0.9098773599,"11":0.9126736522,"12":0.9151486158,"13":0.9173430204,"14":0.9194980264,"15":0.9215689898,"16":0.9229920506,"17":0.9242800474,"18":0.9260553718,"19":0.9272589684,"20":0.928065598,"21":0.9295005798,"22":0.9302767515,"23":0.9312831759,"24":0.932167232,"25":0.9327769279,"26":0.9337422848,"27":0.9343496561,"28":0.9350401163,"29":0.9359167218},"loss":{"0":0.5810425878,"1":0.2907065451,"2":0.2230882496,"3":0.2006933838,"4":0.1900595427,"5":0.1836099029,"6":0.1791069359,"7":0.1754221767,"8":0.1723323911,"9":0.1698509008,"10":0.1673848927,"11":0.1652943641,"12":0.163435787,"13":0.161703527,"14":0.1600177884,"15":0.158571288,"16":0.1570345014,"17":0.1558130383,"18":0.1543661207,"19":0.1531940848,"20":0.152326718,"21":0.1512381285,"22":0.150267154,"23":0.1493137926,"24":0.1483583599,"25":0.1476789266,"26":0.1468696594,"27":0.1460934877,"28":0.1453104019,"29":0.144524917},"val_accuracy":{"0":0.1804905385,"1":0.241808638,"2":0.2868376672,"3":0.2865568101,"4":0.270454973,"5":0.2666167319,"6":0.2557573318,"7":0.2452724129,"8":0.2331960201,"9":0.2266429365,"10":0.2114772499,"11":0.2035199404,"12":0.2008987069,"13":0.1891031563,"14":0.1748736203,"15":0.1675716043,"16":0.1659801453,"17":0.165324837,"18":0.1573675275,"19":0.1537165344,"20":0.1449166834,"21":0.1396742165,"22":0.1336828321,"23":0.1464145184,"24":0.1341509074,"25":0.1375210583,"26":0.1363976747,"27":0.1512825191,"28":0.1423890591,"29":0.1385508329},"val_auc":{"0":0.7010453939,"1":0.7808775902,"2":0.8186133504,"3":0.8355304003,"4":0.8438367844,"5":0.8493391275,"6":0.8550752401,"7":0.859541893,"8":0.8652487993,"9":0.8703461885,"10":0.8739947081,"11":0.8780088425,"12":0.8822454214,"13":0.8862992525,"14":0.8889098763,"15":0.8905601501,"16":0.8923120499,"17":0.8951770663,"18":0.8964835405,"19":0.8991388083,"20":0.9007969499,"21":0.9018670321,"22":0.9032313824,"23":0.9047803283,"24":0.9062883854,"25":0.9079706073,"26":0.9080857038,"27":0.9090794325,"28":0.9104393721,"29":0.9111043215},"val_loss":{"0":0.3235761523,"1":0.1793088913,"2":0.1410267651,"3":0.1258036792,"4":0.1175199971,"5":0.112476714,"6":0.1090488657,"7":0.1063575223,"8":0.1040471345,"9":0.1022543311,"10":0.100607954,"11":0.0989335403,"12":0.0977284908,"13":0.0963654593,"14":0.0953012407,"15":0.0942406356,"16":0.0934121236,"17":0.0925286412,"18":0.0917205364,"19":0.0910493582,"20":0.0902792066,"21":0.0895870849,"22":0.0890512839,"23":0.0885226205,"24":0.087993063,"25":0.0873673931,"26":0.0870923325,"27":0.0866495371,"28":0.0861449316,"29":0.0858360454}}