{"accuracy":{"0":0.0036464313,"1":0.0074054068,"2":0.0295090824,"3":0.0734913498,"4":0.1019200087,"5":0.1174060851,"6":0.1296734065,"7":0.1366286278,"8":0.1429085881,"9":0.1458797604,"10":0.1538929045,"11":0.1495712101,"12":0.1569090933,"13":0.1513944268,"14":0.151304394,"15":0.1480406076,"16":0.1502689868,"17":0.1489409655,"18":0.1439439952,"19":0.1468926519,"20":0.1449794024,"21":0.1464649886,"22":0.1421658099,"23":0.1416480988,"24":0.1425034404,"25":0.1445517391,"26":0.1422783434,"27":0.1440790594,"28":0.1422558427,"29":0.1446417719},"auc":{"0":0.3426455259,"1":0.4918447733,"2":0.6604912877,"3":0.7785537243,"4":0.8278787732,"5":0.852175951,"6":0.8662305474,"7":0.8747811317,"8":0.8818697929,"9":0.8872854114,"10":0.8913896084,"11":0.8953928947,"12":0.8984388113,"13":0.9011981487,"14":0.9030513167,"15":0.9060735703,"16":0.9079012871,"17":0.9100465178,"18":0.9123585224,"19":0.9134070277,"20":0.915324688,"21":0.9167687893,"22":0.9181619883,"23":0.9198175669,"24":0.9210282564,"25":0.9220895767,"26":0.9230169058,"27":0.9244334698,"28":0.9254923463,"29":0.9260848761},"loss":{"0":0.5291777849,"1":0.2672274709,"2":0.1871965528,"3":0.1556207538,"4":0.1399517506,"5":0.1307335943,"6":0.1249785945,"7":0.1208669171,"8":0.1178154275,"9":0.1155069694,"10":0.1136210188,"11":0.1119994,"12":0.1108132899,"13":0.1095979437,"14":0.1084274873,"15":0.1072959006,"16":0.1065570712,"17":0.1055137068,"18":0.1046732515,"19":0.1039444953,"20":0.1031026319,"21":0.1025222018,"22":0.1017929465,"23":0.101109162,"24":0.1005244777,"25":0.1000292301,"26":0.0994088277,"27":0.098781772,"28":0.0982994139,"29":0.0977505744},"val_accuracy":{"0":0.0023403857,"1":0.0049616173,"2":0.0386631712,"3":0.0819134936,"4":0.1016663536,"5":0.1161767393,"6":0.1252574325,"7":0.1319977492,"8":0.1360232085,"9":0.1424826831,"10":0.1430443674,"11":0.149410218,"12":0.1417337507,"13":0.1397678256,"14":0.1376146674,"15":0.14575921,"16":0.1445422173,"17":0.1373338252,"18":0.1350870579,"19":0.1366785169,"20":0.135274291,"21":0.1267552823,"22":0.1294701397,"23":0.1356487572,"24":0.1325594485,"25":0.1308743656,"26":0.1315296739,"27":0.1279722899,"28":0.1306871325,"29":0.1263808161},"val_auc":{"0":0.3392238915,"1":0.5325144529,"2":0.682202816,"3":0.7702441216,"4":0.8052200675,"5":0.8264250159,"6":0.8414236307,"7":0.8527038097,"8":0.8615224361,"9":0.8675681353,"10":0.8730099797,"11":0.8776139021,"12":0.8823996186,"13":0.8863007426,"14":0.8887836337,"15":0.8906936646,"16":0.8937157393,"17":0.8968247175,"18":0.8987423182,"19":0.9008926153,"20":0.9019141197,"21":0.9030900002,"22":0.9049150944,"23":0.9062273502,"24":0.9075321555,"25":0.9084929228,"26":0.9098836184,"27":0.9105933905,"28":0.9112120867,"29":0.9119901657},"val_loss":{"0":0.3570045233,"1":0.1975673139,"2":0.1496574283,"3":0.1290021539,"4":0.1180711836,"5":0.1112893894,"6":0.1067551374,"7":0.1035247967,"8":0.1009909287,"9":0.099047564,"10":0.0973891914,"11":0.0960971341,"12":0.0948515534,"13":0.0936639234,"14":0.092776604,"15":0.0919606537,"16":0.0911222994,"17":0.0903284699,"18":0.0896569341,"19":0.0890062228,"20":0.0884586349,"21":0.0878823772,"22":0.0872906521,"23":0.0868840814,"24":0.0863529965,"25":0.0859803557,"26":0.0854468718,"27":0.0850458741,"28":0.0847237259,"29":0.0843644515}}