{"accuracy":{"0":0.1634240001,"1":0.2420525253,"2":0.2678765953,"3":0.2623799741,"4":0.2480518967,"5":0.239052847,"6":0.2358353138,"7":0.2337740809,"8":0.2340254486,"9":0.2342768162,"10":0.2368743122,"11":0.2366732061,"12":0.2390863597,"13":0.238952294,"14":0.2407621592,"15":0.239170149,"16":0.2421195656,"17":0.2420692891,"18":0.2451695204,"19":0.245756045,"20":0.247046411,"21":0.2481691986,"22":0.2492752224,"23":0.2500628531,"24":0.2534144521,"25":0.254068017,"26":0.2549059093,"27":0.2552075684,"28":0.2569001019,"29":0.259581387},"auc":{"0":0.6981643438,"1":0.8534808159,"2":0.8740318418,"3":0.8853216171,"4":0.8936030269,"5":0.8999927044,"6":0.9050664306,"7":0.9092504978,"8":0.9123641253,"9":0.9150335193,"10":0.9170950055,"11":0.9188751578,"12":0.9207911491,"13":0.9221253395,"14":0.9233584404,"15":0.9245040417,"16":0.9257600307,"17":0.9268430471,"18":0.9276551008,"19":0.9285128713,"20":0.9294275641,"21":0.930267334,"22":0.9311548471,"23":0.9317266941,"24":0.9325506091,"25":0.9332799911,"26":0.9339004159,"27":0.934476614,"28":0.9352906942,"29":0.9359284639},"loss":{"0":0.3501105905,"1":0.2613916099,"2":0.2406046391,"3":0.2303370982,"4":0.2235511839,"5":0.2183552086,"6":0.21428895,"7":0.2109106481,"8":0.2080135047,"9":0.2054391205,"10":0.2031819075,"11":0.2011846602,"12":0.1990914047,"13":0.1974664629,"14":0.1959956288,"15":0.1946077794,"16":0.1931628287,"17":0.1918155402,"18":0.1905734092,"19":0.189596504,"20":0.1884574145,"21":0.1874751747,"22":0.186300844,"23":0.1854212731,"24":0.1844969392,"25":0.183507517,"26":0.1826235801,"27":0.1818674505,"28":0.1807367951,"29":0.1799578816},"val_accuracy":{"0":0.1038195044,"1":0.1962179244,"2":0.2254259437,"3":0.1909754723,"4":0.160175994,"5":0.1413592845,"6":0.1399550587,"7":0.133401975,"8":0.1285339743,"9":0.1289084405,"10":0.1273169816,"11":0.1273169816,"12":0.119172439,"13":0.1218872815,"14":0.1177682057,"15":0.1279722899,"16":0.120951131,"17":0.1195468977,"18":0.1213255897,"19":0.1226362064,"20":0.1221681312,"21":0.1220745146,"22":0.1189852059,"23":0.126287207,"24":0.1186107397,"25":0.1208575144,"26":0.1175809726,"27":0.1238532066,"28":0.1222617477,"29":0.1308743656},"val_auc":{"0":0.6838538051,"1":0.7781898975,"2":0.812538743,"3":0.8338193893,"4":0.8487879038,"5":0.8562323451,"6":0.8651757836,"7":0.8699475527,"8":0.8756658435,"9":0.8790767193,"10":0.8817238212,"11":0.886015296,"12":0.8885416389,"13":0.8903727531,"14":0.8931998014,"15":0.8954126239,"16":0.8973281384,"17":0.8977694511,"18":0.89915061,"19":0.9003624916,"20":0.9028959274,"21":0.90389359,"22":0.904892087,"23":0.9053596258,"24":0.906041503,"25":0.9073451757,"26":0.908731699,"27":0.9089789391,"28":0.9101041555,"29":0.9112708569},"val_loss":{"0":0.1755349487,"1":0.1381529719,"2":0.1251254529,"3":0.1173187345,"4":0.1119820103,"5":0.1080822647,"6":0.105401963,"7":0.102956593,"8":0.1010099426,"9":0.0993362367,"10":0.0980983377,"11":0.0966936126,"12":0.0956185088,"13":0.0947300792,"14":0.093847163,"15":0.0931953788,"16":0.0924647897,"17":0.0916899741,"18":0.0912465155,"19":0.0906068981,"20":0.0899388492,"21":0.0895489678,"22":0.0890068039,"23":0.0887733027,"24":0.0883217305,"25":0.0880152583,"26":0.0874446779,"27":0.0872366205,"28":0.0869382545,"29":0.0865342095}}