{"accuracy":{"0":0.0949340612,"1":0.1236572713,"2":0.1606924385,"3":0.1849580258,"4":0.1914936453,"5":0.1962529123,"6":0.1986660659,"7":0.2021684945,"8":0.204916805,"9":0.2073969841,"10":0.2095252573,"11":0.2119048834,"12":0.2139661163,"13":0.21594356,"14":0.2186080813,"15":0.2204011977,"16":0.2220267206,"17":0.2251101881,"18":0.2276238948,"19":0.2288639843,"20":0.2327350825,"21":0.2318301499,"22":0.2339081466,"23":0.2372597456,"24":0.2380138487,"25":0.2393209785,"26":0.2426390648,"27":0.2438959032,"28":0.2438791543,"29":0.2466944903},"auc":{"0":0.5897293091,"1":0.7856971025,"2":0.8605229259,"3":0.8760135174,"4":0.883438468,"5":0.8898157477,"6":0.8959470987,"7":0.901059866,"8":0.9059859514,"9":0.9096308947,"10":0.9124312401,"11":0.9150317907,"12":0.9168897867,"13":0.9187743664,"14":0.9204035997,"15":0.9219219089,"16":0.9230139256,"17":0.9243711233,"18":0.9253451824,"19":0.9264566302,"20":0.9272756577,"21":0.9284334183,"22":0.9294479489,"23":0.9301587343,"24":0.9310657978,"25":0.9317638874,"26":0.9324271083,"27":0.9331455231,"28":0.9339319468,"29":0.9346678853},"loss":{"0":0.5509875417,"1":0.3078990281,"2":0.2596503198,"3":0.2423903942,"4":0.2328200191,"5":0.2263242453,"6":0.2213317156,"7":0.2171476781,"8":0.2136345506,"9":0.2106581628,"10":0.2081060708,"11":0.2057657242,"12":0.2036432177,"13":0.2015740275,"14":0.1999159157,"15":0.1982406825,"16":0.1968239397,"17":0.1952839792,"18":0.1940500438,"19":0.1927520037,"20":0.1915774345,"21":0.1903291345,"22":0.1891285777,"23":0.1880571246,"24":0.1869811416,"25":0.1860324442,"26":0.1850560457,"27":0.1841889322,"28":0.1830971092,"29":0.1821420193},"val_accuracy":{"0":0.0131997745,"1":0.0415652469,"2":0.0786369592,"3":0.0898708105,"4":0.0924920365,"5":0.0949260443,"6":0.0985770449,"7":0.0982961953,"8":0.1006365791,"9":0.099606812,"10":0.0998876616,"11":0.1007301956,"12":0.1035386622,"13":0.1038195044,"14":0.105879046,"15":0.1059726626,"16":0.1083130464,"17":0.1057854295,"18":0.1085002795,"19":0.1102789715,"20":0.1059726626,"21":0.1114023551,"22":0.1131810471,"23":0.1125257388,"24":0.1138363555,"25":0.1178618222,"26":0.1170192808,"27":0.1196405143,"28":0.1210447475,"29":0.1145852804},"val_auc":{"0":0.4334349632,"1":0.7107387185,"2":0.7983818054,"3":0.822915256,"4":0.8355066776,"5":0.844812572,"6":0.8517733812,"7":0.8587892056,"8":0.8660244346,"9":0.8708235025,"10":0.8752440214,"11":0.8778805733,"12":0.881746769,"13":0.8846490383,"14":0.886986196,"15":0.8887380362,"16":0.8917643428,"17":0.8933250904,"18":0.8943836093,"19":0.8958682418,"20":0.8981925845,"21":0.8991858959,"22":0.9001010656,"23":0.9019793272,"24":0.9013757706,"25":0.901691258,"26":0.9030659199,"27":0.9036602974,"28":0.9047893882,"29":0.9046894908},"val_loss":{"0":0.2904611826,"1":0.1701199114,"2":0.1398390383,"3":0.1264987737,"4":0.1188296601,"5":0.1137586609,"6":0.1093669087,"7":0.1067833304,"8":0.1039753556,"9":0.1018522456,"10":0.1000538617,"11":0.0986657217,"12":0.0973241702,"13":0.0960269347,"14":0.0951403305,"15":0.0941799879,"16":0.0933653787,"17":0.092547901,"18":0.0919940174,"19":0.0915224925,"20":0.0910487175,"21":0.0904653519,"22":0.089897804,"23":0.0896872431,"24":0.0890489668,"25":0.0886915475,"26":0.0884251222,"27":0.0881809369,"28":0.0879199281,"29":0.0875325054}}